{
	"credit": "Made with Blockbench",
	"texture_size": [256, 256],
	"textures": {
		"0": "furniture/livingroom/couch/traditional/traditional_red"
	},
	"elements": [
		{
			"from": [-4, 3, 3.5],
			"to": [20, 5, 15],
			"rotation": {"angle": 0, "axis": "y", "origin": [-4, 3, 3.5]},
			"faces": {
				"north": {"uv": [1.4375, 1.4375, 4.4375, 1.6875], "texture": "#0"},
				"east": {"uv": [0, 1.4375, 1.4375, 1.6875], "texture": "#0"},
				"south": {"uv": [5.875, 1.4375, 8.875, 1.6875], "texture": "#0"},
				"west": {"uv": [4.4375, 1.4375, 5.875, 1.6875], "texture": "#0"},
				"up": {"uv": [4.4375, 1.4375, 1.4375, 0], "texture": "#0"},
				"down": {"uv": [7.4375, 0, 4.4375, 1.4375], "texture": "#0"}
			}
		},
		{
			"from": [-3.5, 2.5, 4],
			"to": [19.5, 3, 14.5],
			"rotation": {"angle": 0, "axis": "y", "origin": [-3.5, 2.5, 4]},
			"faces": {
				"north": {"uv": [1.3125, 3, 4.1875, 3.0625], "texture": "#0"},
				"east": {"uv": [0, 3, 1.3125, 3.0625], "texture": "#0"},
				"south": {"uv": [5.5, 3, 8.375, 3.0625], "texture": "#0"},
				"west": {"uv": [4.1875, 3, 5.5, 3.0625], "texture": "#0"},
				"up": {"uv": [4.1875, 3, 1.3125, 1.6875], "texture": "#0"},
				"down": {"uv": [7.0625, 1.6875, 4.1875, 3], "texture": "#0"}
			}
		},
		{
			"from": [18, 0.5, 13],
			"to": [19, 3, 14],
			"rotation": {"angle": -22.5, "axis": "x", "origin": [19, 0.5, 14]},
			"faces": {
				"north": {"uv": [0.875, 0.875, 1, 1.1875], "texture": "#0"},
				"east": {"uv": [0.75, 0.875, 0.875, 1.1875], "texture": "#0"},
				"south": {"uv": [1.125, 0.875, 1.25, 1.1875], "texture": "#0"},
				"west": {"uv": [1, 0.875, 1.125, 1.1875], "texture": "#0"},
				"up": {"uv": [1, 0.875, 0.875, 0.75], "texture": "#0"},
				"down": {"uv": [1.125, 0.75, 1, 0.875], "texture": "#0"}
			}
		},
		{
			"from": [-3, 0.5, 13],
			"to": [-2, 3, 14],
			"rotation": {"angle": -22.5, "axis": "x", "origin": [-3, 0.5, 14]},
			"faces": {
				"north": {"uv": [0.125, 0.8125, 0.25, 1.125], "texture": "#0"},
				"east": {"uv": [0, 0.8125, 0.125, 1.125], "texture": "#0"},
				"south": {"uv": [0.375, 0.8125, 0.5, 1.125], "texture": "#0"},
				"west": {"uv": [0.25, 0.8125, 0.375, 1.125], "texture": "#0"},
				"up": {"uv": [0.25, 0.8125, 0.125, 0.6875], "texture": "#0"},
				"down": {"uv": [0.375, 0.6875, 0.25, 0.8125], "texture": "#0"}
			}
		},
		{
			"from": [-3, 0.5, 4],
			"to": [-2, 3, 5],
			"rotation": {"angle": 22.5, "axis": "x", "origin": [-3, 0.5, 4]},
			"faces": {
				"north": {"uv": [0.5, 0.5, 0.625, 0.8125], "texture": "#0"},
				"east": {"uv": [0.375, 0.5, 0.5, 0.8125], "texture": "#0"},
				"south": {"uv": [0.75, 0.5, 0.875, 0.8125], "texture": "#0"},
				"west": {"uv": [0.625, 0.5, 0.75, 0.8125], "texture": "#0"},
				"up": {"uv": [0.625, 0.5, 0.5, 0.375], "texture": "#0"},
				"down": {"uv": [0.75, 0.375, 0.625, 0.5], "texture": "#0"}
			}
		},
		{
			"from": [18, 0.5, 4],
			"to": [19, 3, 5],
			"rotation": {"angle": 22.5, "axis": "x", "origin": [19, 0.5, 4]},
			"faces": {
				"north": {"uv": [0.125, 0.125, 0.25, 0.4375], "texture": "#0"},
				"east": {"uv": [0, 0.125, 0.125, 0.4375], "texture": "#0"},
				"south": {"uv": [0.375, 0.125, 0.5, 0.4375], "texture": "#0"},
				"west": {"uv": [0.25, 0.125, 0.375, 0.4375], "texture": "#0"},
				"up": {"uv": [0.25, 0.125, 0.125, 0], "texture": "#0"},
				"down": {"uv": [0.375, 0, 0.25, 0.125], "texture": "#0"}
			}
		},
		{
			"from": [-3, 5, 4.5],
			"to": [-1, 9, 14.5],
			"rotation": {"angle": 22.5, "axis": "z", "origin": [-1, 5, 9]},
			"faces": {
				"north": {"uv": [1.25, 6.625, 1.5, 7.125], "texture": "#0"},
				"east": {"uv": [0, 6.625, 1.25, 7.125], "texture": "#0"},
				"south": {"uv": [2.75, 6.625, 3, 7.125], "texture": "#0"},
				"west": {"uv": [1.5, 6.625, 2.75, 7.125], "texture": "#0"},
				"up": {"uv": [1.5, 6.625, 1.25, 5.375], "texture": "#0"},
				"down": {"uv": [1.75, 5.375, 1.5, 6.625], "texture": "#0"}
			}
		},
		{
			"from": [17, 5, 4.5],
			"to": [19, 9, 14.5],
			"rotation": {"angle": -22.5, "axis": "z", "origin": [17, 5, 9]},
			"faces": {
				"north": {"uv": [5.875, 5.875, 6.125, 6.375], "texture": "#0"},
				"east": {"uv": [4.625, 5.875, 5.875, 6.375], "texture": "#0"},
				"south": {"uv": [7.375, 5.875, 7.625, 6.375], "texture": "#0"},
				"west": {"uv": [6.125, 5.875, 7.375, 6.375], "texture": "#0"},
				"up": {"uv": [6.125, 5.875, 5.875, 4.625], "texture": "#0"},
				"down": {"uv": [6.375, 4.625, 6.125, 5.875], "texture": "#0"}
			}
		},
		{
			"from": [-2.5, 5, 4],
			"to": [18.5, 10.5, 6.5],
			"rotation": {"angle": 0, "axis": "x", "origin": [8, 5, 6.5]},
			"faces": {
				"north": {"uv": [0.3125, 4.6875, 2.9375, 5.375], "texture": "#0"},
				"east": {"uv": [0, 4.6875, 0.3125, 5.375], "texture": "#0"},
				"south": {"uv": [3.25, 4.6875, 5.875, 5.375], "texture": "#0"},
				"west": {"uv": [2.9375, 4.6875, 3.25, 5.375], "texture": "#0"},
				"up": {"uv": [2.9375, 4.6875, 0.3125, 4.375], "texture": "#0"},
				"down": {"uv": [5.5625, 4.375, 2.9375, 4.6875], "texture": "#0"}
			}
		},
		{
			"from": [-1.75, 4, 6.5],
			"to": [17.75, 5.5, 15.5],
			"rotation": {"angle": 0, "axis": "y", "origin": [7.25, 5, 9]},
			"faces": {
				"north": {"uv": [1.125, 4.1875, 3.5625, 4.375], "texture": "#0"},
				"east": {"uv": [0, 4.1875, 1.125, 4.375], "texture": "#0"},
				"south": {"uv": [4.6875, 4.1875, 7.125, 4.375], "texture": "#0"},
				"west": {"uv": [3.5625, 4.1875, 4.6875, 4.375], "texture": "#0"},
				"up": {"uv": [3.5625, 4.1875, 1.125, 3.0625], "texture": "#0"},
				"down": {"uv": [6, 3.0625, 3.5625, 4.1875], "texture": "#0"}
			}
		}
	],
	"gui_light": "front",
	"display": {
		"firstperson_righthand": {
			"rotation": [0, -72, 0],
			"translation": [8, 2.25, 0]
		},
		"gui": {
			"rotation": [25, 29, 0],
			"translation": [0, 1.25, 0],
			"scale": [0.7, 0.7, 0.7]
		},
		"head": {
			"rotation": [0, -180, 0],
			"translation": [0, -15.75, 4],
			"scale": [3.5, 3.5, 3.5]
		}
	},
	"groups": [
		{
			"name": "couch",
			"origin": [-1.5, 5, 0],
			"children": [0, 1, 2, 3, 4, 5, 6, 7, 8, 9]
		}
	]
}