{
	"credit": "Made with Blockbench",
	"texture_size": [64, 64],
	"textures": {
		"0": "thanksgiving20_crate/nativebow",
		"particle": "thanksgiving20_crate/nativebow"
	},
	"elements": [
		{
			"from": [7, 5, 0],
			"to": [9, 12, 2],
			"rotation": {"angle": 0, "axis": "z", "origin": [8, 9, 2]},
			"faces": {
				"north": {"uv": [2.5, 6.25, 3, 8], "texture": "#0"},
				"east": {"uv": [6.75, 1.75, 7.25, 3.5], "texture": "#0"},
				"south": {"uv": [6.75, 3.5, 7.25, 5.25], "texture": "#0"},
				"west": {"uv": [7, 7, 7.5, 8.75], "texture": "#0"},
				"up": {"uv": [6, 5.5, 5.5, 5], "texture": "#0"},
				"down": {"uv": [7.75, 5.75, 7.25, 6.25], "texture": "#0"}
			}
		},
		{
			"from": [8, 24, 3],
			"to": [8, 32, 15],
			"rotation": {"angle": 0, "axis": "z", "origin": [8, 28, 7]},
			"faces": {
				"north": {"uv": [0, 0, 0, 2], "texture": "#0"},
				"east": {"uv": [3, 2, 0, 4], "texture": "#0"},
				"south": {"uv": [0, 0, 0, 2], "texture": "#0"},
				"west": {"uv": [0, 2, 3, 4], "texture": "#0"},
				"up": {"uv": [0, 3, 0, 0], "texture": "#0"},
				"down": {"uv": [0, 0, 0, 3], "texture": "#0"}
			}
		},
		{
			"from": [8, -15, 3],
			"to": [8, -7, 15],
			"rotation": {"angle": 0, "axis": "z", "origin": [8, -10, 7]},
			"faces": {
				"north": {"uv": [0, 0, 0, 2], "texture": "#0"},
				"east": {"uv": [3, 4, 0, 2], "texture": "#0"},
				"south": {"uv": [0, 0, 0, 2], "texture": "#0"},
				"west": {"uv": [0, 4, 3, 2], "texture": "#0"},
				"up": {"uv": [0, 3, 0, 0], "texture": "#0"},
				"down": {"uv": [0, 0, 0, 3], "texture": "#0"}
			}
		},
		{
			"from": [7.75, -10, 5.5],
			"to": [8.25, 9.75, 6],
			"rotation": {"angle": 22.5, "axis": "x", "origin": [8, -11, 5.75]},
			"faces": {
				"north": {"uv": [5.5, 5.5, 5.75, 14.75], "texture": "#0"},
				"east": {"uv": [5.75, 5.75, 6, 15], "texture": "#0"},
				"south": {"uv": [6, 6, 6.25, 15.25], "texture": "#0"},
				"west": {"uv": [0, 6.25, 0.25, 15.5], "texture": "#0"},
				"up": {"uv": [6, 5.75, 5.75, 5.5], "texture": "#0"},
				"down": {"uv": [6.25, 5.25, 6, 5.5], "texture": "#0"}
			}
		},
		{
			"from": [7.75, 6.25, 5.5],
			"to": [8.25, 27, 6],
			"rotation": {"angle": -22.5, "axis": "x", "origin": [8, 27, 5.75]},
			"faces": {
				"north": {"uv": [5.5, 5.5, 5.75, 14.75], "texture": "#0"},
				"east": {"uv": [5.75, 5.75, 6, 15], "texture": "#0"},
				"south": {"uv": [6, 6, 6.25, 15.25], "texture": "#0"},
				"west": {"uv": [0, 6.25, 0.25, 15.5], "texture": "#0"},
				"up": {"uv": [6, 5.75, 5.75, 5.5], "texture": "#0"},
				"down": {"uv": [6.25, 5.25, 6, 5.5], "texture": "#0"}
			}
		},
		{
			"from": [6.25, 3.68717, 0.70461],
			"to": [9.75, 5.68717, 4.20461],
			"rotation": {"angle": 22.5, "axis": "x", "origin": [8, 9, 2]},
			"faces": {
				"north": {"uv": [7.5, 1.25, 8.5, 1.75], "texture": "#0"},
				"east": {"uv": [8, 0, 9, 0.5], "texture": "#0"},
				"south": {"uv": [8, 0.5, 9, 1], "texture": "#0"},
				"west": {"uv": [8, 7.5, 9, 8], "texture": "#0"},
				"up": {"uv": [4, 3, 3, 2], "texture": "#0"},
				"down": {"uv": [5, 2, 4, 3], "texture": "#0"}
			}
		},
		{
			"from": [7, 11.73148, -1.33626],
			"to": [9, 15.73148, 0.66374],
			"rotation": {"angle": 22.5, "axis": "x", "origin": [8, 9, 2]},
			"faces": {
				"north": {"uv": [8.25, 2.75, 8.75, 3.75], "texture": "#0"},
				"east": {"uv": [8.25, 3.75, 8.75, 4.75], "texture": "#0"},
				"south": {"uv": [8.5, 4.75, 9, 5.75], "texture": "#0"},
				"west": {"uv": [8.5, 5.75, 9, 6.75], "texture": "#0"},
				"up": {"uv": [7.75, 9.25, 7.25, 8.75], "texture": "#0"},
				"down": {"uv": [8.25, 8.75, 7.75, 9.25], "texture": "#0"}
			}
		},
		{
			"from": [8, 9.48148, -7.33626],
			"to": [8, 18.48148, -1.33626],
			"rotation": {"angle": 22.5, "axis": "x", "origin": [8, 8.75, 1]},
			"faces": {
				"north": {"uv": [0, 0, 0, 2.25], "texture": "#0"},
				"east": {"uv": [3, 4, 1.5, 6.25], "texture": "#0"},
				"south": {"uv": [0, 0, 0, 2.25], "texture": "#0"},
				"west": {"uv": [1.5, 4, 3, 6.25], "texture": "#0"},
				"up": {"uv": [0, 1.5, 0, 0], "texture": "#0"},
				"down": {"uv": [0, 0, 0, 1.5], "texture": "#0"}
			}
		},
		{
			"from": [7, 1.13791, 0.15465],
			"to": [9, 5.88791, 2.15465],
			"rotation": {"angle": -22.5, "axis": "x", "origin": [8, 4, 2.25]},
			"faces": {
				"north": {"uv": [7.5, 7.5, 8, 8.75], "texture": "#0"},
				"east": {"uv": [7.5, 0, 8, 1.25], "texture": "#0"},
				"south": {"uv": [3, 7.75, 3.5, 9], "texture": "#0"},
				"west": {"uv": [3.5, 7.75, 4, 9], "texture": "#0"},
				"up": {"uv": [8.75, 9.25, 8.25, 8.75], "texture": "#0"},
				"down": {"uv": [9.25, 8.75, 8.75, 9.25], "texture": "#0"}
			}
		},
		{
			"from": [8, -1.36209, -5.84535],
			"to": [8, 7.38791, 0.15465],
			"rotation": {"angle": -22.5, "axis": "x", "origin": [8, 4.5, 2.25]},
			"faces": {
				"north": {"uv": [0, 0, 0, 2.25], "texture": "#0"},
				"east": {"uv": [3, 6.25, 1.5, 4], "texture": "#0"},
				"south": {"uv": [0, 0, 0, 2.25], "texture": "#0"},
				"west": {"uv": [1.5, 6.25, 3, 4], "texture": "#0"},
				"up": {"uv": [0, 1.25, 0, 0], "texture": "#0"},
				"down": {"uv": [0, 0, 0, 1.25], "texture": "#0"}
			}
		},
		{
			"from": [7.25, 23.75, 3.25],
			"to": [8.75, 28.75, 4.75],
			"rotation": {"angle": 22.5, "axis": "x", "origin": [8, 24.25, 3]},
			"faces": {
				"north": {"uv": [4, 7.75, 4.5, 9], "texture": "#0"},
				"east": {"uv": [7.75, 2.75, 8.25, 4], "texture": "#0"},
				"south": {"uv": [7.75, 4, 8.25, 5.25], "texture": "#0"},
				"west": {"uv": [0.25, 8, 0.75, 9.25], "texture": "#0"},
				"up": {"uv": [9.25, 2, 8.75, 1.5], "texture": "#0"},
				"down": {"uv": [9.25, 2, 8.75, 2.5], "texture": "#0"}
			}
		},
		{
			"from": [7.25, -11.5, 3.25],
			"to": [8.75, -6.5, 4.75],
			"rotation": {"angle": -22.5, "axis": "x", "origin": [8, -7, 4]},
			"faces": {
				"north": {"uv": [0.75, 8, 1.25, 9.25], "texture": "#0"},
				"east": {"uv": [1.25, 8, 1.75, 9.25], "texture": "#0"},
				"south": {"uv": [1.75, 8, 2.25, 9.25], "texture": "#0"},
				"west": {"uv": [2.25, 8, 2.75, 9.25], "texture": "#0"},
				"up": {"uv": [9.25, 3, 8.75, 2.5], "texture": "#0"},
				"down": {"uv": [9.25, 3, 8.75, 3.5], "texture": "#0"}
			}
		},
		{
			"from": [6.25, 11.52373, 0.39439],
			"to": [9.75, 13.52373, 3.89439],
			"rotation": {"angle": -22.5, "axis": "x", "origin": [8, 9, 2]},
			"faces": {
				"north": {"uv": [8.25, 6.75, 9.25, 7.25], "texture": "#0"},
				"east": {"uv": [8.5, 1, 9.5, 1.5], "texture": "#0"},
				"south": {"uv": [4.5, 8.75, 5.5, 9.25], "texture": "#0"},
				"west": {"uv": [6.25, 8.75, 7.25, 9.25], "texture": "#0"},
				"up": {"uv": [6, 3, 5, 2], "texture": "#0"},
				"down": {"uv": [7.25, 5.25, 6.25, 6.25], "texture": "#0"}
			}
		},
		{
			"from": [7, 17.25305, 8.8566],
			"to": [9, 19.25305, 14.3566],
			"rotation": {"angle": -45, "axis": "x", "origin": [8, 9, 2]},
			"faces": {
				"north": {"uv": [8.75, 3.5, 9.25, 4], "texture": "#0"},
				"east": {"uv": [7, 6.25, 8.5, 6.75], "texture": "#0"},
				"south": {"uv": [8.75, 4, 9.25, 4.5], "texture": "#0"},
				"west": {"uv": [3, 7.25, 4.5, 7.75], "texture": "#0"},
				"up": {"uv": [5, 8.75, 4.5, 7.25], "texture": "#0"},
				"down": {"uv": [5.5, 7.25, 5, 8.75], "texture": "#0"}
			}
		},
		{
			"from": [7, 3.25305, -4.2434],
			"to": [9, 5.25305, 1.2566],
			"rotation": {"angle": 45, "axis": "x", "origin": [8, -5, -11.1]},
			"faces": {
				"north": {"uv": [8.75, 8, 9.25, 8.5], "texture": "#0"},
				"east": {"uv": [7.25, 1.75, 8.75, 2.25], "texture": "#0"},
				"south": {"uv": [2.75, 9, 3.25, 9.5], "texture": "#0"},
				"west": {"uv": [7.25, 2.25, 8.75, 2.75], "texture": "#0"},
				"up": {"uv": [7.75, 4.25, 7.25, 2.75], "texture": "#0"},
				"down": {"uv": [7.75, 4.25, 7.25, 5.75], "texture": "#0"}
			}
		},
		{
			"from": [6.75, 14.08761, 3.60057],
			"to": [9.25, 21.08761, 6.10057],
			"rotation": {"angle": -22.5, "axis": "x", "origin": [8, 9, 2]},
			"faces": {
				"north": {"uv": [6, 0, 6.75, 1.75], "texture": "#0"},
				"east": {"uv": [6, 1.75, 6.75, 3.5], "texture": "#0"},
				"south": {"uv": [6, 3.5, 6.75, 5.25], "texture": "#0"},
				"west": {"uv": [0.25, 6.25, 1, 8], "texture": "#0"},
				"up": {"uv": [8.25, 7.5, 7.5, 6.75], "texture": "#0"},
				"down": {"uv": [8.5, 5.25, 7.75, 6], "texture": "#0"}
			}
		},
		{
			"from": [6.75, -4.7734, 2.19464],
			"to": [9.25, 2.2266, 4.69464],
			"rotation": {"angle": 22.5, "axis": "x", "origin": [8, 4, 2.7]},
			"faces": {
				"north": {"uv": [1, 6.25, 1.75, 8], "texture": "#0"},
				"east": {"uv": [1.75, 6.25, 2.5, 8], "texture": "#0"},
				"south": {"uv": [6.25, 6.25, 7, 8], "texture": "#0"},
				"west": {"uv": [6.75, 0, 7.5, 1.75], "texture": "#0"},
				"up": {"uv": [7, 8.75, 6.25, 8], "texture": "#0"},
				"down": {"uv": [8.75, 8, 8, 8.75], "texture": "#0"}
			}
		},
		{
			"from": [7, 5, 14],
			"to": [7, 12, 21],
			"rotation": {"angle": 0, "axis": "y", "origin": [8, 9, 20]},
			"faces": {
				"north": {"uv": [2.5, 6.25, 3, 8], "texture": "#0"},
				"east": {"uv": [13.25, 7.5, 9.75, 10.875], "texture": "#0"},
				"south": {"uv": [6.75, 3.5, 7.25, 5.25], "texture": "#0"},
				"west": {"uv": [9.75, 7.5, 13.25, 10.875], "texture": "#0"},
				"up": {"uv": [6, 5.5, 5.5, 5], "texture": "#0"},
				"down": {"uv": [7.75, 5.75, 7.25, 6.25], "texture": "#0"}
			}
		},
		{
			"from": [6.75, 8.00305, -8.2434],
			"to": [7.25, 8.50305, 18.2566],
			"rotation": {"angle": 0, "axis": "y", "origin": [7.5, -1, -13.1]},
			"faces": {
				"north": {"uv": [8.75, 8, 9.25, 8.5], "texture": "#0"},
				"east": {"uv": [7.25, 1.75, 8.75, 2.25], "texture": "#0"},
				"south": {"uv": [2.75, 9, 3.25, 9.5], "texture": "#0"},
				"west": {"uv": [7.25, 2.25, 8.75, 2.75], "texture": "#0"},
				"up": {"uv": [7.75, 4.25, 7.25, 2.75], "texture": "#0"},
				"down": {"uv": [7.75, 4.25, 7.25, 5.75], "texture": "#0"}
			}
		},
		{
			"from": [7, 7.25, -10.25],
			"to": [7, 9.25, -7.5],
			"rotation": {"angle": 0, "axis": "y", "origin": [8, 9, -4.5]},
			"faces": {
				"north": {"uv": [2.5, 6.25, 3, 8], "texture": "#0"},
				"east": {"uv": [10.875, 6.375, 10, 7], "texture": "#0"},
				"south": {"uv": [6.75, 3.5, 7.25, 5.25], "texture": "#0"},
				"west": {"uv": [10, 6.375, 10.875, 7], "texture": "#0"},
				"up": {"uv": [6, 5.5, 5.5, 5], "texture": "#0"},
				"down": {"uv": [7.75, 5.75, 7.25, 6.25], "texture": "#0"}
			}
		}
	],
	"display": {
		"thirdperson_righthand": {
			"translation": [0, -2.5, 6.75],
			"scale": [0.8, 0.8, 0.8]
		},
		"firstperson_righthand": {
			"rotation": [21, 0, 0],
			"translation": [6, 0, 0]
		}
	},
	"groups": [
		{
			"name": "main",
			"origin": [8, 8, 8],
			"children": [0, 1, 2, 3, 4, 5, 6, 7, 8, 9, 10, 11, 12, 13, 14, 15, 16]
		}, 17, 18, 19]
}