{
	"credit": "Made with Blockbench",
	"texture_size": [64, 64],
	"textures": {
		"0": "cybermonday_crate/cyberaxe",
		"particle": "cybermonday_crate/cyberaxe"
	},
	"elements": [
		{
			"from": [7, -16, 7],
			"to": [9, -15, 9],
			"rotation": {"angle": 0, "axis": "y", "origin": [15.5, -7, 15.5]},
			"faces": {
				"north": {"uv": [6.25, 0.75, 6.75, 1], "texture": "#0"},
				"east": {"uv": [7.25, 4.75, 7.75, 5], "texture": "#0"},
				"south": {"uv": [10.75, 11.5, 11.25, 11.75], "texture": "#0"},
				"west": {"uv": [11.25, 11.5, 11.75, 11.75], "texture": "#0"},
				"up": {"uv": [5, 4.5, 4.5, 4], "texture": "#0"},
				"down": {"uv": [6, 5, 5.5, 5.5], "texture": "#0"}
			}
		},
		{
			"from": [7.25, -15, 7.25],
			"to": [8.75, 1, 8.75],
			"rotation": {"angle": 0, "axis": "y", "origin": [15.5, 1, 15.5]},
			"faces": {
				"north": {"uv": [0, 6.5, 0.5, 10.5], "texture": "#0"},
				"east": {"uv": [0, 6.5, 0.5, 10.5], "texture": "#0"},
				"south": {"uv": [0, 6.5, 0.5, 10.5], "texture": "#0"},
				"west": {"uv": [0, 6.5, 0.5, 10.5], "texture": "#0"},
				"up": {"uv": [6.5, 10.75, 6, 10.25], "texture": "#0"},
				"down": {"uv": [11.25, 10.25, 10.75, 10.75], "texture": "#0"}
			}
		},
		{
			"from": [7, 1, 7],
			"to": [9, 2.5, 9],
			"rotation": {"angle": 0, "axis": "y", "origin": [15.5, 2, 15.5]},
			"faces": {
				"north": {"uv": [11, 2.5, 11.5, 3], "texture": "#0"},
				"east": {"uv": [1, 11.25, 1.5, 11.75], "texture": "#0"},
				"south": {"uv": [1.5, 11.25, 2, 11.75], "texture": "#0"},
				"west": {"uv": [2, 11.25, 2.5, 11.75], "texture": "#0"},
				"up": {"uv": [3, 11.75, 2.5, 11.25], "texture": "#0"},
				"down": {"uv": [4.25, 11.25, 3.75, 11.75], "texture": "#0"}
			}
		},
		{
			"from": [6.75, 3.5, 6.75],
			"to": [9.25, 13, 9.25],
			"rotation": {"angle": 0, "axis": "y", "origin": [15.5, 4.5, 15.5]},
			"faces": {
				"north": {"uv": [1, 7.75, 1.75, 10.25], "texture": "#0"},
				"east": {"uv": [1.75, 7.75, 2.5, 10.25], "texture": "#0"},
				"south": {"uv": [2.5, 7.75, 3.25, 10.25], "texture": "#0"},
				"west": {"uv": [6, 7.75, 6.75, 10.25], "texture": "#0"},
				"up": {"uv": [9.75, 0.75, 9, 0], "texture": "#0"},
				"down": {"uv": [10.5, 11, 9.75, 11.75], "texture": "#0"}
			}
		},
		{
			"from": [-2.25, 1.5, 7.5],
			"to": [2.25, 27, 8.5],
			"rotation": {"angle": 0, "axis": "y", "origin": [8.5, 4.5, 15.5]},
			"faces": {
				"north": {"uv": [0, 0, 1.25, 6.5], "texture": "#0"},
				"east": {"uv": [6.75, 7.75, 7, 14.25], "texture": "#0"},
				"south": {"uv": [1.25, 1.25, 2.5, 7.75], "texture": "#0"},
				"west": {"uv": [7, 7.75, 7.25, 14.25], "texture": "#0"},
				"up": {"uv": [2.5, 1.25, 1.25, 1], "texture": "#0"},
				"down": {"uv": [7.25, 5.75, 6, 6], "texture": "#0"}
			}
		},
		{
			"from": [2.25, 3.75, 7.25],
			"to": [3.25, 27, 8.75],
			"rotation": {"angle": 0, "axis": "y", "origin": [8.5, 4.5, 15.5]},
			"faces": {
				"north": {"uv": [3.25, 8.5, 3.5, 14.25], "texture": "#0"},
				"east": {"uv": [4, 4, 4.5, 9.75], "texture": "#0"},
				"south": {"uv": [3.5, 8.5, 3.75, 14.25], "texture": "#0"},
				"west": {"uv": [4.5, 4.5, 5, 10.25], "texture": "#0"},
				"up": {"uv": [9.75, 8.75, 9.5, 8.25], "texture": "#0"},
				"down": {"uv": [5.5, 11.25, 5.25, 11.75], "texture": "#0"}
			}
		},
		{
			"from": [4.75, 5.75, 7.25],
			"to": [7.25, 27, 8.75],
			"rotation": {"angle": 0, "axis": "y", "origin": [12.5, 4.5, 15.5]},
			"faces": {
				"north": {"uv": [2.5, 2.5, 3.25, 7.75], "texture": "#0"},
				"east": {"uv": [5, 5, 5.5, 10.25], "texture": "#0"},
				"south": {"uv": [3.25, 3.25, 4, 8.5], "texture": "#0"},
				"west": {"uv": [5.5, 5.5, 6, 10.75], "texture": "#0"},
				"up": {"uv": [3.25, 2.5, 2.5, 2], "texture": "#0"},
				"down": {"uv": [9.5, 8.25, 8.75, 8.75], "texture": "#0"}
			}
		},
		{
			"from": [6.25, 13, 6.25],
			"to": [10.05, 17.5, 9.75],
			"rotation": {"angle": 0, "axis": "y", "origin": [15.5, 14, 15.5]},
			"faces": {
				"north": {"uv": [6.25, 2.75, 7.25, 4], "texture": "#0"},
				"east": {"uv": [7.75, 9.5, 8.75, 10.75], "texture": "#0"},
				"south": {"uv": [9.75, 9.75, 10.75, 11], "texture": "#0"},
				"west": {"uv": [9.75, 0, 10.75, 1.25], "texture": "#0"},
				"up": {"uv": [10.75, 5.75, 9.75, 4.75], "texture": "#0"},
				"down": {"uv": [10.75, 5.75, 9.75, 6.75], "texture": "#0"}
			}
		},
		{
			"from": [8.15, 10, 6.25],
			"to": [10.05, 13, 9.75],
			"rotation": {"angle": 0, "axis": "y", "origin": [15.5, 9.5, 15.5]},
			"faces": {
				"north": {"uv": [7.25, 5.75, 7.75, 6.5], "texture": "#0"},
				"east": {"uv": [7.75, 4.25, 8.75, 5], "texture": "#0"},
				"south": {"uv": [7.25, 6.5, 7.75, 7.25], "texture": "#0"},
				"west": {"uv": [7.75, 10.75, 8.75, 11.5], "texture": "#0"},
				"up": {"uv": [7.25, 1.75, 6.75, 0.75], "texture": "#0"},
				"down": {"uv": [7.25, 1.75, 6.75, 2.75], "texture": "#0"}
			}
		},
		{
			"from": [6.25, 17.5, 6.25],
			"to": [11, 24.45, 9.75],
			"rotation": {"angle": 0, "axis": "y", "origin": [15.5, 19.5, 15.5]},
			"faces": {
				"north": {"uv": [5.5, 1, 6.75, 2.75], "texture": "#0"},
				"east": {"uv": [7.75, 7.75, 8.75, 9.5], "texture": "#0"},
				"south": {"uv": [6, 6, 7.25, 7.75], "texture": "#0"},
				"west": {"uv": [7.75, 0.75, 8.75, 2.5], "texture": "#0"},
				"up": {"uv": [11, 2.25, 9.75, 1.25], "texture": "#0"},
				"down": {"uv": [11, 2.25, 9.75, 3.25], "texture": "#0"}
			}
		},
		{
			"from": [6.25, 24.45, 6.25],
			"to": [6.7, 30.5, 9.75],
			"rotation": {"angle": 0, "axis": "y", "origin": [11.45, 19.5, 15.5]},
			"faces": {
				"north": {"uv": [3, 10.25, 3.25, 12], "texture": "#0"},
				"east": {"uv": [7.75, 2.5, 8.75, 4.25], "texture": "#0"},
				"south": {"uv": [6.5, 10.25, 6.75, 12], "texture": "#0"},
				"west": {"uv": [7.75, 5.75, 8.75, 7.5], "texture": "#0"},
				"up": {"uv": [5.5, 2, 5.25, 1], "texture": "#0"},
				"down": {"uv": [1.25, 6.5, 1, 7.5], "texture": "#0"}
			}
		},
		{
			"from": [7.25, 25, 6.25],
			"to": [11, 30.5, 9.75],
			"rotation": {"angle": 0, "axis": "y", "origin": [16.5, 26, 15.5]},
			"faces": {
				"north": {"uv": [8.75, 8.75, 9.75, 10.25], "texture": "#0"},
				"east": {"uv": [8.75, 0.75, 9.75, 2.25], "texture": "#0"},
				"south": {"uv": [8.75, 2.25, 9.75, 3.75], "texture": "#0"},
				"west": {"uv": [8.75, 3.75, 9.75, 5.25], "texture": "#0"},
				"up": {"uv": [10.75, 7.75, 9.75, 6.75], "texture": "#0"},
				"down": {"uv": [10.75, 7.75, 9.75, 8.75], "texture": "#0"}
			}
		},
		{
			"from": [-2.5, 27, 6.25],
			"to": [6.25, 30.5, 9.75],
			"rotation": {"angle": 0, "axis": "y", "origin": [11.75, 26, 15.5]},
			"faces": {
				"north": {"uv": [3.25, 2, 5.5, 3], "texture": "#0"},
				"east": {"uv": [9.75, 8.75, 10.75, 9.75], "texture": "#0"},
				"south": {"uv": [4, 0, 6.25, 1], "texture": "#0"},
				"west": {"uv": [1, 10.25, 2, 11.25], "texture": "#0"},
				"up": {"uv": [6.25, 4, 4, 3], "texture": "#0"},
				"down": {"uv": [7.25, 4, 5, 5], "texture": "#0"}
			}
		},
		{
			"from": [-3.92893, 23.17157, 7.75],
			"to": [-0.42893, 26.67157, 8.25],
			"rotation": {"angle": 45, "axis": "z", "origin": [-2, 25, 15.5]},
			"faces": {
				"north": {"uv": [2, 10.25, 3, 11.25], "texture": "#0"},
				"east": {"uv": [3.75, 8.5, 4, 9.5], "texture": "#0"},
				"south": {"uv": [4.5, 10.25, 5.5, 11.25], "texture": "#0"},
				"west": {"uv": [10.5, 11, 10.75, 12], "texture": "#0"},
				"up": {"uv": [8.75, 7.75, 7.75, 7.5], "texture": "#0"},
				"down": {"uv": [12, 3, 11, 3.25], "texture": "#0"}
			}
		},
		{
			"from": [-3.92893, 14.17157, 7.75],
			"to": [-0.42893, 17.67157, 8.25],
			"rotation": {"angle": 45, "axis": "z", "origin": [-2, 16, 15.5]},
			"faces": {
				"north": {"uv": [8.75, 10.25, 9.75, 11.25], "texture": "#0"},
				"east": {"uv": [4.25, 11.25, 4.5, 12.25], "texture": "#0"},
				"south": {"uv": [0, 10.5, 1, 11.5], "texture": "#0"},
				"west": {"uv": [4.5, 11.25, 4.75, 12.25], "texture": "#0"},
				"up": {"uv": [9.75, 11.5, 8.75, 11.25], "texture": "#0"},
				"down": {"uv": [11.75, 11.25, 10.75, 11.5], "texture": "#0"}
			}
		},
		{
			"from": [-3.92893, 5.17157, 7.75],
			"to": [-0.42893, 8.67157, 8.25],
			"rotation": {"angle": 45, "axis": "z", "origin": [-2, 7, 15.5]},
			"faces": {
				"north": {"uv": [10.5, 3.25, 11.5, 4.25], "texture": "#0"},
				"east": {"uv": [4.75, 11.25, 5, 12.25], "texture": "#0"},
				"south": {"uv": [5.5, 10.75, 6.5, 11.75], "texture": "#0"},
				"west": {"uv": [5, 11.25, 5.25, 12.25], "texture": "#0"},
				"up": {"uv": [12.25, 10.5, 11.25, 10.25], "texture": "#0"},
				"down": {"uv": [12.25, 10.5, 11.25, 10.75], "texture": "#0"}
			}
		},
		{
			"from": [-3.975, 21.625, 6.6],
			"to": [6.775, 25.125, 9.4],
			"rotation": {"angle": -22.5, "axis": "z", "origin": [10.275, 20.625, 15.5]},
			"faces": {
				"north": {"uv": [1.25, 0, 4, 1], "texture": "#0"},
				"east": {"uv": [10.75, 6.75, 11.5, 7.75], "texture": "#0"},
				"south": {"uv": [2.5, 1, 5.25, 2], "texture": "#0"},
				"west": {"uv": [10.75, 7.75, 11.5, 8.75], "texture": "#0"},
				"up": {"uv": [8.75, 5.75, 6, 5], "texture": "#0"},
				"down": {"uv": [9, 0, 6.25, 0.75], "texture": "#0"}
			}
		},
		{
			"from": [-0.975, 11.875, 6.85],
			"to": [6.775, 14.125, 9.15],
			"rotation": {"angle": -22.5, "axis": "z", "origin": [10.275, 10.625, 15.5]},
			"faces": {
				"north": {"uv": [10.5, 4.25, 12.5, 4.75], "texture": "#0"},
				"east": {"uv": [7.25, 11.25, 7.75, 11.75], "texture": "#0"},
				"south": {"uv": [10.75, 10.75, 12.75, 11.25], "texture": "#0"},
				"west": {"uv": [0, 11.5, 0.5, 12], "texture": "#0"},
				"up": {"uv": [12.75, 0.5, 10.75, 0], "texture": "#0"},
				"down": {"uv": [12.75, 0.5, 10.75, 1], "texture": "#0"}
			}
		},
		{
			"from": [-0.975, 2.875, 6.85],
			"to": [6.775, 5.125, 9.15],
			"rotation": {"angle": -22.5, "axis": "z", "origin": [10.275, 1.625, 15.5]},
			"faces": {
				"north": {"uv": [10.75, 4.75, 12.75, 5.25], "texture": "#0"},
				"east": {"uv": [0.5, 11.5, 1, 12], "texture": "#0"},
				"south": {"uv": [10.75, 5.25, 12.75, 5.75], "texture": "#0"},
				"west": {"uv": [7.75, 11.5, 8.25, 12], "texture": "#0"},
				"up": {"uv": [12.75, 6.25, 10.75, 5.75], "texture": "#0"},
				"down": {"uv": [12.75, 6.25, 10.75, 6.75], "texture": "#0"}
			}
		},
		{
			"from": [6.5, 24.3, 6.5],
			"to": [10.5, 29.75, 9.5],
			"rotation": {"angle": 0, "axis": "y", "origin": [16.5, 26, 15.5]},
			"faces": {
				"north": {"uv": [8.75, 5.25, 9.75, 6.75], "texture": "#0"},
				"east": {"uv": [3.75, 9.75, 4.5, 11.25], "texture": "#0"},
				"south": {"uv": [8.75, 6.75, 9.75, 8.25], "texture": "#0"},
				"west": {"uv": [9.75, 3.25, 10.5, 4.75], "texture": "#0"},
				"up": {"uv": [11.75, 9.5, 10.75, 8.75], "texture": "#0"},
				"down": {"uv": [11.75, 9.5, 10.75, 10.25], "texture": "#0"}
			}
		},
		{
			"from": [6.5, 2.5, 6.5],
			"to": [9.5, 3.5, 9.5],
			"rotation": {"angle": 0, "axis": "y", "origin": [15.5, 3.5, 15.5]},
			"faces": {
				"north": {"uv": [3.25, 3, 4, 3.25], "texture": "#0"},
				"east": {"uv": [5.5, 2.75, 6.25, 3], "texture": "#0"},
				"south": {"uv": [8.25, 11.5, 9, 11.75], "texture": "#0"},
				"west": {"uv": [9, 11.5, 9.75, 11.75], "texture": "#0"},
				"up": {"uv": [11.75, 1.75, 11, 1], "texture": "#0"},
				"down": {"uv": [11.75, 1.75, 11, 2.5], "texture": "#0"}
			}
		},
		{
			"from": [6.25, 2.25, 8.75],
			"to": [7.25, 4, 9.75],
			"rotation": {"angle": 0, "axis": "y", "origin": [15.5, 4.5, 15.5]},
			"faces": {
				"north": {"uv": [11.5, 2.5, 11.75, 3], "texture": "#0"},
				"east": {"uv": [11.5, 3.25, 11.75, 3.75], "texture": "#0"},
				"south": {"uv": [11.5, 3.75, 11.75, 4.25], "texture": "#0"},
				"west": {"uv": [11.5, 6.75, 11.75, 7.25], "texture": "#0"},
				"up": {"uv": [1.25, 7.75, 1, 7.5], "texture": "#0"},
				"down": {"uv": [4, 9.5, 3.75, 9.75], "texture": "#0"}
			}
		},
		{
			"from": [6.25, 2.25, 6.25],
			"to": [7.25, 4, 7.25],
			"rotation": {"angle": 0, "axis": "y", "origin": [15.5, 4.5, 13]},
			"faces": {
				"north": {"uv": [11.5, 7.25, 11.75, 7.75], "texture": "#0"},
				"east": {"uv": [11.5, 7.75, 11.75, 8.25], "texture": "#0"},
				"south": {"uv": [11.5, 8.25, 11.75, 8.75], "texture": "#0"},
				"west": {"uv": [1, 11.75, 1.25, 12.25], "texture": "#0"},
				"up": {"uv": [11, 1.25, 10.75, 1], "texture": "#0"},
				"down": {"uv": [4.25, 11.75, 4, 12], "texture": "#0"}
			}
		},
		{
			"from": [8.75, 2.25, 8.75],
			"to": [9.75, 4, 9.75],
			"rotation": {"angle": 0, "axis": "y", "origin": [18, 4.5, 15.5]},
			"faces": {
				"north": {"uv": [1.25, 11.75, 1.5, 12.25], "texture": "#0"},
				"east": {"uv": [1.5, 11.75, 1.75, 12.25], "texture": "#0"},
				"south": {"uv": [1.75, 11.75, 2, 12.25], "texture": "#0"},
				"west": {"uv": [2, 11.75, 2.25, 12.25], "texture": "#0"},
				"up": {"uv": [5.5, 12, 5.25, 11.75], "texture": "#0"},
				"down": {"uv": [5.75, 11.75, 5.5, 12], "texture": "#0"}
			}
		},
		{
			"from": [8.75, 2.25, 6.25],
			"to": [9.75, 4, 7.25],
			"rotation": {"angle": 0, "axis": "y", "origin": [18, 4.5, 13]},
			"faces": {
				"north": {"uv": [2.25, 11.75, 2.5, 12.25], "texture": "#0"},
				"east": {"uv": [2.5, 11.75, 2.75, 12.25], "texture": "#0"},
				"south": {"uv": [2.75, 11.75, 3, 12.25], "texture": "#0"},
				"west": {"uv": [3.75, 11.75, 4, 12.25], "texture": "#0"},
				"up": {"uv": [6, 12, 5.75, 11.75], "texture": "#0"},
				"down": {"uv": [6.25, 11.75, 6, 12], "texture": "#0"}
			}
		}
	],
	"display": {
		"thirdperson_righthand": {
			"rotation": [0, -90, 0],
			"translation": [0, 9.25, 0.5],
			"scale": [0.8, 0.8, 0.8]
		},
		"thirdperson_lefthand": {
			"rotation": [0, 90, 0],
			"translation": [0, 9.25, 0.5],
			"scale": [0.8, 0.8, 0.8]
		},
		"firstperson_righthand": {
			"rotation": [0, -87.25, 0],
			"translation": [5, 0, 0],
			"scale": [0.8, 0.8, 0.8]
		},
		"firstperson_lefthand": {
			"rotation": [0, 87.25, 0],
			"translation": [5, 0, 0],
			"scale": [0.8, 0.8, 0.8]
		},
		"ground": {
			"translation": [0, 15.25, 0],
			"scale": [0.8, 0.8, 0.8]
		},
		"gui": {
			"rotation": [0, -180, 45],
			"translation": [-0.25, 0.75, 0],
			"scale": [0.5, 0.5, 0.5]
		},
		"fixed": {
			"rotation": [0, 0, 45],
			"translation": [0, 0, -0.75],
			"scale": [0.8, 0.8, 0.8]
		}
	},
	"groups": [
		{
			"name": "main",
			"origin": [8, 8, 8],
			"children": [0, 1, 2, 3, 4, 5, 6, 7, 8, 9, 10, 11, 12, 13, 14, 15, 16, 17, 18, 19, 20, 21, 22, 23, 24]
		}
	]
}