{
	"credit": "Made with Blockbench",
	"texture_size": [64, 64],
	"textures": {
		"0": "cybermonday_crate/daftpunkgold",
		"particle": "cybermonday_crate/daftpunkgold"
	},
	"elements": [
		{
			"from": [0, 1, 0],
			"to": [16, 15, 16],
			"faces": {
				"north": {"uv": [2.25, 4.25, 4.25, 6], "texture": "#0"},
				"east": {"uv": [4.25, 4.25, 6.25, 6], "texture": "#0"},
				"south": {"uv": [4.25, 0, 6.25, 1.75], "texture": "#0"},
				"west": {"uv": [4.25, 1.75, 6.25, 3.5], "texture": "#0"},
				"up": {"uv": [4.25, 4.25, 2.25, 2.25], "texture": "#0"},
				"down": {"uv": [4.25, 0, 2.25, 2], "texture": "#0"}
			}
		},
		{
			"from": [-1, 0, -1],
			"to": [17, 2, 17],
			"faces": {
				"north": {"uv": [6.25, 5.625, 8, 5.875], "texture": "#0"},
				"east": {"uv": [6.5, 3.375, 8, 3.625], "texture": "#0"},
				"south": {"uv": [6.5, 3.625, 8, 3.875], "texture": "#0"},
				"west": {"uv": [6.5, 3.875, 8, 4.125], "texture": "#0"},
				"up": {"uv": [2.25, 2.25, 0, 0], "texture": "#0"},
				"down": {"uv": [2.25, 2.25, 0, 4.5], "texture": "#0"}
			}
		},
		{
			"from": [-1, 6, 14],
			"to": [17, 10, 17],
			"rotation": {"angle": 0, "axis": "y", "origin": [8, 10, 8]},
			"faces": {
				"north": {"uv": [6.25, 2, 8.5, 2.5], "texture": "#0"},
				"east": {"uv": [6.75, 6.75, 7.125, 7.25], "texture": "#0"},
				"south": {"uv": [6.25, 2.5, 8, 3], "texture": "#0"},
				"west": {"uv": [6.75, 5.875, 7.125, 6.375], "texture": "#0"},
				"up": {"uv": [8, 3.375, 6.25, 3], "texture": "#0"},
				"down": {"uv": [8, 5.25, 6.25, 5.875], "texture": "#0"}
			}
		},
		{
			"from": [-1, 2, 7],
			"to": [17, 10, 14],
			"rotation": {"angle": 0, "axis": "y", "origin": [8, 10, 8]},
			"faces": {
				"north": {"uv": [0, 4.5, 2.25, 5.5], "texture": "#0"},
				"east": {"uv": [6.25, 4.25, 7.125, 5.25], "texture": "#0"},
				"south": {"uv": [0, 5.5, 2.25, 6.5], "texture": "#0"},
				"west": {"uv": [0, 6.5, 0.875, 7.5], "texture": "#0"},
				"up": {"uv": [4.5, 6.875, 2.25, 6], "texture": "#0"},
				"down": {"uv": [6.75, 6, 4.5, 6.875], "texture": "#0"}
			}
		},
		{
			"from": [-1, 10, 9],
			"to": [17, 16, 14],
			"rotation": {"angle": 0, "axis": "y", "origin": [8, 18, 6]},
			"faces": {
				"north": {"uv": [4.25, 0, 6.25, 0.625], "texture": "#0"},
				"east": {"uv": [0.875, 6.5, 1.5, 7.25], "texture": "#0"},
				"south": {"uv": [6.25, 0, 8, 0.75], "texture": "#0"},
				"west": {"uv": [1.5, 6.5, 2.125, 7.25], "texture": "#0"},
				"up": {"uv": [6.25, 0.625, 4.25, 0], "texture": "#0"},
				"down": {"uv": [8.5, 1.375, 6.25, 2], "texture": "#0"}
			}
		},
		{
			"from": [-2, 4, 9],
			"to": [-1, 7, 12],
			"rotation": {"angle": 0, "axis": "y", "origin": [6, 14, 17]},
			"faces": {
				"north": {"uv": [2.125, 6.5, 2.25, 6.875], "texture": "#0"},
				"east": {"uv": [6.75, 6.375, 7.125, 6.75], "texture": "#0"},
				"south": {"uv": [3.25, 6.875, 3.375, 7.25], "texture": "#0"},
				"west": {"uv": [2.125, 6.875, 2.5, 7.25], "texture": "#0"},
				"up": {"uv": [3.5, 7.25, 3.375, 6.875], "texture": "#0"},
				"down": {"uv": [3.625, 6.875, 3.5, 7.25], "texture": "#0"}
			}
		},
		{
			"from": [17, 4, 9],
			"to": [18, 7, 12],
			"rotation": {"angle": 0, "axis": "y", "origin": [10, 14, 17]},
			"faces": {
				"north": {"uv": [3.625, 6.875, 3.75, 7.25], "texture": "#0"},
				"east": {"uv": [2.5, 6.875, 2.875, 7.25], "texture": "#0"},
				"south": {"uv": [3.75, 6.875, 3.875, 7.25], "texture": "#0"},
				"west": {"uv": [2.875, 6.875, 3.25, 7.25], "texture": "#0"},
				"up": {"uv": [4, 7.25, 3.875, 6.875], "texture": "#0"},
				"down": {"uv": [4.125, 6.875, 4, 7.25], "texture": "#0"}
			}
		}
	],
	"display": {
		"thirdperson_righthand": {
			"scale": [0.5, 0.5, 0.5]
		},
		"thirdperson_lefthand": {
			"scale": [0.5, 0.5, 0.5]
		},
		"ground": {
			"scale": [0.5, 0.5, 0.5]
		},
		"gui": {
			"rotation": [0, -145, 0],
			"scale": [0.7, 0.7, 0.7]
		},
		"head": {
			"translation": [0, 0.75, 0],
			"scale": [0.95, 0.95, 0.95]
		},
		"fixed": {
			"translation": [0, 0, -5.25]
		}
	},
	"groups": [
		{
			"name": "main",
			"origin": [8, 8, 8],
			"children": [0, 1, 2, 3, 4, 5, 6]
		}
	]
}