{
	"credit": "Made with Blockbench",
	"texture_size": [32, 32],
	"textures": {
		"0": "newyear20_crate/glasses",
		"particle": "newyear20_crate/glasses"
	},
	"elements": [
		{
			"from": [7.5, 10, 2.96447],
			"to": [8.5, 11.25, 13.03553],
			"rotation": {"angle": 0, "axis": "x", "origin": [8, 8.5, 4]},
			"faces": {
				"north": {"uv": [8.5, 7, 9, 7.5], "texture": "#0"},
				"east": {"uv": [0, 4, 5, 4.5], "texture": "#0"},
				"south": {"uv": [9, 0.5, 9.5, 1], "texture": "#0"},
				"west": {"uv": [0, 4.5, 5, 5], "texture": "#0"},
				"up": {"uv": [0.5, 10, 0, 5], "texture": "#0"},
				"down": {"uv": [1, 5, 0.5, 10], "texture": "#0"}
			}
		},
		{
			"from": [8, 11.25, 2.96447],
			"to": [8, 15.5, 13.03553],
			"rotation": {"angle": 0, "axis": "x", "origin": [8, 9.75, 4]},
			"faces": {
				"north": {"uv": [0, 0, 0, 2], "texture": "#0"},
				"east": {"uv": [5.5, 2.25, 0.5, 4], "texture": "#0"},
				"south": {"uv": [0, 0, 0, 2], "texture": "#0"},
				"west": {"uv": [0.5, 2.25, 5.5, 4], "texture": "#0"},
				"up": {"uv": [0, 6, 0, 0], "texture": "#0"},
				"down": {"uv": [0, 0, 0, 6], "texture": "#0"}
			}
		},
		{
			"from": [7.5, 8.5, 6.46447],
			"to": [8.5, 10, 9.53553],
			"rotation": {"angle": 0, "axis": "x", "origin": [8, 6.5, 4]},
			"faces": {
				"north": {"uv": [6, 7, 6.5, 8], "texture": "#0"},
				"east": {"uv": [1, 5, 2.5, 6], "texture": "#0"},
				"south": {"uv": [6.5, 7, 7, 8], "texture": "#0"},
				"west": {"uv": [2.5, 5, 4, 6], "texture": "#0"},
				"up": {"uv": [2.5, 8, 2, 6.5], "texture": "#0"},
				"down": {"uv": [3, 6.5, 2.5, 8], "texture": "#0"}
			}
		},
		{
			"from": [7.75, 7.46447, 1],
			"to": [10.5, 8.53553, 1.9],
			"rotation": {"angle": 0, "axis": "x", "origin": [9, 8, -0.5]},
			"faces": {
				"north": {"uv": [6, 3.5, 7.5, 4], "texture": "#0"},
				"east": {"uv": [9, 1, 9.5, 1.5], "texture": "#0"},
				"south": {"uv": [3, 6.5, 4.5, 7], "texture": "#0"},
				"west": {"uv": [9, 1.5, 9.5, 2], "texture": "#0"},
				"up": {"uv": [6, 7, 4.5, 6.5], "texture": "#0"},
				"down": {"uv": [7.5, 6.5, 6, 7], "texture": "#0"}
			}
		},
		{
			"from": [10.5, 7.96447, 1],
			"to": [15.5, 8.53553, 2],
			"rotation": {"angle": 0, "axis": "x", "origin": [11, 8, -0.5]},
			"faces": {
				"north": {"uv": [4, 5, 6.5, 5.5], "texture": "#0"},
				"east": {"uv": [9, 2, 9.5, 2.5], "texture": "#0"},
				"south": {"uv": [5, 4, 7.5, 4.5], "texture": "#0"},
				"west": {"uv": [9, 2.5, 9.5, 3], "texture": "#0"},
				"up": {"uv": [7.5, 5, 5, 4.5], "texture": "#0"},
				"down": {"uv": [6.5, 5.5, 4, 6], "texture": "#0"}
			}
		},
		{
			"from": [15.5, 7.46447, 1],
			"to": [16.75, 8.53553, 2],
			"rotation": {"angle": 0, "axis": "x", "origin": [16, 8, -0.5]},
			"faces": {
				"north": {"uv": [9, 3, 9.5, 3.5], "texture": "#0"},
				"east": {"uv": [9, 3.5, 9.5, 4], "texture": "#0"},
				"south": {"uv": [9, 4, 9.5, 4.5], "texture": "#0"},
				"west": {"uv": [9, 5, 9.5, 5.5], "texture": "#0"},
				"up": {"uv": [9.5, 6, 9, 5.5], "texture": "#0"},
				"down": {"uv": [9.5, 6, 9, 6.5], "texture": "#0"}
			}
		},
		{
			"from": [7.75, 7.46447, 14.1],
			"to": [10.5, 8.53553, 15],
			"rotation": {"angle": 0, "axis": "y", "origin": [8, 8, 14.5]},
			"faces": {
				"north": {"uv": [6.5, 5, 8, 5.5], "texture": "#0"},
				"east": {"uv": [9, 6.5, 9.5, 7], "texture": "#0"},
				"south": {"uv": [6.5, 5.5, 8, 6], "texture": "#0"},
				"west": {"uv": [9, 7, 9.5, 7.5], "texture": "#0"},
				"up": {"uv": [4.5, 7.5, 3, 7], "texture": "#0"},
				"down": {"uv": [6, 7, 4.5, 7.5], "texture": "#0"}
			}
		},
		{
			"from": [10.5, 7.96447, 14],
			"to": [15.5, 8.53553, 15],
			"rotation": {"angle": 0, "axis": "y", "origin": [8, 8, 14.5]},
			"faces": {
				"north": {"uv": [1, 6, 3.5, 6.5], "texture": "#0"},
				"east": {"uv": [9, 7.5, 9.5, 8], "texture": "#0"},
				"south": {"uv": [3.5, 6, 6, 6.5], "texture": "#0"},
				"west": {"uv": [9, 8, 9.5, 8.5], "texture": "#0"},
				"up": {"uv": [8.5, 6.5, 6, 6], "texture": "#0"},
				"down": {"uv": [8.5, 0, 6, 0.5], "texture": "#0"}
			}
		},
		{
			"from": [15.5, 7.46447, 14],
			"to": [16.75, 8.53553, 15],
			"rotation": {"angle": 0, "axis": "y", "origin": [8, 8, 14.5]},
			"faces": {
				"north": {"uv": [9, 8.5, 9.5, 9], "texture": "#0"},
				"east": {"uv": [1, 9.5, 1.5, 10], "texture": "#0"},
				"south": {"uv": [1.5, 9.5, 2, 10], "texture": "#0"},
				"west": {"uv": [3, 9.5, 3.5, 10], "texture": "#0"},
				"up": {"uv": [4, 10, 3.5, 9.5], "texture": "#0"},
				"down": {"uv": [4.5, 9.5, 4, 10], "texture": "#0"}
			}
		},
		{
			"name": "octagon",
			"from": [7.6, 6.96447, 8.5],
			"to": [8.4, 9.03553, 10],
			"rotation": {"angle": 45, "axis": "x", "origin": [8, 8, 12]},
			"faces": {
				"north": {"uv": [7, 7, 7.5, 8], "texture": "#0"},
				"east": {"uv": [6, 0.5, 7, 1.5], "texture": "#0"},
				"south": {"uv": [7, 0.5, 7.5, 1.5], "texture": "#0"},
				"west": {"uv": [6, 1.5, 7, 2.5], "texture": "#0"},
				"up": {"uv": [7.5, 2.5, 7, 1.5], "texture": "#0"},
				"down": {"uv": [7.5, 2.5, 7, 3.5], "texture": "#0"}
			}
		},
		{
			"name": "octagon",
			"from": [7.5, 6.96447, 9.5],
			"to": [8.5, 9.03553, 10],
			"rotation": {"angle": 0, "axis": "x", "origin": [8, 8, 12]},
			"faces": {
				"north": {"uv": [1, 7.5, 1.5, 8.5], "texture": "#0"},
				"east": {"uv": [1.5, 7.5, 2, 8.5], "texture": "#0"},
				"south": {"uv": [3, 7.5, 3.5, 8.5], "texture": "#0"},
				"west": {"uv": [3.5, 7.5, 4, 8.5], "texture": "#0"},
				"up": {"uv": [5, 10, 4.5, 9.5], "texture": "#0"},
				"down": {"uv": [5.5, 9.5, 5, 10], "texture": "#0"}
			}
		},
		{
			"name": "octagon",
			"from": [7.6, 6.96447, 14],
			"to": [8.4, 9.03553, 14.5],
			"rotation": {"angle": 45, "axis": "x", "origin": [8, 8, 12]},
			"faces": {
				"north": {"uv": [4, 7.5, 4.5, 8.5], "texture": "#0"},
				"east": {"uv": [4.5, 7.5, 5, 8.5], "texture": "#0"},
				"south": {"uv": [5, 7.5, 5.5, 8.5], "texture": "#0"},
				"west": {"uv": [5.5, 7.5, 6, 8.5], "texture": "#0"},
				"up": {"uv": [6, 10, 5.5, 9.5], "texture": "#0"},
				"down": {"uv": [6.5, 9.5, 6, 10], "texture": "#0"}
			}
		},
		{
			"name": "octagon",
			"from": [7.5, 6.96447, 14],
			"to": [8.5, 9.03553, 14.5],
			"rotation": {"angle": 0, "axis": "x", "origin": [8, 8, 12]},
			"faces": {
				"north": {"uv": [7.5, 7.5, 8, 8.5], "texture": "#0"},
				"east": {"uv": [7.5, 0.5, 8, 1.5], "texture": "#0"},
				"south": {"uv": [7.5, 1.5, 8, 2.5], "texture": "#0"},
				"west": {"uv": [7.5, 2.5, 8, 3.5], "texture": "#0"},
				"up": {"uv": [7, 10, 6.5, 9.5], "texture": "#0"},
				"down": {"uv": [8, 9.5, 7.5, 10], "texture": "#0"}
			}
		},
		{
			"name": "octagon",
			"from": [7.6, 5.5, 10.96447],
			"to": [8.4, 6, 13.03553],
			"rotation": {"angle": 45, "axis": "x", "origin": [8, 8, 12]},
			"faces": {
				"north": {"uv": [8, 9.5, 8.5, 10], "texture": "#0"},
				"east": {"uv": [7.5, 3.5, 8.5, 4], "texture": "#0"},
				"south": {"uv": [8.5, 9.5, 9, 10], "texture": "#0"},
				"west": {"uv": [7.5, 4, 8.5, 4.5], "texture": "#0"},
				"up": {"uv": [8, 7.5, 7.5, 6.5], "texture": "#0"},
				"down": {"uv": [2.5, 8, 2, 9], "texture": "#0"}
			}
		},
		{
			"name": "octagon",
			"from": [7.5, 5.5, 10.96447],
			"to": [8.5, 6, 13.03553],
			"rotation": {"angle": 0, "axis": "x", "origin": [8, 8, 12]},
			"faces": {
				"north": {"uv": [9.5, 9.5, 10, 10], "texture": "#0"},
				"east": {"uv": [7.5, 4.5, 8.5, 5], "texture": "#0"},
				"south": {"uv": [9.5, 0, 10, 0.5], "texture": "#0"},
				"west": {"uv": [6, 8, 7, 8.5], "texture": "#0"},
				"up": {"uv": [3, 9, 2.5, 8], "texture": "#0"},
				"down": {"uv": [7.5, 8, 7, 9], "texture": "#0"}
			}
		},
		{
			"name": "octagon",
			"from": [7.6, 10, 10.96447],
			"to": [8.4, 10.5, 13.03553],
			"rotation": {"angle": 45, "axis": "x", "origin": [8, 8, 12]},
			"faces": {
				"north": {"uv": [9.5, 0.5, 10, 1], "texture": "#0"},
				"east": {"uv": [8, 8, 9, 8.5], "texture": "#0"},
				"south": {"uv": [9.5, 1, 10, 1.5], "texture": "#0"},
				"west": {"uv": [8, 0.5, 9, 1], "texture": "#0"},
				"up": {"uv": [8.5, 2, 8, 1], "texture": "#0"},
				"down": {"uv": [8.5, 2, 8, 3], "texture": "#0"}
			}
		},
		{
			"name": "octagon",
			"from": [7.6, 6.96447, 1.5],
			"to": [8.4, 9.03553, 2],
			"rotation": {"angle": 45, "axis": "x", "origin": [8, 8, 4]},
			"faces": {
				"north": {"uv": [8, 5, 8.5, 6], "texture": "#0"},
				"east": {"uv": [8, 6.5, 8.5, 7.5], "texture": "#0"},
				"south": {"uv": [1, 8.5, 1.5, 9.5], "texture": "#0"},
				"west": {"uv": [1.5, 8.5, 2, 9.5], "texture": "#0"},
				"up": {"uv": [10, 2, 9.5, 1.5], "texture": "#0"},
				"down": {"uv": [10, 2, 9.5, 2.5], "texture": "#0"}
			}
		},
		{
			"name": "octagon",
			"from": [7.5, 6.96447, 1.5],
			"to": [8.5, 9.03553, 2],
			"rotation": {"angle": 0, "axis": "x", "origin": [8, 8, 4]},
			"faces": {
				"north": {"uv": [3, 8.5, 3.5, 9.5], "texture": "#0"},
				"east": {"uv": [3.5, 8.5, 4, 9.5], "texture": "#0"},
				"south": {"uv": [4, 8.5, 4.5, 9.5], "texture": "#0"},
				"west": {"uv": [4.5, 8.5, 5, 9.5], "texture": "#0"},
				"up": {"uv": [10, 3, 9.5, 2.5], "texture": "#0"},
				"down": {"uv": [10, 3, 9.5, 3.5], "texture": "#0"}
			}
		},
		{
			"name": "octagon",
			"from": [7.6, 6.96447, 6],
			"to": [8.4, 9.03553, 6.5],
			"rotation": {"angle": 45, "axis": "x", "origin": [8, 8, 4]},
			"faces": {
				"north": {"uv": [5, 8.5, 5.5, 9.5], "texture": "#0"},
				"east": {"uv": [5.5, 8.5, 6, 9.5], "texture": "#0"},
				"south": {"uv": [6, 8.5, 6.5, 9.5], "texture": "#0"},
				"west": {"uv": [6.5, 8.5, 7, 9.5], "texture": "#0"},
				"up": {"uv": [10, 4, 9.5, 3.5], "texture": "#0"},
				"down": {"uv": [10, 4, 9.5, 4.5], "texture": "#0"}
			}
		},
		{
			"name": "octagon",
			"from": [7.5, 6.96447, 6],
			"to": [8.5, 9.03553, 6.5],
			"rotation": {"angle": 0, "axis": "x", "origin": [8, 8, 4]},
			"faces": {
				"north": {"uv": [7.5, 8.5, 8, 9.5], "texture": "#0"},
				"east": {"uv": [8, 8.5, 8.5, 9.5], "texture": "#0"},
				"south": {"uv": [8.5, 8.5, 9, 9.5], "texture": "#0"},
				"west": {"uv": [8.5, 1, 9, 2], "texture": "#0"},
				"up": {"uv": [10, 5, 9.5, 4.5], "texture": "#0"},
				"down": {"uv": [10, 5, 9.5, 5.5], "texture": "#0"}
			}
		},
		{
			"name": "octagon",
			"from": [7.6, 5.5, 2.96447],
			"to": [8.4, 6, 5.03553],
			"rotation": {"angle": 45, "axis": "x", "origin": [8, 8, 4]},
			"faces": {
				"north": {"uv": [9.5, 5.5, 10, 6], "texture": "#0"},
				"east": {"uv": [8, 3, 9, 3.5], "texture": "#0"},
				"south": {"uv": [9.5, 6, 10, 6.5], "texture": "#0"},
				"west": {"uv": [8, 7.5, 9, 8], "texture": "#0"},
				"up": {"uv": [9, 3, 8.5, 2], "texture": "#0"},
				"down": {"uv": [9, 3.5, 8.5, 4.5], "texture": "#0"}
			}
		},
		{
			"name": "octagon",
			"from": [7.5, 5.5, 2.96447],
			"to": [8.5, 6, 5.03553],
			"rotation": {"angle": 0, "axis": "x", "origin": [8, 8, 4]},
			"faces": {
				"north": {"uv": [9.5, 6.5, 10, 7], "texture": "#0"},
				"east": {"uv": [8.5, 0, 9.5, 0.5], "texture": "#0"},
				"south": {"uv": [9.5, 7, 10, 7.5], "texture": "#0"},
				"west": {"uv": [8.5, 4.5, 9.5, 5], "texture": "#0"},
				"up": {"uv": [9, 6, 8.5, 5], "texture": "#0"},
				"down": {"uv": [9, 6, 8.5, 7], "texture": "#0"}
			}
		},
		{
			"name": "octagon",
			"from": [7.6, 10, 2.96447],
			"to": [8.4, 11.5, 5.03553],
			"rotation": {"angle": 45, "axis": "x", "origin": [8, 8, 4]},
			"faces": {
				"north": {"uv": [2, 9, 2.5, 10], "texture": "#0"},
				"east": {"uv": [6, 2.5, 7, 3.5], "texture": "#0"},
				"south": {"uv": [2.5, 9, 3, 10], "texture": "#0"},
				"west": {"uv": [1, 6.5, 2, 7.5], "texture": "#0"},
				"up": {"uv": [7.5, 10, 7, 9], "texture": "#0"},
				"down": {"uv": [9.5, 9, 9, 10], "texture": "#0"}
			}
		}
	],
	"gui_light": "front",
	"display": {
		"thirdperson_righthand": {
			"scale": [0.7, 0.7, 0.7]
		},
		"thirdperson_lefthand": {
			"scale": [0.7, 0.7, 0.7]
		},
		"gui": {
			"rotation": [0, 117, 0],
			"translation": [2, -1.25, 0]
		},
		"head": {
			"rotation": [0, -90, 0],
			"translation": [0, 0.75, -7.25]
		}
	},
	"groups": [
		{
			"name": "group",
			"origin": [8, 8, 8],
			"children": [0, 1, 2, 3, 4, 5, 6, 7, 8,
				{
					"name": "octagon",
					"origin": [8, 8, 8],
					"children": [9, 10, 11, 12, 13, 14, 15]
				},
				{
					"name": "octagon",
					"origin": [8, 8, 8],
					"children": [16, 17, 18, 19, 20, 21, 22]
				}
			]
		}
	]
}