{
	"credit": "Made with Blockbench",
	"texture_size": [128, 128],
	"textures": {
		"0": "furniture/kitchen/stove/traditional/traditional_stove",
		"particle": "furniture/kitchen/stove/traditional/traditional_stove"
	},
	"elements": [
		{
			"from": [-8, 17, 15],
			"to": [24, 21, 16],
			"rotation": {"angle": 0, "axis": "y", "origin": [8, 12, 8]},
			"faces": {
				"north": {"uv": [4, 3.5, 8, 4], "texture": "#0"},
				"east": {"uv": [7.375, 7.875, 7.5, 8.375], "texture": "#0"},
				"south": {"uv": [3.5, 7.375, 7.5, 7.875], "texture": "#0"},
				"west": {"uv": [6.5, 8.875, 6.625, 9.375], "texture": "#0"},
				"up": {"uv": [12, 2.875, 8, 2.75], "texture": "#0"},
				"down": {"uv": [12, 2.875, 8, 3], "texture": "#0"}
			}
		},
		{
			"from": [-8, 14, 1],
			"to": [24, 17, 16],
			"rotation": {"angle": 0, "axis": "y", "origin": [8, 9, 8]},
			"faces": {
				"north": {"uv": [7.5, 6.75, 11.5, 7.125], "texture": "#0"},
				"east": {"uv": [8, 2, 9.875, 2.375], "texture": "#0"},
				"south": {"uv": [7.5, 7.125, 11.5, 7.5], "texture": "#0"},
				"west": {"uv": [8, 2.375, 9.875, 2.75], "texture": "#0"},
				"up": {"uv": [4, 1.875, 0, 0], "texture": "#0"},
				"down": {"uv": [4, 1.875, 0, 3.75], "texture": "#0"}
			}
		},
		{
			"from": [-8, 0, 2],
			"to": [24, 14, 16],
			"faces": {
				"north": {"uv": [0, 3.75, 4, 5.5], "texture": "#0"},
				"east": {"uv": [0, 7.125, 1.75, 8.875], "texture": "#0"},
				"south": {"uv": [4, 4, 8, 5.75], "texture": "#0"},
				"west": {"uv": [1.75, 7.125, 3.5, 8.875], "texture": "#0"},
				"up": {"uv": [8, 1.75, 4, 0], "texture": "#0"},
				"down": {"uv": [8, 1.75, 4, 3.5], "texture": "#0"}
			}
		},
		{
			"from": [-7, 16.75, 1.5],
			"to": [23, 17.75, 14.5],
			"rotation": {"angle": 0, "axis": "y", "origin": [8, 11.75, 7.5]},
			"faces": {
				"north": {"uv": [8, 3, 11.75, 3.125], "texture": "#0"},
				"east": {"uv": [8, 4.25, 9.625, 4.375], "texture": "#0"},
				"south": {"uv": [8, 3.125, 11.75, 3.25], "texture": "#0"},
				"west": {"uv": [8, 4.375, 9.625, 4.5], "texture": "#0"},
				"up": {"uv": [3.75, 7.125, 0, 5.5], "texture": "#0"},
				"down": {"uv": [7.5, 5.75, 3.75, 7.375], "texture": "#0"}
			}
		},
		{
			"from": [-4.5, 16.5, 3.5],
			"to": [-1.5, 17.5, 6.5],
			"rotation": {"angle": 0, "axis": "y", "origin": [-1.5, 16.5, 4.5]},
			"faces": {
				"north": {"uv": [2.625, 9, 3, 9.125], "texture": "#0"},
				"east": {"uv": [3, 9, 3.375, 9.125], "texture": "#0"},
				"south": {"uv": [3.375, 9, 3.75, 9.125], "texture": "#0"},
				"west": {"uv": [3.75, 9, 4.125, 9.125], "texture": "#0"},
				"up": {"uv": [8.375, 5.25, 8, 4.875], "texture": "#0"},
				"down": {"uv": [8.375, 5.25, 8, 5.625], "texture": "#0"}
			}
		},
		{
			"from": [-4.5, 16.5, 9.5],
			"to": [-1.5, 17.5, 12.5],
			"rotation": {"angle": 0, "axis": "y", "origin": [-1.5, 16.5, 10.5]},
			"faces": {
				"north": {"uv": [1.125, 9.125, 1.5, 9.25], "texture": "#0"},
				"east": {"uv": [1.5, 9.125, 1.875, 9.25], "texture": "#0"},
				"south": {"uv": [1.875, 9.125, 2.25, 9.25], "texture": "#0"},
				"west": {"uv": [2.25, 9.125, 2.625, 9.25], "texture": "#0"},
				"up": {"uv": [8.5, 8.875, 8.125, 8.5], "texture": "#0"},
				"down": {"uv": [8.875, 8.5, 8.5, 8.875], "texture": "#0"}
			}
		},
		{
			"from": [2.5, 16.5, 9.5],
			"to": [5.5, 17.5, 12.5],
			"rotation": {"angle": 0, "axis": "y", "origin": [5.5, 16.5, 10.5]},
			"faces": {
				"north": {"uv": [4.125, 9.125, 4.5, 9.25], "texture": "#0"},
				"east": {"uv": [4.5, 9.125, 4.875, 9.25], "texture": "#0"},
				"south": {"uv": [4.875, 9.125, 5.25, 9.25], "texture": "#0"},
				"west": {"uv": [5.25, 9.125, 5.625, 9.25], "texture": "#0"},
				"up": {"uv": [9.125, 5.25, 8.75, 4.875], "texture": "#0"},
				"down": {"uv": [9.125, 5.25, 8.75, 5.625], "texture": "#0"}
			}
		},
		{
			"from": [2.5, 16.5, 3.5],
			"to": [5.5, 17.5, 6.5],
			"rotation": {"angle": 0, "axis": "y", "origin": [5.5, 16.5, 4.5]},
			"faces": {
				"north": {"uv": [5.625, 9, 6, 9.125], "texture": "#0"},
				"east": {"uv": [6, 9, 6.375, 9.125], "texture": "#0"},
				"south": {"uv": [7, 9, 7.375, 9.125], "texture": "#0"},
				"west": {"uv": [7.375, 9, 7.75, 9.125], "texture": "#0"},
				"up": {"uv": [8.75, 5.25, 8.375, 4.875], "texture": "#0"},
				"down": {"uv": [8.75, 5.25, 8.375, 5.625], "texture": "#0"}
			}
		},
		{
			"from": [10.5, 16.5, 9.5],
			"to": [13.5, 17.5, 12.5],
			"rotation": {"angle": 0, "axis": "y", "origin": [10.5, 16.5, 10.5]},
			"faces": {
				"north": {"uv": [2.625, 9.125, 3, 9.25], "texture": "#0"},
				"east": {"uv": [3, 9.125, 3.375, 9.25], "texture": "#0"},
				"south": {"uv": [3.375, 9.125, 3.75, 9.25], "texture": "#0"},
				"west": {"uv": [3.75, 9.125, 4.125, 9.25], "texture": "#0"},
				"up": {"uv": [7.375, 9, 7, 8.625], "texture": "#0"},
				"down": {"uv": [9.125, 4.5, 8.75, 4.875], "texture": "#0"}
			}
		},
		{
			"from": [10.5, 16.5, 3.5],
			"to": [13.5, 17.5, 6.5],
			"rotation": {"angle": 0, "axis": "y", "origin": [10.5, 16.5, 4.5]},
			"faces": {
				"north": {"uv": [4.125, 9, 4.5, 9.125], "texture": "#0"},
				"east": {"uv": [4.5, 9, 4.875, 9.125], "texture": "#0"},
				"south": {"uv": [4.875, 9, 5.25, 9.125], "texture": "#0"},
				"west": {"uv": [5.25, 9, 5.625, 9.125], "texture": "#0"},
				"up": {"uv": [7.375, 8.625, 7, 8.25], "texture": "#0"},
				"down": {"uv": [8.75, 4.5, 8.375, 4.875], "texture": "#0"}
			}
		},
		{
			"from": [17.5, 16.5, 9.5],
			"to": [20.5, 17.5, 12.5],
			"rotation": {"angle": 0, "axis": "y", "origin": [17.5, 16.5, 10.5]},
			"faces": {
				"north": {"uv": [7.75, 9, 8.125, 9.125], "texture": "#0"},
				"east": {"uv": [8.125, 9, 8.5, 9.125], "texture": "#0"},
				"south": {"uv": [8.5, 9, 8.875, 9.125], "texture": "#0"},
				"west": {"uv": [8.875, 9, 9.25, 9.125], "texture": "#0"},
				"up": {"uv": [7.75, 8.875, 7.375, 8.5], "texture": "#0"},
				"down": {"uv": [8.125, 8.5, 7.75, 8.875], "texture": "#0"}
			}
		},
		{
			"from": [17.5, 16.5, 3.5],
			"to": [20.5, 17.5, 6.5],
			"rotation": {"angle": 0, "axis": "y", "origin": [17.5, 16.5, 4.5]},
			"faces": {
				"north": {"uv": [1.125, 9, 1.5, 9.125], "texture": "#0"},
				"east": {"uv": [1.5, 9, 1.875, 9.125], "texture": "#0"},
				"south": {"uv": [1.875, 9, 2.25, 9.125], "texture": "#0"},
				"west": {"uv": [2.25, 9, 2.625, 9.125], "texture": "#0"},
				"up": {"uv": [7.375, 8.25, 7, 7.875], "texture": "#0"},
				"down": {"uv": [8.375, 4.5, 8, 4.875], "texture": "#0"}
			}
		},
		{
			"from": [2.5, 14.5, 0.5],
			"to": [4.5, 16.5, 1.5],
			"rotation": {"angle": 0, "axis": "y", "origin": [11.5, 22.5, 8.5]},
			"faces": {
				"north": {"uv": [3.75, 5.5, 4, 5.75], "texture": "#0"},
				"east": {"uv": [6.375, 9, 6.5, 9.25], "texture": "#0"},
				"south": {"uv": [3.5, 7.125, 3.75, 7.375], "texture": "#0"},
				"west": {"uv": [5.625, 9.125, 5.75, 9.375], "texture": "#0"},
				"up": {"uv": [6, 9.25, 5.75, 9.125], "texture": "#0"},
				"down": {"uv": [6.25, 9.125, 6, 9.25], "texture": "#0"}
			}
		},
		{
			"from": [1, 15.5, 0.5],
			"to": [2, 16.5, 1.5],
			"rotation": {"angle": 0, "axis": "y", "origin": [9, 22.5, 8.5]},
			"faces": {
				"north": {"uv": [8.5, 9.125, 8.625, 9.25], "texture": "#0"},
				"east": {"uv": [8.625, 9.125, 8.75, 9.25], "texture": "#0"},
				"south": {"uv": [8.75, 9.125, 8.875, 9.25], "texture": "#0"},
				"west": {"uv": [8.875, 9.125, 9, 9.25], "texture": "#0"},
				"up": {"uv": [9.125, 9.25, 9, 9.125], "texture": "#0"},
				"down": {"uv": [9.25, 9.125, 9.125, 9.25], "texture": "#0"}
			}
		},
		{
			"from": [-0.5, 15.5, 0.5],
			"to": [0.5, 16.5, 1.5],
			"rotation": {"angle": 0, "axis": "y", "origin": [7.5, 22.5, 8.5]},
			"faces": {
				"north": {"uv": [9.125, 5.25, 9.25, 5.375], "texture": "#0"},
				"east": {"uv": [9.125, 5.375, 9.25, 5.5], "texture": "#0"},
				"south": {"uv": [9.125, 5.5, 9.25, 5.625], "texture": "#0"},
				"west": {"uv": [0.625, 9.25, 0.75, 9.375], "texture": "#0"},
				"up": {"uv": [0.875, 9.375, 0.75, 9.25], "texture": "#0"},
				"down": {"uv": [1, 9.25, 0.875, 9.375], "texture": "#0"}
			}
		},
		{
			"from": [-2, 15.5, 0.5],
			"to": [-1, 16.5, 1.5],
			"rotation": {"angle": 0, "axis": "y", "origin": [6, 22.5, 8.5]},
			"faces": {
				"north": {"uv": [1.75, 9.25, 1.875, 9.375], "texture": "#0"},
				"east": {"uv": [1.875, 9.25, 2, 9.375], "texture": "#0"},
				"south": {"uv": [2, 9.25, 2.125, 9.375], "texture": "#0"},
				"west": {"uv": [2.125, 9.25, 2.25, 9.375], "texture": "#0"},
				"up": {"uv": [2.375, 9.375, 2.25, 9.25], "texture": "#0"},
				"down": {"uv": [2.5, 9.25, 2.375, 9.375], "texture": "#0"}
			}
		},
		{
			"from": [-3.5, 15.5, 0.5],
			"to": [-2.5, 16.5, 1.5],
			"rotation": {"angle": 0, "axis": "y", "origin": [4.5, 22.5, 8.5]},
			"faces": {
				"north": {"uv": [3.25, 9.25, 3.375, 9.375], "texture": "#0"},
				"east": {"uv": [3.375, 9.25, 3.5, 9.375], "texture": "#0"},
				"south": {"uv": [3.5, 9.25, 3.625, 9.375], "texture": "#0"},
				"west": {"uv": [3.625, 9.25, 3.75, 9.375], "texture": "#0"},
				"up": {"uv": [3.875, 9.375, 3.75, 9.25], "texture": "#0"},
				"down": {"uv": [4, 9.25, 3.875, 9.375], "texture": "#0"}
			}
		},
		{
			"from": [12.5, 15.5, 0.5],
			"to": [13.5, 16.5, 1.5],
			"rotation": {"angle": 0, "axis": "y", "origin": [20.5, 22.5, 8.5]},
			"faces": {
				"north": {"uv": [4, 9.25, 4.125, 9.375], "texture": "#0"},
				"east": {"uv": [4.125, 9.25, 4.25, 9.375], "texture": "#0"},
				"south": {"uv": [4.25, 9.25, 4.375, 9.375], "texture": "#0"},
				"west": {"uv": [4.375, 9.25, 4.5, 9.375], "texture": "#0"},
				"up": {"uv": [4.625, 9.375, 4.5, 9.25], "texture": "#0"},
				"down": {"uv": [4.75, 9.25, 4.625, 9.375], "texture": "#0"}
			}
		},
		{
			"from": [14, 15.5, 0.5],
			"to": [15, 16.5, 1.5],
			"rotation": {"angle": 0, "axis": "y", "origin": [22, 22.5, 8.5]},
			"faces": {
				"north": {"uv": [2.5, 9.25, 2.625, 9.375], "texture": "#0"},
				"east": {"uv": [2.625, 9.25, 2.75, 9.375], "texture": "#0"},
				"south": {"uv": [2.75, 9.25, 2.875, 9.375], "texture": "#0"},
				"west": {"uv": [2.875, 9.25, 3, 9.375], "texture": "#0"},
				"up": {"uv": [3.125, 9.375, 3, 9.25], "texture": "#0"},
				"down": {"uv": [3.25, 9.25, 3.125, 9.375], "texture": "#0"}
			}
		},
		{
			"from": [15.5, 15.5, 0.5],
			"to": [16.5, 16.5, 1.5],
			"rotation": {"angle": 0, "axis": "y", "origin": [23.5, 22.5, 8.5]},
			"faces": {
				"north": {"uv": [1, 9.25, 1.125, 9.375], "texture": "#0"},
				"east": {"uv": [1.125, 9.25, 1.25, 9.375], "texture": "#0"},
				"south": {"uv": [1.25, 9.25, 1.375, 9.375], "texture": "#0"},
				"west": {"uv": [1.375, 9.25, 1.5, 9.375], "texture": "#0"},
				"up": {"uv": [1.625, 9.375, 1.5, 9.25], "texture": "#0"},
				"down": {"uv": [1.75, 9.25, 1.625, 9.375], "texture": "#0"}
			}
		},
		{
			"from": [17, 15.5, 0.5],
			"to": [18, 16.5, 1.5],
			"rotation": {"angle": 0, "axis": "y", "origin": [25, 22.5, 8.5]},
			"faces": {
				"north": {"uv": [9.125, 4.5, 9.25, 4.625], "texture": "#0"},
				"east": {"uv": [9.125, 4.625, 9.25, 4.75], "texture": "#0"},
				"south": {"uv": [9.125, 4.75, 9.25, 4.875], "texture": "#0"},
				"west": {"uv": [9.125, 4.875, 9.25, 5], "texture": "#0"},
				"up": {"uv": [9.25, 5.125, 9.125, 5], "texture": "#0"},
				"down": {"uv": [9.25, 5.125, 9.125, 5.25], "texture": "#0"}
			}
		},
		{
			"from": [18.5, 14.5, 0.5],
			"to": [20.5, 16.5, 1.5],
			"rotation": {"angle": 0, "axis": "y", "origin": [27.5, 22.5, 8.5]},
			"faces": {
				"north": {"uv": [0.625, 9, 0.875, 9.25], "texture": "#0"},
				"east": {"uv": [6.25, 9.125, 6.375, 9.375], "texture": "#0"},
				"south": {"uv": [0.875, 9, 1.125, 9.25], "texture": "#0"},
				"west": {"uv": [7, 9.125, 7.125, 9.375], "texture": "#0"},
				"up": {"uv": [7.375, 9.25, 7.125, 9.125], "texture": "#0"},
				"down": {"uv": [7.625, 9.125, 7.375, 9.25], "texture": "#0"}
			}
		},
		{
			"from": [-3, 11.5, 0.5],
			"to": [3, 12.5, 1.5],
			"rotation": {"angle": 0, "axis": "y", "origin": [8, 12.5, 6.5]},
			"faces": {
				"north": {"uv": [8, 5.625, 8.75, 5.75], "texture": "#0"},
				"east": {"uv": [7.375, 8.375, 7.5, 8.5], "texture": "#0"},
				"south": {"uv": [8.75, 5.625, 9.5, 5.75], "texture": "#0"},
				"west": {"uv": [7.625, 9.125, 7.75, 9.25], "texture": "#0"},
				"up": {"uv": [1.25, 9, 0.5, 8.875], "texture": "#0"},
				"down": {"uv": [2, 8.875, 1.25, 9], "texture": "#0"}
			}
		},
		{
			"from": [-7, 9, 1],
			"to": [7, 13, 2],
			"rotation": {"angle": 0, "axis": "y", "origin": [8, 13, 7]},
			"faces": {
				"north": {"uv": [8, 1, 9.75, 1.5], "texture": "#0"},
				"east": {"uv": [6.875, 8.875, 7, 9.375], "texture": "#0"},
				"south": {"uv": [8, 1.5, 9.75, 2], "texture": "#0"},
				"west": {"uv": [0.5, 9, 0.625, 9.5], "texture": "#0"},
				"up": {"uv": [9.75, 4.125, 8, 4], "texture": "#0"},
				"down": {"uv": [9.75, 4.125, 8, 4.25], "texture": "#0"}
			}
		},
		{
			"from": [-3, 6.5, 0.5],
			"to": [3, 7.5, 1.5],
			"rotation": {"angle": 0, "axis": "y", "origin": [8, 7.5, 6.5]},
			"faces": {
				"north": {"uv": [5, 8.875, 5.75, 9], "texture": "#0"},
				"east": {"uv": [8, 9.125, 8.125, 9.25], "texture": "#0"},
				"south": {"uv": [5.75, 8.875, 6.5, 9], "texture": "#0"},
				"west": {"uv": [8.125, 9.125, 8.25, 9.25], "texture": "#0"},
				"up": {"uv": [8.125, 9, 7.375, 8.875], "texture": "#0"},
				"down": {"uv": [8.875, 8.875, 8.125, 9], "texture": "#0"}
			}
		},
		{
			"from": [-7, 0, 1],
			"to": [7, 8, 2],
			"rotation": {"angle": 0, "axis": "y", "origin": [8, 8, 7]},
			"faces": {
				"north": {"uv": [3.5, 7.875, 5.25, 8.875], "texture": "#0"},
				"east": {"uv": [0.25, 8.875, 0.375, 9.875], "texture": "#0"},
				"south": {"uv": [5.25, 7.875, 7, 8.875], "texture": "#0"},
				"west": {"uv": [0.375, 8.875, 0.5, 9.875], "texture": "#0"},
				"up": {"uv": [9.75, 3.625, 8, 3.5], "texture": "#0"},
				"down": {"uv": [9.75, 3.625, 8, 3.75], "texture": "#0"}
			}
		},
		{
			"from": [13, 6.5, 0.5],
			"to": [19, 7.5, 1.5],
			"rotation": {"angle": 0, "axis": "y", "origin": [8, 7.5, 6.5]},
			"faces": {
				"north": {"uv": [8.875, 8.875, 9.625, 9], "texture": "#0"},
				"east": {"uv": [8.25, 9.125, 8.375, 9.25], "texture": "#0"},
				"south": {"uv": [8.875, 8.5, 9.625, 8.625], "texture": "#0"},
				"west": {"uv": [8.375, 9.125, 8.5, 9.25], "texture": "#0"},
				"up": {"uv": [9.625, 8.75, 8.875, 8.625], "texture": "#0"},
				"down": {"uv": [9.625, 8.75, 8.875, 8.875], "texture": "#0"}
			}
		},
		{
			"from": [9, 0, 1],
			"to": [23, 8, 2],
			"rotation": {"angle": 0, "axis": "y", "origin": [8, 8, 7]},
			"faces": {
				"north": {"uv": [7.5, 7.5, 9.25, 8.5], "texture": "#0"},
				"east": {"uv": [0, 8.875, 0.125, 9.875], "texture": "#0"},
				"south": {"uv": [7.5, 5.75, 9.25, 6.75], "texture": "#0"},
				"west": {"uv": [0.125, 8.875, 0.25, 9.875], "texture": "#0"},
				"up": {"uv": [9.75, 3.375, 8, 3.25], "texture": "#0"},
				"down": {"uv": [9.75, 3.375, 8, 3.5], "texture": "#0"}
			}
		},
		{
			"from": [13, 11.5, 0.5],
			"to": [19, 12.5, 1.5],
			"rotation": {"angle": 0, "axis": "y", "origin": [8, 12.5, 6.5]},
			"faces": {
				"north": {"uv": [2, 8.875, 2.75, 9], "texture": "#0"},
				"east": {"uv": [7.75, 9.125, 7.875, 9.25], "texture": "#0"},
				"south": {"uv": [2.75, 8.875, 3.5, 9], "texture": "#0"},
				"west": {"uv": [7.875, 9.125, 8, 9.25], "texture": "#0"},
				"up": {"uv": [4.25, 9, 3.5, 8.875], "texture": "#0"},
				"down": {"uv": [5, 8.875, 4.25, 9], "texture": "#0"}
			}
		},
		{
			"from": [9, 9, 1],
			"to": [23, 13, 2],
			"rotation": {"angle": 0, "axis": "y", "origin": [8, 13, 7]},
			"faces": {
				"north": {"uv": [8, 0, 9.75, 0.5], "texture": "#0"},
				"east": {"uv": [6.625, 8.875, 6.75, 9.375], "texture": "#0"},
				"south": {"uv": [8, 0.5, 9.75, 1], "texture": "#0"},
				"west": {"uv": [6.75, 8.875, 6.875, 9.375], "texture": "#0"},
				"up": {"uv": [9.75, 3.875, 8, 3.75], "texture": "#0"},
				"down": {"uv": [9.75, 3.875, 8, 4], "texture": "#0"}
			}
		}
	],
	"gui_light": "front",
	"display": {
		"thirdperson_righthand": {
			"scale": [0.5, 0.5, 0.5]
		},
		"thirdperson_lefthand": {
			"scale": [0.5, 0.5, 0.5]
		},
		"firstperson_righthand": {
			"rotation": [0, 130, 0],
			"scale": [0.5, 0.5, 0.5]
		},
		"firstperson_lefthand": {
			"rotation": [0, 130, 0],
			"scale": [0.5, 0.5, 0.5]
		},
		"gui": {
			"rotation": [18, -153, 0],
			"translation": [0.5, -1.25, 0],
			"scale": [0.5, 0.5, 0.5]
		},
		"head": {
			"translation": [12.5, -30.5, 0],
			"scale": [1.6, 1.6, 1.6]
		}
	},
	"groups": [
		{
			"name": "stove",
			"origin": [27.5, 22.5, 8.5],
			"children": [0, 1, 2,
				{
					"name": "TopGrid",
					"origin": [8, 11.75, 7.5],
					"children": [3]
				},
				{
					"name": "StovePlates",
					"origin": [17.5, 16.5, 4.5],
					"children": [4, 5, 6, 7, 8, 9, 10, 11]
				},
				{
					"name": "buttons",
					"origin": [27.5, 22.5, 8.5],
					"children": [12, 13, 14, 15, 16, 17, 18, 19, 20, 21]
				},
				{
					"name": "OvenDoors",
					"origin": [8, 13, 7],
					"children": [22, 23, 24, 25, 26, 27, 28, 29]
				}
			]
		}
	]
}