{
	"credit": "Made with Blockbench",
	"texture_size": [64, 64],
	"textures": {
		"0": "manamodels:entity/serpent",
		"particle": "manamodels:entity/serpent"
	},
	"elements": [
		{
			"name": "head_0",
			"from": [6.194, 6.794, 4.394],
			"to": [9.806, 11.606, 10.406],
			"faces": {
				"north": {"uv": [0, 7, 1.5, 9], "texture": "#0", "tintindex": 0},
				"east": {"uv": [0, 5, 2.5, 7], "texture": "#0", "tintindex": 0},
				"south": {"uv": [1.5, 7, 3, 9], "texture": "#0", "tintindex": 0},
				"west": {"uv": [2.5, 5, 5, 7], "texture": "#0", "tintindex": 0},
				"up": {"uv": [6.5, 7.5, 5, 5], "texture": "#0", "tintindex": 0},
				"down": {"uv": [5, 0, 6.5, 2.5], "texture": "#0", "tintindex": 0}
			}
		},
		{
			"name": "head_1",
			"from": [6.2, 8.6, 4.4],
			"to": [9.8, 12.2, 10.4],
			"faces": {
				"north": {"uv": [7.5, 2.5, 9, 4], "texture": "#0", "tintindex": 0},
				"east": {"uv": [5, 2.5, 7.5, 4], "texture": "#0", "tintindex": 0},
				"south": {"uv": [6, 8, 7.5, 9.5], "texture": "#0", "tintindex": 0},
				"west": {"uv": [6.5, 6.5, 9, 8], "texture": "#0", "tintindex": 0},
				"up": {"uv": [8, 2.5, 6.5, 0], "texture": "#0", "tintindex": 0},
				"down": {"uv": [6.5, 4, 8, 6.5], "texture": "#0", "tintindex": 0}
			}
		},
		{
			"name": "headflap_left_0",
			"from": [6, 7.3, 9.4],
			"to": [12, 13.3, 10.6],
			"rotation": {"angle": -45, "axis": "z", "origin": [9, 8.5, 10]},
			"faces": {
				"north": {"uv": [5, 2.5, 2.5, 5], "texture": "#0", "tintindex": 0},
				"east": {"uv": [2.5, 11, 2, 13.5], "texture": "#0", "tintindex": 0},
				"south": {"uv": [5, 0, 2.5, 2.5], "texture": "#0", "tintindex": 0},
				"west": {"uv": [2, 11, 1.5, 13.5], "texture": "#0", "tintindex": 0},
				"up": {"uv": [10.5, 3.5, 13, 3], "texture": "#0", "tintindex": 0},
				"down": {"uv": [13, 9.5, 10.5, 10], "texture": "#0", "tintindex": 0}
			}
		},
		{
			"name": "headflap_right_0",
			"from": [2.2, 5.5, 9.4],
			"to": [8.2, 11.5, 10.6],
			"rotation": {"angle": -45, "axis": "z", "origin": [7, 8.5, 10]},
			"faces": {
				"north": {"uv": [2.5, 0, 0, 2.5], "rotation": 90, "texture": "#0", "tintindex": 0},
				"east": {"uv": [13, 2.5, 10.5, 3], "rotation": 270, "texture": "#0", "tintindex": 0},
				"south": {"uv": [2.5, 2.5, 0, 5], "rotation": 270, "texture": "#0", "tintindex": 0},
				"west": {"uv": [10, 5, 12.5, 4.5], "rotation": 270, "texture": "#0", "tintindex": 0},
				"up": {"uv": [1.5, 11, 1, 13.5], "rotation": 270, "texture": "#0", "tintindex": 0},
				"down": {"uv": [9.5, 10.5, 9, 13], "rotation": 270, "texture": "#0", "tintindex": 0}
			}
		},
		{
			"name": "jaw_0",
			"from": [6.2, 7.4, 4.4],
			"to": [9.8, 8, 8],
			"faces": {
				"north": {"uv": [12, 5.5, 13.5, 5.75], "texture": "#0", "tintindex": 0},
				"east": {"uv": [12, 5.75, 13.5, 6], "texture": "#0", "tintindex": 0},
				"south": {"uv": [3.5, 12.5, 5, 12.75], "texture": "#0", "tintindex": 0},
				"west": {"uv": [5, 12.5, 6.5, 12.75], "texture": "#0", "tintindex": 0},
				"up": {"uv": [4.5, 8.5, 3, 7], "texture": "#0", "tintindex": 0},
				"down": {"uv": [4.5, 7.5, 6, 9], "texture": "#0", "tintindex": 0}
			}
		}
	],
	"gui_light": "front",
	"display": {
		"gui": {
			"rotation": [35, -135, 0],
			"translation": [0.5, -2.75, 0],
			"scale": [2, 2, 2]
		}
	}
}