{
	"credit": "Made with Blockbench",
	"texture_size": [64, 64],
	"textures": {
		"0": "easter21_crate/silver_spoon_shovel",
		"particle": "easter21_crate/silver_spoon_shovel"
	},
	"elements": [
		{
			"from": [6, 0, 6],
			"to": [10, 3, 10],
			"faces": {
				"north": {"uv": [4.25, 4, 5.25, 4.75], "texture": "#0"},
				"east": {"uv": [5, 0, 6, 0.75], "texture": "#0"},
				"south": {"uv": [5, 1, 6, 1.75], "texture": "#0"},
				"west": {"uv": [1.25, 5, 2.25, 5.75], "texture": "#0"},
				"up": {"uv": [4.75, 1, 3.75, 0], "texture": "#0"},
				"down": {"uv": [4.75, 1.25, 3.75, 2.25], "texture": "#0"}
			}
		},
		{
			"from": [7.5, -1, 7],
			"to": [8.5, 5, 9],
			"faces": {
				"north": {"uv": [5.5, 6, 5.75, 7.5], "texture": "#0"},
				"east": {"uv": [2.5, 5, 3, 6.5], "texture": "#0"},
				"south": {"uv": [6, 6, 6.25, 7.5], "texture": "#0"},
				"west": {"uv": [3.25, 5, 3.75, 6.5], "texture": "#0"},
				"up": {"uv": [2.75, 8.75, 2.5, 8.25], "texture": "#0"},
				"down": {"uv": [3.25, 8.25, 3, 8.75], "texture": "#0"}
			}
		},
		{
			"from": [6, 3, 8.5],
			"to": [7, 6, 9.5],
			"faces": {
				"north": {"uv": [7.25, 1, 7.5, 1.75], "texture": "#0"},
				"east": {"uv": [7.25, 2, 7.5, 2.75], "texture": "#0"},
				"south": {"uv": [0.5, 7.5, 0.75, 8.25], "texture": "#0"},
				"west": {"uv": [4, 7.5, 4.25, 8.25], "texture": "#0"},
				"up": {"uv": [5.75, 8.5, 5.5, 8.25], "texture": "#0"},
				"down": {"uv": [6.25, 8.25, 6, 8.5], "texture": "#0"}
			}
		},
		{
			"from": [9, 3, 8.5],
			"to": [10, 6, 9.5],
			"faces": {
				"north": {"uv": [7.75, 0, 8, 0.75], "texture": "#0"},
				"east": {"uv": [7.75, 1, 8, 1.75], "texture": "#0"},
				"south": {"uv": [7.75, 2, 8, 2.75], "texture": "#0"},
				"west": {"uv": [7.75, 3, 8, 3.75], "texture": "#0"},
				"up": {"uv": [5.25, 8.75, 5, 8.5], "texture": "#0"},
				"down": {"uv": [8.75, 5.5, 8.5, 5.75], "texture": "#0"}
			}
		},
		{
			"from": [6, 3, 6.5],
			"to": [7, 6, 7.5],
			"faces": {
				"north": {"uv": [7.5, 4, 7.75, 4.75], "texture": "#0"},
				"east": {"uv": [4.5, 7.5, 4.75, 8.25], "texture": "#0"},
				"south": {"uv": [5, 7.5, 5.25, 8.25], "texture": "#0"},
				"west": {"uv": [7.5, 5, 7.75, 5.75], "texture": "#0"},
				"up": {"uv": [8.25, 8.5, 8, 8.25], "texture": "#0"},
				"down": {"uv": [0.75, 8.5, 0.5, 8.75], "texture": "#0"}
			}
		},
		{
			"from": [9, 3, 6.5],
			"to": [10, 6, 7.5],
			"faces": {
				"north": {"uv": [7.5, 6, 7.75, 6.75], "texture": "#0"},
				"east": {"uv": [6.5, 7.5, 6.75, 8.25], "texture": "#0"},
				"south": {"uv": [7, 7.5, 7.25, 8.25], "texture": "#0"},
				"west": {"uv": [7.5, 7, 7.75, 7.75], "texture": "#0"},
				"up": {"uv": [4.25, 8.75, 4, 8.5], "texture": "#0"},
				"down": {"uv": [4.75, 8.5, 4.5, 8.75], "texture": "#0"}
			}
		},
		{
			"from": [6.5, 5, 7],
			"to": [7.5, 8, 9],
			"faces": {
				"north": {"uv": [2, 7, 2.25, 7.75], "texture": "#0"},
				"east": {"uv": [1, 6, 1.5, 6.75], "texture": "#0"},
				"south": {"uv": [7, 5.5, 7.25, 6.25], "texture": "#0"},
				"west": {"uv": [1.75, 6, 2.25, 6.75], "texture": "#0"},
				"up": {"uv": [7.75, 8.5, 7.5, 8], "texture": "#0"},
				"down": {"uv": [8.25, 7.5, 8, 8], "texture": "#0"}
			}
		},
		{
			"from": [8.5, 5, 7],
			"to": [9.5, 8, 9],
			"faces": {
				"north": {"uv": [7, 6.5, 7.25, 7.25], "texture": "#0"},
				"east": {"uv": [6, 4, 6.5, 4.75], "texture": "#0"},
				"south": {"uv": [7.25, 0, 7.5, 0.75], "texture": "#0"},
				"west": {"uv": [6, 5, 6.5, 5.75], "texture": "#0"},
				"up": {"uv": [8.5, 2, 8.25, 1.5], "texture": "#0"},
				"down": {"uv": [8.5, 2.25, 8.25, 2.75], "texture": "#0"}
			}
		},
		{
			"from": [7, 8, 7],
			"to": [9, 9, 9],
			"faces": {
				"north": {"uv": [8.25, 0, 8.75, 0.25], "texture": "#0"},
				"east": {"uv": [8.25, 0.5, 8.75, 0.75], "texture": "#0"},
				"south": {"uv": [1, 8.25, 1.5, 8.5], "texture": "#0"},
				"west": {"uv": [8.25, 1, 8.75, 1.25], "texture": "#0"},
				"up": {"uv": [7.25, 4.5, 6.75, 4], "texture": "#0"},
				"down": {"uv": [7.25, 4.75, 6.75, 5.25], "texture": "#0"}
			}
		},
		{
			"from": [6.5, 9, 6.5],
			"to": [9.5, 10, 9.5],
			"faces": {
				"north": {"uv": [5.5, 7.75, 6.25, 8], "texture": "#0"},
				"east": {"uv": [8, 4, 8.75, 4.25], "texture": "#0"},
				"south": {"uv": [8, 4.5, 8.75, 4.75], "texture": "#0"},
				"west": {"uv": [8, 5, 8.75, 5.25], "texture": "#0"},
				"up": {"uv": [6, 2.75, 5.25, 2], "texture": "#0"},
				"down": {"uv": [6, 3, 5.25, 3.75], "texture": "#0"}
			}
		},
		{
			"from": [7.5, 10, 7.5],
			"to": [8.5, 19, 8.5],
			"faces": {
				"north": {"uv": [4, 5, 4.25, 7.25], "texture": "#0"},
				"east": {"uv": [4.5, 5, 4.75, 7.25], "texture": "#0"},
				"south": {"uv": [5, 5, 5.25, 7.25], "texture": "#0"},
				"west": {"uv": [0, 5.5, 0.25, 7.75], "texture": "#0"},
				"up": {"uv": [8.75, 6.25, 8.5, 6], "texture": "#0"},
				"down": {"uv": [6.75, 8.5, 6.5, 8.75], "texture": "#0"}
			}
		},
		{
			"from": [8.25, 20, 4.5],
			"to": [9.25, 24, 11.5],
			"faces": {
				"north": {"uv": [1, 7, 1.25, 8], "texture": "#0"},
				"east": {"uv": [1.25, 2.75, 3, 3.75], "texture": "#0"},
				"south": {"uv": [1.5, 7, 1.75, 8], "texture": "#0"},
				"west": {"uv": [3.25, 2.75, 5, 3.75], "texture": "#0"},
				"up": {"uv": [0.75, 7.25, 0.5, 5.5], "texture": "#0"},
				"down": {"uv": [5.75, 4, 5.5, 5.75], "texture": "#0"}
			}
		},
		{
			"from": [9.224, 19, 2.5],
			"to": [9.249, 29, 6.5],
			"rotation": {"angle": 22.5, "axis": "y", "origin": [9.25, 29, 6.5]},
			"faces": {
				"north": {"uv": [1.75, 8.25, 1.75, 10.75], "texture": "#0"},
				"east": {"uv": [0, 0, 1, 2.5], "texture": "#0"},
				"south": {"uv": [8.5, 7, 8.5, 9.5], "texture": "#0"},
				"west": {"uv": [1.25, 0, 2.25, 2.5], "texture": "#0"},
				"up": {"uv": [1, 9.75, 1, 8.75], "texture": "#0"},
				"down": {"uv": [1.25, 8.75, 1.25, 9.75], "texture": "#0"}
			}
		},
		{
			"from": [9.249, 19, 9.5],
			"to": [9.274, 29, 13.5],
			"rotation": {"angle": -22.5, "axis": "y", "origin": [9.25, 29, 9.5]},
			"faces": {
				"north": {"uv": [1.5, 8.75, 1.5, 11.25], "texture": "#0"},
				"east": {"uv": [2.5, 0, 3.5, 2.5], "texture": "#0"},
				"south": {"uv": [5.5, 8.75, 5.5, 11.25], "texture": "#0"},
				"west": {"uv": [0, 2.75, 1, 5.25], "texture": "#0"},
				"up": {"uv": [8.75, 2.5, 8.75, 1.5], "texture": "#0"},
				"down": {"uv": [8.75, 2.75, 8.75, 3.75], "texture": "#0"}
			}
		},
		{
			"from": [8, 19, 5.5],
			"to": [9, 20, 10.5],
			"faces": {
				"north": {"uv": [8.5, 6.5, 8.75, 6.75], "texture": "#0"},
				"east": {"uv": [6.25, 3, 7.5, 3.25], "texture": "#0"},
				"south": {"uv": [7, 8.5, 7.25, 8.75], "texture": "#0"},
				"west": {"uv": [6.25, 3.5, 7.5, 3.75], "texture": "#0"},
				"up": {"uv": [3.25, 8, 3, 6.75], "texture": "#0"},
				"down": {"uv": [3.75, 6.75, 3.5, 8], "texture": "#0"}
			}
		},
		{
			"from": [8.5, 24, 5.5],
			"to": [9.5, 27, 10.5],
			"faces": {
				"north": {"uv": [0, 8, 0.25, 8.75], "texture": "#0"},
				"east": {"uv": [1.25, 4, 2.5, 4.75], "texture": "#0"},
				"south": {"uv": [2, 8, 2.25, 8.75], "texture": "#0"},
				"west": {"uv": [2.75, 4, 4, 4.75], "texture": "#0"},
				"up": {"uv": [6.75, 7.25, 6.5, 6], "texture": "#0"},
				"down": {"uv": [2.75, 6.75, 2.5, 8], "texture": "#0"}
			}
		},
		{
			"from": [8.25, 27, 6.5],
			"to": [9.25, 29, 9.5],
			"faces": {
				"north": {"uv": [8.25, 3, 8.5, 3.5], "texture": "#0"},
				"east": {"uv": [6.25, 0, 7, 0.5], "texture": "#0"},
				"south": {"uv": [3.5, 8.25, 3.75, 8.75], "texture": "#0"},
				"west": {"uv": [6.25, 0.75, 7, 1.25], "texture": "#0"},
				"up": {"uv": [8.25, 6.25, 8, 5.5], "texture": "#0"},
				"down": {"uv": [8.25, 6.5, 8, 7.25], "texture": "#0"}
			}
		},
		{
			"from": [8.87945, 28.73216, 6.5],
			"to": [8.90445, 30.73216, 9.5],
			"rotation": {"angle": 22.5, "axis": "z", "origin": [8.40445, 29.73216, 8]},
			"faces": {
				"north": {"uv": [5, 2, 5, 2.5], "texture": "#0"},
				"east": {"uv": [6.25, 1.5, 7, 2], "texture": "#0"},
				"south": {"uv": [5.75, 8.75, 5.75, 9.25], "texture": "#0"},
				"west": {"uv": [6.25, 2.25, 7, 2.75], "texture": "#0"},
				"up": {"uv": [6, 9.5, 6, 8.75], "texture": "#0"},
				"down": {"uv": [6.25, 8.75, 6.25, 9.5], "texture": "#0"}
			}
		}
	],
	"gui_light": "front",
	"display": {
		"thirdperson_righthand": {
			"translation": [0, -0.75, 2],
			"scale": [0.8, 0.8, 0.8]
		},
		"thirdperson_lefthand": {
			"translation": [0, 0.75, 2],
			"scale": [0.8, 0.8, 0.8]
		},
		"firstperson_righthand": {
			"scale": [0.7, 0.7, 0.7]
		},
		"firstperson_lefthand": {
			"scale": [0.7, 0.7, 0.7]
		},
		"ground": {
			"scale": [0.3, 0.3, 0.3]
		},
		"gui": {
			"rotation": [90, -45, 90],
			"translation": [2.75, -3, 0],
			"scale": [0.59, 0.59, 0.59]
		},
		"fixed": {
			"rotation": [90, -45, 90],
			"translation": [1.75, -2.5, -1.25],
			"scale": [0.59, 0.59, 0.59]
		}
	}
}