{
	"credit": "Made with Blockbench",
	"texture_size": [128, 128],
	"textures": {
		"0": "signs/asgard_prison",
		"particle": "signs/asgard_prison"
	},
	"elements": [
		{
			"from": [0, 2, 13],
			"to": [3, 10, 16],
			"rotation": {"angle": 0, "axis": "y", "origin": [8.34058, 0.76466, 12.39855]},
			"faces": {
				"north": {"uv": [0.375, 12.5, 0.75, 13.5], "texture": "#0"},
				"east": {"uv": [0, 12.5, 0.375, 13.5], "texture": "#0"},
				"south": {"uv": [1.125, 12.5, 1.5, 13.5], "texture": "#0"},
				"west": {"uv": [0.75, 12.5, 1.125, 13.5], "texture": "#0"},
				"up": {"uv": [0.75, 12.5, 0.375, 12.125], "texture": "#0"},
				"down": {"uv": [1.125, 12.125, 0.75, 12.5], "texture": "#0"}
			}
		},
		{
			"from": [4, 2, 13],
			"to": [7, 10, 16],
			"rotation": {"angle": 0, "axis": "y", "origin": [8.34058, 0.76466, 12.39855]},
			"faces": {
				"north": {"uv": [12.375, 3.625, 12.75, 4.625], "texture": "#0"},
				"east": {"uv": [12, 3.625, 12.375, 4.625], "texture": "#0"},
				"south": {"uv": [13.125, 3.625, 13.5, 4.625], "texture": "#0"},
				"west": {"uv": [12.75, 3.625, 13.125, 4.625], "texture": "#0"},
				"up": {"uv": [12.75, 3.625, 12.375, 3.25], "texture": "#0"},
				"down": {"uv": [13.125, 3.25, 12.75, 3.625], "texture": "#0"}
			}
		},
		{
			"from": [0, 10, 13],
			"to": [7, 13, 16],
			"rotation": {"angle": 0, "axis": "y", "origin": [8.34058, 0.76466, 12.39855]},
			"faces": {
				"north": {"uv": [9.875, 4.375, 10.75, 4.75], "texture": "#0"},
				"east": {"uv": [9.5, 4.375, 9.875, 4.75], "texture": "#0"},
				"south": {"uv": [11.125, 4.375, 12, 4.75], "texture": "#0"},
				"west": {"uv": [10.75, 4.375, 11.125, 4.75], "texture": "#0"},
				"up": {"uv": [10.75, 4.375, 9.875, 4], "texture": "#0"},
				"down": {"uv": [11.625, 4, 10.75, 4.375], "texture": "#0"}
			}
		},
		{
			"from": [3, 5, 13],
			"to": [4, 7, 16],
			"rotation": {"angle": 0, "axis": "y", "origin": [8.34058, 0.76466, 12.39855]},
			"faces": {
				"north": {"uv": [14.25, 2.25, 14.375, 2.5], "texture": "#0"},
				"east": {"uv": [13.875, 2.25, 14.25, 2.5], "texture": "#0"},
				"south": {"uv": [14.75, 2.25, 14.875, 2.5], "texture": "#0"},
				"west": {"uv": [14.375, 2.25, 14.75, 2.5], "texture": "#0"},
				"up": {"uv": [14.375, 2.25, 14.25, 1.875], "texture": "#0"},
				"down": {"uv": [14.5, 1.875, 14.375, 2.25], "texture": "#0"}
			}
		},
		{
			"from": [-4, 2, 13],
			"to": [-1, 13, 16],
			"rotation": {"angle": 0, "axis": "y", "origin": [8.34058, 0.76466, 12.39855]},
			"faces": {
				"north": {"uv": [11.375, 7, 11.75, 8.375], "texture": "#0"},
				"east": {"uv": [11, 7, 11.375, 8.375], "texture": "#0"},
				"south": {"uv": [12.125, 7, 12.5, 8.375], "texture": "#0"},
				"west": {"uv": [11.75, 7, 12.125, 8.375], "texture": "#0"},
				"up": {"uv": [11.75, 7, 11.375, 6.625], "texture": "#0"},
				"down": {"uv": [12.125, 6.625, 11.75, 7], "texture": "#0"}
			}
		},
		{
			"from": [-6, 5, 13],
			"to": [-4, 7, 16],
			"rotation": {"angle": 0, "axis": "y", "origin": [8.34058, 0.76466, 12.39855]},
			"faces": {
				"north": {"uv": [6, 14.25, 6.25, 14.5], "texture": "#0"},
				"east": {"uv": [5.625, 14.25, 6, 14.5], "texture": "#0"},
				"south": {"uv": [6.625, 14.25, 6.875, 14.5], "texture": "#0"},
				"west": {"uv": [6.25, 14.25, 6.625, 14.5], "texture": "#0"},
				"up": {"uv": [6.25, 14.25, 6, 13.875], "texture": "#0"},
				"down": {"uv": [6.5, 13.875, 6.25, 14.25], "texture": "#0"}
			}
		},
		{
			"from": [-8, 10, 13],
			"to": [-4, 13, 16],
			"rotation": {"angle": 0, "axis": "y", "origin": [8.34058, 0.76466, 12.39855]},
			"faces": {
				"north": {"uv": [13.625, 8.125, 14.125, 8.5], "texture": "#0"},
				"east": {"uv": [13.25, 8.125, 13.625, 8.5], "texture": "#0"},
				"south": {"uv": [14.5, 8.125, 15, 8.5], "texture": "#0"},
				"west": {"uv": [14.125, 8.125, 14.5, 8.5], "texture": "#0"},
				"up": {"uv": [14.125, 8.125, 13.625, 7.75], "texture": "#0"},
				"down": {"uv": [14.625, 7.75, 14.125, 8.125], "texture": "#0"}
			}
		},
		{
			"from": [-8, 7, 13],
			"to": [-5, 10, 16],
			"rotation": {"angle": 0, "axis": "y", "origin": [8.34058, 0.76466, 12.39855]},
			"faces": {
				"north": {"uv": [13.875, 6.25, 14.25, 6.625], "texture": "#0"},
				"east": {"uv": [13.5, 6.25, 13.875, 6.625], "texture": "#0"},
				"south": {"uv": [14.625, 6.25, 15, 6.625], "texture": "#0"},
				"west": {"uv": [14.25, 6.25, 14.625, 6.625], "texture": "#0"},
				"up": {"uv": [14.25, 6.25, 13.875, 5.875], "texture": "#0"},
				"down": {"uv": [14.625, 5.875, 14.25, 6.25], "texture": "#0"}
			}
		},
		{
			"from": [-8, 2, 13],
			"to": [-5, 5, 16],
			"rotation": {"angle": 0, "axis": "y", "origin": [8.34058, 0.76466, 12.39855]},
			"faces": {
				"north": {"uv": [13.875, 3.375, 14.25, 3.75], "texture": "#0"},
				"east": {"uv": [13.5, 3.375, 13.875, 3.75], "texture": "#0"},
				"south": {"uv": [14.625, 3.375, 15, 3.75], "texture": "#0"},
				"west": {"uv": [14.25, 3.375, 14.625, 3.75], "texture": "#0"},
				"up": {"uv": [14.25, 3.375, 13.875, 3], "texture": "#0"},
				"down": {"uv": [14.625, 3, 14.25, 3.375], "texture": "#0"}
			}
		},
		{
			"from": [-12, 2, 13],
			"to": [-9, 13, 16],
			"rotation": {"angle": 0, "axis": "y", "origin": [8.34058, 0.76466, 12.39855]},
			"faces": {
				"north": {"uv": [11.375, 1.875, 11.75, 3.25], "texture": "#0"},
				"east": {"uv": [11, 1.875, 11.375, 3.25], "texture": "#0"},
				"south": {"uv": [12.125, 1.875, 12.5, 3.25], "texture": "#0"},
				"west": {"uv": [11.75, 1.875, 12.125, 3.25], "texture": "#0"},
				"up": {"uv": [11.75, 1.875, 11.375, 1.5], "texture": "#0"},
				"down": {"uv": [12.125, 1.5, 11.75, 1.875], "texture": "#0"}
			}
		},
		{
			"from": [-14, 2, 13],
			"to": [-12, 5, 16],
			"rotation": {"angle": 0, "axis": "y", "origin": [8.34058, 0.76466, 12.39855]},
			"faces": {
				"north": {"uv": [14, 12.5, 14.25, 12.875], "texture": "#0"},
				"east": {"uv": [13.625, 12.5, 14, 12.875], "texture": "#0"},
				"south": {"uv": [14.625, 12.5, 14.875, 12.875], "texture": "#0"},
				"west": {"uv": [14.25, 12.5, 14.625, 12.875], "texture": "#0"},
				"up": {"uv": [14.25, 12.5, 14, 12.125], "texture": "#0"},
				"down": {"uv": [14.5, 12.125, 14.25, 12.5], "texture": "#0"}
			}
		},
		{
			"from": [-16, 4, 13],
			"to": [-13, 11, 16],
			"rotation": {"angle": 0, "axis": "y", "origin": [8.34058, 0.76466, 12.39855]},
			"faces": {
				"north": {"uv": [6, 12.75, 6.375, 13.625], "texture": "#0"},
				"east": {"uv": [5.625, 12.75, 6, 13.625], "texture": "#0"},
				"south": {"uv": [6.75, 12.75, 7.125, 13.625], "texture": "#0"},
				"west": {"uv": [6.375, 12.75, 6.75, 13.625], "texture": "#0"},
				"up": {"uv": [6.375, 12.75, 6, 12.375], "texture": "#0"},
				"down": {"uv": [6.75, 12.375, 6.375, 12.75], "texture": "#0"}
			}
		},
		{
			"from": [-14, 10, 13],
			"to": [-12, 13, 16],
			"rotation": {"angle": 0, "axis": "y", "origin": [8.34058, 0.76466, 12.39855]},
			"faces": {
				"north": {"uv": [5.625, 11.875, 5.875, 12.25], "texture": "#0"},
				"east": {"uv": [5.25, 11.875, 5.625, 12.25], "texture": "#0"},
				"south": {"uv": [6.25, 11.875, 6.5, 12.25], "texture": "#0"},
				"west": {"uv": [5.875, 11.875, 6.25, 12.25], "texture": "#0"},
				"up": {"uv": [5.875, 11.875, 5.625, 11.5], "texture": "#0"},
				"down": {"uv": [6.125, 11.5, 5.875, 11.875], "texture": "#0"}
			}
		},
		{
			"from": [8, 5, 13],
			"to": [11, 8, 16],
			"rotation": {"angle": 0, "axis": "y", "origin": [8.34058, 0.76466, 12.39855]},
			"faces": {
				"north": {"uv": [0.375, 13.875, 0.75, 14.25], "texture": "#0"},
				"east": {"uv": [0, 13.875, 0.375, 14.25], "texture": "#0"},
				"south": {"uv": [1.125, 13.875, 1.5, 14.25], "texture": "#0"},
				"west": {"uv": [0.75, 13.875, 1.125, 14.25], "texture": "#0"},
				"up": {"uv": [0.75, 13.875, 0.375, 13.5], "texture": "#0"},
				"down": {"uv": [1.125, 13.5, 0.75, 13.875], "texture": "#0"}
			}
		},
		{
			"from": [8, 2, 13],
			"to": [12, 5, 16],
			"rotation": {"angle": 0, "axis": "y", "origin": [8.34058, 0.76466, 12.39855]},
			"faces": {
				"north": {"uv": [13.625, 13.625, 14.125, 14], "texture": "#0"},
				"east": {"uv": [13.25, 13.625, 13.625, 14], "texture": "#0"},
				"south": {"uv": [14.5, 13.625, 15, 14], "texture": "#0"},
				"west": {"uv": [14.125, 13.625, 14.5, 14], "texture": "#0"},
				"up": {"uv": [14.125, 13.625, 13.625, 13.25], "texture": "#0"},
				"down": {"uv": [14.625, 13.25, 14.125, 13.625], "texture": "#0"}
			}
		},
		{
			"from": [12, 2, 13],
			"to": [15, 13, 16],
			"rotation": {"angle": 0, "axis": "y", "origin": [8.34058, 0.76466, 12.39855]},
			"faces": {
				"north": {"uv": [6.875, 11, 7.25, 12.375], "texture": "#0"},
				"east": {"uv": [6.5, 11, 6.875, 12.375], "texture": "#0"},
				"south": {"uv": [7.625, 11, 8, 12.375], "texture": "#0"},
				"west": {"uv": [7.25, 11, 7.625, 12.375], "texture": "#0"},
				"up": {"uv": [7.25, 11, 6.875, 10.625], "texture": "#0"},
				"down": {"uv": [7.625, 10.625, 7.25, 11], "texture": "#0"}
			}
		},
		{
			"from": [8, 10, 13],
			"to": [12, 13, 16],
			"rotation": {"angle": 0, "axis": "y", "origin": [8.34058, 0.76466, 12.39855]},
			"faces": {
				"north": {"uv": [3.25, 13.625, 3.75, 14], "texture": "#0"},
				"east": {"uv": [2.875, 13.625, 3.25, 14], "texture": "#0"},
				"south": {"uv": [4.125, 13.625, 4.625, 14], "texture": "#0"},
				"west": {"uv": [3.75, 13.625, 4.125, 14], "texture": "#0"},
				"up": {"uv": [3.75, 13.625, 3.25, 13.25], "texture": "#0"},
				"down": {"uv": [4.25, 13.25, 3.75, 13.625], "texture": "#0"}
			}
		},
		{
			"from": [16, 10, 13],
			"to": [20, 13, 16],
			"rotation": {"angle": 0, "axis": "y", "origin": [8.34058, 0.76466, 12.39855]},
			"faces": {
				"north": {"uv": [13.5, 10.75, 14, 11.125], "texture": "#0"},
				"east": {"uv": [13.125, 10.75, 13.5, 11.125], "texture": "#0"},
				"south": {"uv": [14.375, 10.75, 14.875, 11.125], "texture": "#0"},
				"west": {"uv": [14, 10.75, 14.375, 11.125], "texture": "#0"},
				"up": {"uv": [14, 10.75, 13.5, 10.375], "texture": "#0"},
				"down": {"uv": [14.5, 10.375, 14, 10.75], "texture": "#0"}
			}
		},
		{
			"from": [20, 6, 13],
			"to": [23, 13, 16],
			"rotation": {"angle": 0, "axis": "y", "origin": [8.34058, 0.76466, 12.39855]},
			"faces": {
				"north": {"uv": [12.5, 12.5, 12.875, 13.375], "texture": "#0"},
				"east": {"uv": [12.125, 12.5, 12.5, 13.375], "texture": "#0"},
				"south": {"uv": [13.25, 12.5, 13.625, 13.375], "texture": "#0"},
				"west": {"uv": [12.875, 12.5, 13.25, 13.375], "texture": "#0"},
				"up": {"uv": [12.875, 12.5, 12.5, 12.125], "texture": "#0"},
				"down": {"uv": [13.25, 12.125, 12.875, 12.5], "texture": "#0"}
			}
		},
		{
			"from": [16, 6, 13],
			"to": [20, 9, 16],
			"rotation": {"angle": 0, "axis": "y", "origin": [8.34058, 0.76466, 12.39855]},
			"faces": {
				"north": {"uv": [1.5, 13.5, 2, 13.875], "texture": "#0"},
				"east": {"uv": [1.125, 13.5, 1.5, 13.875], "texture": "#0"},
				"south": {"uv": [2.375, 13.5, 2.875, 13.875], "texture": "#0"},
				"west": {"uv": [2, 13.5, 2.375, 13.875], "texture": "#0"},
				"up": {"uv": [2, 13.5, 1.5, 13.125], "texture": "#0"},
				"down": {"uv": [2.5, 13.125, 2, 13.5], "texture": "#0"}
			}
		},
		{
			"from": [16, 2, 13],
			"to": [19, 6, 16],
			"rotation": {"angle": 0, "axis": "y", "origin": [8.34058, 0.76466, 12.39855]},
			"faces": {
				"north": {"uv": [7.125, 13.75, 7.5, 14.25], "texture": "#0"},
				"east": {"uv": [6.75, 13.75, 7.125, 14.25], "texture": "#0"},
				"south": {"uv": [7.875, 13.75, 8.25, 14.25], "texture": "#0"},
				"west": {"uv": [7.5, 13.75, 7.875, 14.25], "texture": "#0"},
				"up": {"uv": [7.5, 13.75, 7.125, 13.375], "texture": "#0"},
				"down": {"uv": [7.875, 13.375, 7.5, 13.75], "texture": "#0"}
			}
		},
		{
			"from": [19, 2, 13],
			"to": [23, 5, 16],
			"rotation": {"angle": 0, "axis": "y", "origin": [8.34058, 0.76466, 12.39855]},
			"faces": {
				"north": {"uv": [12.875, 7.375, 13.375, 7.75], "texture": "#0"},
				"east": {"uv": [12.5, 7.375, 12.875, 7.75], "texture": "#0"},
				"south": {"uv": [13.75, 7.375, 14.25, 7.75], "texture": "#0"},
				"west": {"uv": [13.375, 7.375, 13.75, 7.75], "texture": "#0"},
				"up": {"uv": [13.375, 7.375, 12.875, 7], "texture": "#0"},
				"down": {"uv": [13.875, 7, 13.375, 7.375], "texture": "#0"}
			}
		},
		{
			"from": [24, 2, 13],
			"to": [27, 10, 16],
			"rotation": {"angle": 0, "axis": "y", "origin": [8.34058, 0.76466, 12.39855]},
			"faces": {
				"north": {"uv": [9.5, 12.375, 9.875, 13.375], "texture": "#0"},
				"east": {"uv": [9.125, 12.375, 9.5, 13.375], "texture": "#0"},
				"south": {"uv": [10.25, 12.375, 10.625, 13.375], "texture": "#0"},
				"west": {"uv": [9.875, 12.375, 10.25, 13.375], "texture": "#0"},
				"up": {"uv": [9.875, 12.375, 9.5, 12], "texture": "#0"},
				"down": {"uv": [10.25, 12, 9.875, 12.375], "texture": "#0"}
			}
		},
		{
			"from": [28, 2, 13],
			"to": [31, 10, 16],
			"rotation": {"angle": 0, "axis": "y", "origin": [8.34058, 0.76466, 12.39855]},
			"faces": {
				"north": {"uv": [8, 12.375, 8.375, 13.375], "texture": "#0"},
				"east": {"uv": [7.625, 12.375, 8, 13.375], "texture": "#0"},
				"south": {"uv": [8.75, 12.375, 9.125, 13.375], "texture": "#0"},
				"west": {"uv": [8.375, 12.375, 8.75, 13.375], "texture": "#0"},
				"up": {"uv": [8.375, 12.375, 8, 12], "texture": "#0"},
				"down": {"uv": [8.75, 12, 8.375, 12.375], "texture": "#0"}
			}
		},
		{
			"from": [27, 5, 13],
			"to": [28, 7, 16],
			"rotation": {"angle": 0, "axis": "y", "origin": [8.34058, 0.76466, 12.39855]},
			"faces": {
				"north": {"uv": [14.25, 1.5, 14.375, 1.75], "texture": "#0"},
				"east": {"uv": [13.875, 1.5, 14.25, 1.75], "texture": "#0"},
				"south": {"uv": [14.75, 1.5, 14.875, 1.75], "texture": "#0"},
				"west": {"uv": [14.375, 1.5, 14.75, 1.75], "texture": "#0"},
				"up": {"uv": [14.375, 1.5, 14.25, 1.125], "texture": "#0"},
				"down": {"uv": [14.5, 1.125, 14.375, 1.5], "texture": "#0"}
			}
		},
		{
			"from": [24, 10, 13],
			"to": [31, 13, 16],
			"rotation": {"angle": 0, "axis": "y", "origin": [8.34058, 0.76466, 12.39855]},
			"faces": {
				"north": {"uv": [9.875, 3.625, 10.75, 4], "texture": "#0"},
				"east": {"uv": [9.5, 3.625, 9.875, 4], "texture": "#0"},
				"south": {"uv": [11.125, 3.625, 12, 4], "texture": "#0"},
				"west": {"uv": [10.75, 3.625, 11.125, 4], "texture": "#0"},
				"up": {"uv": [10.75, 3.625, 9.875, 3.25], "texture": "#0"},
				"down": {"uv": [11.625, 3.25, 10.75, 3.625], "texture": "#0"}
			}
		},
		{
			"from": [23, -6, 13],
			"to": [26, 1, 16],
			"rotation": {"angle": 0, "axis": "y", "origin": [8.34058, 0.76466, 12.39855]},
			"faces": {
				"north": {"uv": [11, 12.5, 11.375, 13.375], "texture": "#0"},
				"east": {"uv": [10.625, 12.5, 11, 13.375], "texture": "#0"},
				"south": {"uv": [11.75, 12.5, 12.125, 13.375], "texture": "#0"},
				"west": {"uv": [11.375, 12.5, 11.75, 13.375], "texture": "#0"},
				"up": {"uv": [11.375, 12.5, 11, 12.125], "texture": "#0"},
				"down": {"uv": [11.75, 12.125, 11.375, 12.5], "texture": "#0"}
			}
		},
		{
			"from": [26, -6, 13],
			"to": [27, -3, 16],
			"rotation": {"angle": 0, "axis": "y", "origin": [8.34058, 0.76466, 12.39855]},
			"faces": {
				"north": {"uv": [3.375, 10.75, 3.5, 11.125], "texture": "#0"},
				"east": {"uv": [3, 10.75, 3.375, 11.125], "texture": "#0"},
				"south": {"uv": [3.875, 10.75, 4, 11.125], "texture": "#0"},
				"west": {"uv": [3.5, 10.75, 3.875, 11.125], "texture": "#0"},
				"up": {"uv": [3.5, 10.75, 3.375, 10.375], "texture": "#0"},
				"down": {"uv": [3.625, 10.375, 3.5, 10.75], "texture": "#0"}
			}
		},
		{
			"from": [26, -2, 13],
			"to": [27, 1, 16],
			"rotation": {"angle": 0, "axis": "y", "origin": [8.34058, 0.76466, 12.39855]},
			"faces": {
				"north": {"uv": [4.375, 8.75, 4.5, 9.125], "texture": "#0"},
				"east": {"uv": [4, 8.75, 4.375, 9.125], "texture": "#0"},
				"south": {"uv": [4.875, 8.75, 5, 9.125], "texture": "#0"},
				"west": {"uv": [4.5, 8.75, 4.875, 9.125], "texture": "#0"},
				"up": {"uv": [4.5, 8.75, 4.375, 8.375], "texture": "#0"},
				"down": {"uv": [4.625, 8.375, 4.5, 8.75], "texture": "#0"}
			}
		},
		{
			"from": [27, -10, 13],
			"to": [30, 1, 16],
			"rotation": {"angle": 0, "axis": "y", "origin": [8.34058, 0.76466, 12.39855]},
			"faces": {
				"north": {"uv": [1.875, 10.75, 2.25, 12.125], "texture": "#0"},
				"east": {"uv": [1.5, 10.75, 1.875, 12.125], "texture": "#0"},
				"south": {"uv": [2.625, 10.75, 3, 12.125], "texture": "#0"},
				"west": {"uv": [2.25, 10.75, 2.625, 12.125], "texture": "#0"},
				"up": {"uv": [2.25, 10.75, 1.875, 10.375], "texture": "#0"},
				"down": {"uv": [2.625, 10.375, 2.25, 10.75], "texture": "#0"}
			}
		},
		{
			"from": [19, -10, 13],
			"to": [22, 1, 16],
			"rotation": {"angle": 0, "axis": "y", "origin": [8.34058, 0.76466, 12.39855]},
			"faces": {
				"north": {"uv": [0.375, 10.75, 0.75, 12.125], "texture": "#0"},
				"east": {"uv": [0, 10.75, 0.375, 12.125], "texture": "#0"},
				"south": {"uv": [1.125, 10.75, 1.5, 12.125], "texture": "#0"},
				"west": {"uv": [0.75, 10.75, 1.125, 12.125], "texture": "#0"},
				"up": {"uv": [0.75, 10.75, 0.375, 10.375], "texture": "#0"},
				"down": {"uv": [1.125, 10.375, 0.75, 10.75], "texture": "#0"}
			}
		},
		{
			"from": [17, -7, 13],
			"to": [19, -5, 16],
			"rotation": {"angle": 0, "axis": "y", "origin": [8.34058, 0.76466, 12.39855]},
			"faces": {
				"north": {"uv": [1.5, 14.25, 1.75, 14.5], "texture": "#0"},
				"east": {"uv": [1.125, 14.25, 1.5, 14.5], "texture": "#0"},
				"south": {"uv": [2.125, 14.25, 2.375, 14.5], "texture": "#0"},
				"west": {"uv": [1.75, 14.25, 2.125, 14.5], "texture": "#0"},
				"up": {"uv": [1.75, 14.25, 1.5, 13.875], "texture": "#0"},
				"down": {"uv": [2, 13.875, 1.75, 14.25], "texture": "#0"}
			}
		},
		{
			"from": [15, -10, 13],
			"to": [18, -7, 16],
			"rotation": {"angle": 0, "axis": "y", "origin": [8.34058, 0.76466, 12.39855]},
			"faces": {
				"north": {"uv": [13.75, 5.375, 14.125, 5.75], "texture": "#0"},
				"east": {"uv": [13.375, 5.375, 13.75, 5.75], "texture": "#0"},
				"south": {"uv": [14.5, 5.375, 14.875, 5.75], "texture": "#0"},
				"west": {"uv": [14.125, 5.375, 14.5, 5.75], "texture": "#0"},
				"up": {"uv": [14.125, 5.375, 13.75, 5], "texture": "#0"},
				"down": {"uv": [14.5, 5, 14.125, 5.375], "texture": "#0"}
			}
		},
		{
			"from": [15, -5, 13],
			"to": [18, -2, 16],
			"rotation": {"angle": 0, "axis": "y", "origin": [8.34058, 0.76466, 12.39855]},
			"faces": {
				"north": {"uv": [13.75, 4.625, 14.125, 5], "texture": "#0"},
				"east": {"uv": [13.375, 4.625, 13.75, 5], "texture": "#0"},
				"south": {"uv": [14.5, 4.625, 14.875, 5], "texture": "#0"},
				"west": {"uv": [14.125, 4.625, 14.5, 5], "texture": "#0"},
				"up": {"uv": [14.125, 4.625, 13.75, 4.25], "texture": "#0"},
				"down": {"uv": [14.5, 4.25, 14.125, 4.625], "texture": "#0"}
			}
		},
		{
			"from": [15, -2, 13],
			"to": [19, 1, 16],
			"rotation": {"angle": 0, "axis": "y", "origin": [8.34058, 0.76466, 12.39855]},
			"faces": {
				"north": {"uv": [12.875, 2.625, 13.375, 3], "texture": "#0"},
				"east": {"uv": [12.5, 2.625, 12.875, 3], "texture": "#0"},
				"south": {"uv": [13.75, 2.625, 14.25, 3], "texture": "#0"},
				"west": {"uv": [13.375, 2.625, 13.75, 3], "texture": "#0"},
				"up": {"uv": [13.375, 2.625, 12.875, 2.25], "texture": "#0"},
				"down": {"uv": [13.875, 2.25, 13.375, 2.625], "texture": "#0"}
			}
		},
		{
			"from": [11, -10, 13],
			"to": [14, 1, 16],
			"rotation": {"angle": 0, "axis": "y", "origin": [8.34058, 0.76466, 12.39855]},
			"faces": {
				"north": {"uv": [10.5, 10.625, 10.875, 12], "texture": "#0"},
				"east": {"uv": [10.125, 10.625, 10.5, 12], "texture": "#0"},
				"south": {"uv": [11.25, 10.625, 11.625, 12], "texture": "#0"},
				"west": {"uv": [10.875, 10.625, 11.25, 12], "texture": "#0"},
				"up": {"uv": [10.875, 10.625, 10.5, 10.25], "texture": "#0"},
				"down": {"uv": [11.25, 10.25, 10.875, 10.625], "texture": "#0"}
			}
		},
		{
			"from": [3, -2, 13],
			"to": [7, 1, 16],
			"rotation": {"angle": 0, "axis": "y", "origin": [8.34058, 0.76466, 12.39855]},
			"faces": {
				"north": {"uv": [12.875, 1.875, 13.375, 2.25], "texture": "#0"},
				"east": {"uv": [12.5, 1.875, 12.875, 2.25], "texture": "#0"},
				"south": {"uv": [13.75, 1.875, 14.25, 2.25], "texture": "#0"},
				"west": {"uv": [13.375, 1.875, 13.75, 2.25], "texture": "#0"},
				"up": {"uv": [13.375, 1.875, 12.875, 1.5], "texture": "#0"},
				"down": {"uv": [13.875, 1.5, 13.375, 1.875], "texture": "#0"}
			}
		},
		{
			"from": [7, -6, 13],
			"to": [10, 1, 16],
			"rotation": {"angle": 0, "axis": "y", "origin": [8.34058, 0.76466, 12.39855]},
			"faces": {
				"north": {"uv": [12, 10.75, 12.375, 11.625], "texture": "#0"},
				"east": {"uv": [11.625, 10.75, 12, 11.625], "texture": "#0"},
				"south": {"uv": [12.75, 10.75, 13.125, 11.625], "texture": "#0"},
				"west": {"uv": [12.375, 10.75, 12.75, 11.625], "texture": "#0"},
				"up": {"uv": [12.375, 10.75, 12, 10.375], "texture": "#0"},
				"down": {"uv": [12.75, 10.375, 12.375, 10.75], "texture": "#0"}
			}
		},
		{
			"from": [3, -6, 13],
			"to": [7, -3, 16],
			"rotation": {"angle": 0, "axis": "y", "origin": [8.34058, 0.76466, 12.39855]},
			"faces": {
				"north": {"uv": [12.5, 6.625, 13, 7], "texture": "#0"},
				"east": {"uv": [12.125, 6.625, 12.5, 7], "texture": "#0"},
				"south": {"uv": [13.375, 6.625, 13.875, 7], "texture": "#0"},
				"west": {"uv": [13, 6.625, 13.375, 7], "texture": "#0"},
				"up": {"uv": [13, 6.625, 12.5, 6.25], "texture": "#0"},
				"down": {"uv": [13.5, 6.25, 13, 6.625], "texture": "#0"}
			}
		},
		{
			"from": [3, -10, 13],
			"to": [6, -6, 16],
			"rotation": {"angle": 0, "axis": "y", "origin": [8.34058, 0.76466, 12.39855]},
			"faces": {
				"north": {"uv": [5.875, 8.75, 6.25, 9.25], "texture": "#0"},
				"east": {"uv": [5.5, 8.75, 5.875, 9.25], "texture": "#0"},
				"south": {"uv": [6.625, 8.75, 7, 9.25], "texture": "#0"},
				"west": {"uv": [6.25, 8.75, 6.625, 9.25], "texture": "#0"},
				"up": {"uv": [6.25, 8.75, 5.875, 8.375], "texture": "#0"},
				"down": {"uv": [6.625, 8.375, 6.25, 8.75], "texture": "#0"}
			}
		},
		{
			"from": [6, -10, 13],
			"to": [10, -7, 16],
			"rotation": {"angle": 0, "axis": "y", "origin": [8.34058, 0.76466, 12.39855]},
			"faces": {
				"north": {"uv": [12.375, 5, 12.875, 5.375], "texture": "#0"},
				"east": {"uv": [12, 5, 12.375, 5.375], "texture": "#0"},
				"south": {"uv": [13.25, 5, 13.75, 5.375], "texture": "#0"},
				"west": {"uv": [12.875, 5, 13.25, 5.375], "texture": "#0"},
				"up": {"uv": [12.875, 5, 12.375, 4.625], "texture": "#0"},
				"down": {"uv": [13.375, 4.625, 12.875, 5], "texture": "#0"}
			}
		},
		{
			"from": [-1, -10, 13],
			"to": [2, -2, 16],
			"rotation": {"angle": 0, "axis": "y", "origin": [8.34058, 0.76466, 12.39855]},
			"faces": {
				"north": {"uv": [4.5, 12.25, 4.875, 13.25], "texture": "#0"},
				"east": {"uv": [4.125, 12.25, 4.5, 13.25], "texture": "#0"},
				"south": {"uv": [5.25, 12.25, 5.625, 13.25], "texture": "#0"},
				"west": {"uv": [4.875, 12.25, 5.25, 13.25], "texture": "#0"},
				"up": {"uv": [4.875, 12.25, 4.5, 11.875], "texture": "#0"},
				"down": {"uv": [5.25, 11.875, 4.875, 12.25], "texture": "#0"}
			}
		},
		{
			"from": [-2, -10, 13],
			"to": [-1, -8, 16],
			"rotation": {"angle": 0, "axis": "y", "origin": [8.34058, 0.76466, 12.39855]},
			"faces": {
				"north": {"uv": [1.875, 12.5, 2, 12.75], "texture": "#0"},
				"east": {"uv": [1.5, 12.5, 1.875, 12.75], "texture": "#0"},
				"south": {"uv": [2.375, 12.5, 2.5, 12.75], "texture": "#0"},
				"west": {"uv": [2, 12.5, 2.375, 12.75], "texture": "#0"},
				"up": {"uv": [2, 12.5, 1.875, 12.125], "texture": "#0"},
				"down": {"uv": [2.125, 12.125, 2, 12.5], "texture": "#0"}
			}
		},
		{
			"from": [-5, -10, 13],
			"to": [-2, -2, 16],
			"rotation": {"angle": 0, "axis": "y", "origin": [8.34058, 0.76466, 12.39855]},
			"faces": {
				"north": {"uv": [3, 12.25, 3.375, 13.25], "texture": "#0"},
				"east": {"uv": [2.625, 12.25, 3, 13.25], "texture": "#0"},
				"south": {"uv": [3.75, 12.25, 4.125, 13.25], "texture": "#0"},
				"west": {"uv": [3.375, 12.25, 3.75, 13.25], "texture": "#0"},
				"up": {"uv": [3.375, 12.25, 3, 11.875], "texture": "#0"},
				"down": {"uv": [3.75, 11.875, 3.375, 12.25], "texture": "#0"}
			}
		},
		{
			"from": [-5, -2, 13],
			"to": [2, 1, 16],
			"rotation": {"angle": 0, "axis": "y", "origin": [8.34058, 0.76466, 12.39855]},
			"faces": {
				"north": {"uv": [7.375, 6.625, 8.25, 7], "texture": "#0"},
				"east": {"uv": [7, 6.625, 7.375, 7], "texture": "#0"},
				"south": {"uv": [8.625, 6.625, 9.5, 7], "texture": "#0"},
				"west": {"uv": [8.25, 6.625, 8.625, 7], "texture": "#0"},
				"up": {"uv": [8.25, 6.625, 7.375, 6.25], "texture": "#0"},
				"down": {"uv": [9.125, 6.25, 8.25, 6.625], "texture": "#0"}
			}
		},
		{
			"from": [-9, -10, 13],
			"to": [-6, 1, 16],
			"rotation": {"angle": 0, "axis": "y", "origin": [8.34058, 0.76466, 12.39855]},
			"faces": {
				"north": {"uv": [9, 10.625, 9.375, 12], "texture": "#0"},
				"east": {"uv": [8.625, 10.625, 9, 12], "texture": "#0"},
				"south": {"uv": [9.75, 10.625, 10.125, 12], "texture": "#0"},
				"west": {"uv": [9.375, 10.625, 9.75, 12], "texture": "#0"},
				"up": {"uv": [9.375, 10.625, 9, 10.25], "texture": "#0"},
				"down": {"uv": [9.75, 10.25, 9.375, 10.625], "texture": "#0"}
			}
		},
		{
			"from": [-11, -3, 13],
			"to": [-9, -1, 16],
			"rotation": {"angle": 0, "axis": "y", "origin": [8.34058, 0.76466, 12.39855]},
			"faces": {
				"north": {"uv": [14.125, 0.5, 14.375, 0.75], "texture": "#0"},
				"east": {"uv": [13.75, 0.5, 14.125, 0.75], "texture": "#0"},
				"south": {"uv": [14.75, 0.5, 15, 0.75], "texture": "#0"},
				"west": {"uv": [14.375, 0.5, 14.75, 0.75], "texture": "#0"},
				"up": {"uv": [14.375, 0.5, 14.125, 0.125], "texture": "#0"},
				"down": {"uv": [14.625, 0.125, 14.375, 0.5], "texture": "#0"}
			}
		},
		{
			"from": [-12, -5, 13],
			"to": [-10, -3, 16],
			"rotation": {"angle": 0, "axis": "y", "origin": [8.34058, 0.76466, 12.39855]},
			"faces": {
				"north": {"uv": [13.875, 9.875, 14.125, 10.125], "texture": "#0"},
				"east": {"uv": [13.5, 9.875, 13.875, 10.125], "texture": "#0"},
				"south": {"uv": [14.5, 9.875, 14.75, 10.125], "texture": "#0"},
				"west": {"uv": [14.125, 9.875, 14.5, 10.125], "texture": "#0"},
				"up": {"uv": [14.125, 9.875, 13.875, 9.5], "texture": "#0"},
				"down": {"uv": [14.375, 9.5, 14.125, 9.875], "texture": "#0"}
			}
		},
		{
			"from": [-15, -10, 13],
			"to": [-12, 1, 16],
			"rotation": {"angle": 0, "axis": "y", "origin": [8.34058, 0.76466, 12.39855]},
			"faces": {
				"north": {"uv": [9.875, 1.875, 10.25, 3.25], "texture": "#0"},
				"east": {"uv": [9.5, 1.875, 9.875, 3.25], "texture": "#0"},
				"south": {"uv": [10.625, 1.875, 11, 3.25], "texture": "#0"},
				"west": {"uv": [10.25, 1.875, 10.625, 3.25], "texture": "#0"},
				"up": {"uv": [10.25, 1.875, 9.875, 1.5], "texture": "#0"},
				"down": {"uv": [10.625, 1.5, 10.25, 1.875], "texture": "#0"}
			}
		},
		{
			"from": [-11, -10, 23],
			"to": [27, 28, 23],
			"rotation": {"angle": 0, "axis": "y", "origin": [6.34058, 11.76466, 28.39855]},
			"faces": {
				"north": {"uv": [0, 0, 4.75, 4.75], "texture": "#0"},
				"east": {"uv": [0, 0, 0, 4.75], "texture": "#0"},
				"south": {"uv": [4.75, 0, 9.5, 4.75], "texture": "#0"},
				"west": {"uv": [4.75, 0, 4.75, 4.75], "texture": "#0"},
				"up": {"uv": [4.75, 0, 0, 0], "texture": "#0"},
				"down": {"uv": [9.5, 0, 4.75, 0], "texture": "#0"}
			}
		},
		{
			"from": [0, 1, 22.5],
			"to": [16, 17, 22.5],
			"rotation": {"angle": 0, "axis": "y", "origin": [6.34058, 11.76466, 29.39855]},
			"faces": {
				"north": {"uv": [0, 8.375, 2, 10.375], "texture": "#0"},
				"east": {"uv": [0, 8.375, 0, 10.375], "texture": "#0"},
				"south": {"uv": [2, 8.375, 4, 10.375], "texture": "#0"},
				"west": {"uv": [2, 8.375, 2, 10.375], "texture": "#0"},
				"up": {"uv": [2, 8.375, 0, 8.375], "texture": "#0"},
				"down": {"uv": [4, 8.375, 2, 8.375], "texture": "#0"}
			}
		},
		{
			"from": [0, 1, 24],
			"to": [16, 17, 24],
			"rotation": {"angle": 0, "axis": "y", "origin": [6.34058, 11.76466, 28.39855]},
			"faces": {
				"north": {"uv": [7, 7, 9, 9], "texture": "#0"},
				"east": {"uv": [7, 7, 7, 9], "texture": "#0"},
				"south": {"uv": [9, 7, 11, 9], "texture": "#0"},
				"west": {"uv": [9, 7, 9, 9], "texture": "#0"},
				"up": {"uv": [9, 7, 7, 7], "texture": "#0"},
				"down": {"uv": [11, 7, 9, 7], "texture": "#0"}
			}
		},
		{
			"from": [7, 1, 24],
			"to": [9, 17, 32],
			"rotation": {"angle": 0, "axis": "y", "origin": [6.34058, 11.76466, 28.39855]},
			"faces": {
				"north": {"uv": [5, 9.375, 5.25, 11.375], "texture": "#0"},
				"east": {"uv": [4, 9.375, 5, 11.375], "texture": "#0"},
				"south": {"uv": [6.25, 9.375, 6.5, 11.375], "texture": "#0"},
				"west": {"uv": [5.25, 9.375, 6.25, 11.375], "texture": "#0"},
				"up": {"uv": [5.25, 9.375, 5, 8.375], "texture": "#0"},
				"down": {"uv": [5.5, 8.375, 5.25, 9.375], "texture": "#0"}
			}
		},
		{
			"from": [-12.10936, 5.10936, 22],
			"to": [-10.10936, 13.10936, 24],
			"rotation": {"angle": 0, "axis": "y", "origin": [6.34058, 11.76466, 28.39855]},
			"faces": {
				"north": {"uv": [12.5, 13.625, 12.75, 14.625], "texture": "#0"},
				"east": {"uv": [12.25, 13.625, 12.5, 14.625], "texture": "#0"},
				"south": {"uv": [13, 13.625, 13.25, 14.625], "texture": "#0"},
				"west": {"uv": [12.75, 13.625, 13, 14.625], "texture": "#0"},
				"up": {"uv": [12.75, 13.625, 12.5, 13.375], "texture": "#0"},
				"down": {"uv": [13, 13.375, 12.75, 13.625], "texture": "#0"}
			}
		},
		{
			"from": [26.10936, 5.10936, 22],
			"to": [28.10936, 13.10936, 24],
			"rotation": {"angle": 0, "axis": "y", "origin": [6.34058, 11.76466, 28.39855]},
			"faces": {
				"north": {"uv": [11.5, 13.625, 11.75, 14.625], "texture": "#0"},
				"east": {"uv": [11.25, 13.625, 11.5, 14.625], "texture": "#0"},
				"south": {"uv": [12, 13.625, 12.25, 14.625], "texture": "#0"},
				"west": {"uv": [11.75, 13.625, 12, 14.625], "texture": "#0"},
				"up": {"uv": [11.75, 13.625, 11.5, 13.375], "texture": "#0"},
				"down": {"uv": [12, 13.375, 11.75, 13.625], "texture": "#0"}
			}
		},
		{
			"from": [4, -11, 22],
			"to": [12, -9, 24],
			"rotation": {"angle": 0, "axis": "y", "origin": [6.34058, 11.76466, 28.39855]},
			"faces": {
				"north": {"uv": [11.875, 11.875, 12.875, 12.125], "texture": "#0"},
				"east": {"uv": [11.625, 11.875, 11.875, 12.125], "texture": "#0"},
				"south": {"uv": [13.125, 11.875, 14.125, 12.125], "texture": "#0"},
				"west": {"uv": [12.875, 11.875, 13.125, 12.125], "texture": "#0"},
				"up": {"uv": [12.875, 11.875, 11.875, 11.625], "texture": "#0"},
				"down": {"uv": [13.875, 11.625, 12.875, 11.875], "texture": "#0"}
			}
		},
		{
			"from": [4.88983, -10.16119, 22],
			"to": [12.88983, -8.16119, 24],
			"rotation": {"angle": -22.5, "axis": "z", "origin": [6.34058, 11.76466, 28.39855]},
			"faces": {
				"north": {"uv": [11.75, 1.25, 12.75, 1.5], "texture": "#0"},
				"east": {"uv": [11.5, 1.25, 11.75, 1.5], "texture": "#0"},
				"south": {"uv": [13, 1.25, 14, 1.5], "texture": "#0"},
				"west": {"uv": [12.75, 1.25, 13, 1.5], "texture": "#0"},
				"up": {"uv": [12.75, 1.25, 11.75, 1], "texture": "#0"},
				"down": {"uv": [13.75, 1, 12.75, 1.25], "texture": "#0"}
			}
		},
		{
			"from": [5.39155, -9.04254, 22],
			"to": [13.39155, -7.04254, 24],
			"rotation": {"angle": -45, "axis": "z", "origin": [6.34058, 11.76466, 28.39855]},
			"faces": {
				"north": {"uv": [11.75, 0.75, 12.75, 1], "texture": "#0"},
				"east": {"uv": [11.5, 0.75, 11.75, 1], "texture": "#0"},
				"south": {"uv": [13, 0.75, 14, 1], "texture": "#0"},
				"west": {"uv": [12.75, 0.75, 13, 1], "texture": "#0"},
				"up": {"uv": [12.75, 0.75, 11.75, 0.5], "texture": "#0"},
				"down": {"uv": [13.75, 0.5, 12.75, 0.75], "texture": "#0"}
			}
		},
		{
			"from": [-13.25182, 4.67645, 22],
			"to": [-11.25182, 12.67645, 24],
			"rotation": {"angle": 22.5, "axis": "z", "origin": [6.34058, 11.76466, 28.39855]},
			"faces": {
				"north": {"uv": [10.5, 13.625, 10.75, 14.625], "texture": "#0"},
				"east": {"uv": [10.25, 13.625, 10.5, 14.625], "texture": "#0"},
				"south": {"uv": [11, 13.625, 11.25, 14.625], "texture": "#0"},
				"west": {"uv": [10.75, 13.625, 11, 14.625], "texture": "#0"},
				"up": {"uv": [10.75, 13.625, 10.5, 13.375], "texture": "#0"},
				"down": {"uv": [11, 13.375, 10.75, 13.625], "texture": "#0"}
			}
		},
		{
			"from": [-11.21953, 5.94651, 22],
			"to": [-9.21953, 13.94651, 24],
			"rotation": {"angle": -22.5, "axis": "z", "origin": [6.34058, 11.76466, 28.39855]},
			"faces": {
				"north": {"uv": [9.5, 13.625, 9.75, 14.625], "texture": "#0"},
				"east": {"uv": [9.25, 13.625, 9.5, 14.625], "texture": "#0"},
				"south": {"uv": [10, 13.625, 10.25, 14.625], "texture": "#0"},
				"west": {"uv": [9.75, 13.625, 10, 14.625], "texture": "#0"},
				"up": {"uv": [9.75, 13.625, 9.5, 13.375], "texture": "#0"},
				"down": {"uv": [10, 13.375, 9.75, 13.625], "texture": "#0"}
			}
		},
		{
			"from": [1.63638, 26.82305, 22],
			"to": [9.63638, 28.82305, 24],
			"rotation": {"angle": 45, "axis": "z", "origin": [6.34058, 11.76466, 28.39855]},
			"faces": {
				"north": {"uv": [11.75, 0.25, 12.75, 0.5], "texture": "#0"},
				"east": {"uv": [11.5, 0.25, 11.75, 0.5], "texture": "#0"},
				"south": {"uv": [13, 0.25, 14, 0.5], "texture": "#0"},
				"west": {"uv": [12.75, 0.25, 13, 0.5], "texture": "#0"},
				"up": {"uv": [12.75, 0.25, 11.75, 0], "texture": "#0"},
				"down": {"uv": [13.75, 0, 12.75, 0.25], "texture": "#0"}
			}
		},
		{
			"from": [2.85754, 26.78581, 22],
			"to": [10.85754, 28.78581, 24],
			"rotation": {"angle": 22.5, "axis": "z", "origin": [6.34058, 11.76466, 28.39855]},
			"faces": {
				"north": {"uv": [3.25, 11.625, 4.25, 11.875], "texture": "#0"},
				"east": {"uv": [3, 11.625, 3.25, 11.875], "texture": "#0"},
				"south": {"uv": [4.5, 11.625, 5.5, 11.875], "texture": "#0"},
				"west": {"uv": [4.25, 11.625, 4.5, 11.875], "texture": "#0"},
				"up": {"uv": [4.25, 11.625, 3.25, 11.375], "texture": "#0"},
				"down": {"uv": [5.25, 11.375, 4.25, 11.625], "texture": "#0"}
			}
		},
		{
			"from": [4, 27.21872, 22],
			"to": [12, 29.21872, 24],
			"rotation": {"angle": 0, "axis": "y", "origin": [6.34058, 11.76466, 28.39855]},
			"faces": {
				"north": {"uv": [11.5, 10.125, 12.5, 10.375], "texture": "#0"},
				"east": {"uv": [11.25, 10.125, 11.5, 10.375], "texture": "#0"},
				"south": {"uv": [12.75, 10.125, 13.75, 10.375], "texture": "#0"},
				"west": {"uv": [12.5, 10.125, 12.75, 10.375], "texture": "#0"},
				"up": {"uv": [12.5, 10.125, 11.5, 9.875], "texture": "#0"},
				"down": {"uv": [13.5, 9.875, 12.5, 10.125], "texture": "#0"}
			}
		},
		{
			"from": [4.88983, 28.05587, 22],
			"to": [12.88983, 30.05587, 24],
			"rotation": {"angle": -22.5, "axis": "z", "origin": [6.34058, 11.76466, 28.39855]},
			"faces": {
				"north": {"uv": [11.5, 9.625, 12.5, 9.875], "texture": "#0"},
				"east": {"uv": [11.25, 9.625, 11.5, 9.875], "texture": "#0"},
				"south": {"uv": [12.75, 9.625, 13.75, 9.875], "texture": "#0"},
				"west": {"uv": [12.5, 9.625, 12.75, 9.875], "texture": "#0"},
				"up": {"uv": [12.5, 9.625, 11.5, 9.375], "texture": "#0"},
				"down": {"uv": [13.5, 9.375, 12.5, 9.625], "texture": "#0"}
			}
		},
		{
			"from": [5.39155, 29.16982, 22],
			"to": [13.39155, 31.16982, 24],
			"rotation": {"angle": -45, "axis": "z", "origin": [6.34058, 11.76466, 28.39855]},
			"faces": {
				"north": {"uv": [11.5, 9.125, 12.5, 9.375], "texture": "#0"},
				"east": {"uv": [11.25, 9.125, 11.5, 9.375], "texture": "#0"},
				"south": {"uv": [12.75, 9.125, 13.75, 9.375], "texture": "#0"},
				"west": {"uv": [12.5, 9.125, 12.75, 9.375], "texture": "#0"},
				"up": {"uv": [12.5, 9.125, 11.5, 8.875], "texture": "#0"},
				"down": {"uv": [13.5, 8.875, 12.5, 9.125], "texture": "#0"}
			}
		},
		{
			"from": [24.9669, 4.67645, 22],
			"to": [26.9669, 12.67645, 24],
			"rotation": {"angle": 22.5, "axis": "z", "origin": [6.34058, 11.76466, 28.39855]},
			"faces": {
				"north": {"uv": [8.5, 13.625, 8.75, 14.625], "texture": "#0"},
				"east": {"uv": [8.25, 13.625, 8.5, 14.625], "texture": "#0"},
				"south": {"uv": [9, 13.625, 9.25, 14.625], "texture": "#0"},
				"west": {"uv": [8.75, 13.625, 9, 14.625], "texture": "#0"},
				"up": {"uv": [8.75, 13.625, 8.5, 13.375], "texture": "#0"},
				"down": {"uv": [9, 13.375, 8.75, 13.625], "texture": "#0"}
			}
		},
		{
			"from": [26.99918, 5.94651, 22],
			"to": [28.99918, 13.94651, 24],
			"rotation": {"angle": -22.5, "axis": "z", "origin": [6.34058, 11.76466, 28.39855]},
			"faces": {
				"north": {"uv": [4.875, 13.5, 5.125, 14.5], "texture": "#0"},
				"east": {"uv": [4.625, 13.5, 4.875, 14.5], "texture": "#0"},
				"south": {"uv": [5.375, 13.5, 5.625, 14.5], "texture": "#0"},
				"west": {"uv": [5.125, 13.5, 5.375, 14.5], "texture": "#0"},
				"up": {"uv": [5.125, 13.5, 4.875, 13.25], "texture": "#0"},
				"down": {"uv": [5.375, 13.25, 5.125, 13.5], "texture": "#0"}
			}
		},
		{
			"from": [1.91616, -11.27978, 22],
			"to": [9.91616, -9.27978, 24],
			"rotation": {"angle": 45, "axis": "z", "origin": [6.62036, 11.48488, 28.39855]},
			"faces": {
				"north": {"uv": [11.5, 6, 12.5, 6.25], "texture": "#0"},
				"east": {"uv": [11.25, 6, 11.5, 6.25], "texture": "#0"},
				"south": {"uv": [12.75, 6, 13.75, 6.25], "texture": "#0"},
				"west": {"uv": [12.5, 6, 12.75, 6.25], "texture": "#0"},
				"up": {"uv": [12.5, 6, 11.5, 5.75], "texture": "#0"},
				"down": {"uv": [13.5, 5.75, 12.5, 6], "texture": "#0"}
			}
		},
		{
			"from": [3.02321, -11.39996, 22],
			"to": [11.02321, -9.39996, 24],
			"rotation": {"angle": 22.5, "axis": "z", "origin": [6.50625, 11.36471, 28.39855]},
			"faces": {
				"north": {"uv": [11.25, 8.625, 12.25, 8.875], "texture": "#0"},
				"east": {"uv": [11, 8.625, 11.25, 8.875], "texture": "#0"},
				"south": {"uv": [12.5, 8.625, 13.5, 8.875], "texture": "#0"},
				"west": {"uv": [12.25, 8.625, 12.5, 8.875], "texture": "#0"},
				"up": {"uv": [12.25, 8.625, 11.25, 8.375], "texture": "#0"},
				"down": {"uv": [13.25, 8.375, 12.25, 8.625], "texture": "#0"}
			}
		},
		{
			"from": [-15, -16, 13],
			"to": [30, -11, 16],
			"rotation": {"angle": 0, "axis": "y", "origin": [22.375, 6.5625, 13.875]},
			"faces": {
				"north": {"uv": [0.375, 5.125, 6, 5.75], "texture": "#0"},
				"east": {"uv": [0, 5.125, 0.375, 5.75], "texture": "#0"},
				"south": {"uv": [6.375, 5.125, 12, 5.75], "texture": "#0"},
				"west": {"uv": [6, 5.125, 6.375, 5.75], "texture": "#0"},
				"up": {"uv": [6, 5.125, 0.375, 4.75], "texture": "#0"},
				"down": {"uv": [11.625, 4.75, 6, 5.125], "texture": "#0"}
			}
		},
		{
			"from": [-16, 13, 17],
			"to": [-8, 25, 17],
			"shade": false,
			"rotation": {"angle": -45, "axis": "z", "origin": [-4.5, 15.5, 17]},
			"faces": {
				"north": {"uv": [10.5, 0, 9.5, 1.5], "texture": "#0"},
				"east": {"uv": [10.5, 0, 10.5, 1.5], "texture": "#0"},
				"south": {"uv": [11.5, 0, 10.5, 1.5], "texture": "#0"},
				"west": {"uv": [9.5, 0, 9.5, 1.5], "texture": "#0"},
				"up": {"uv": [9.5, 0, 10.5, 0], "texture": "#0"},
				"down": {"uv": [10.5, 0, 11.5, 0], "texture": "#0"}
			}
		},
		{
			"from": [9, 2, 12],
			"to": [32, 14, 17],
			"rotation": {"angle": 0, "axis": "y", "origin": [22.375, 6.5625, 13.875]},
			"faces": {
				"north": {"uv": [0.625, 6.875, 3.5, 8.375], "texture": "#0"},
				"east": {"uv": [0, 6.875, 0.625, 8.375], "texture": "#0"},
				"south": {"uv": [4.125, 6.875, 7, 8.375], "texture": "#0"},
				"west": {"uv": [3.5, 6.875, 4.125, 8.375], "texture": "#0"},
				"up": {"uv": [3.5, 6.875, 0.625, 6.25], "texture": "#0"},
				"down": {"uv": [6.375, 6.25, 3.5, 6.875], "texture": "#0"}
			}
		},
		{
			"from": [25, 14, 12],
			"to": [30, 16, 17],
			"rotation": {"angle": 0, "axis": "y", "origin": [22.375, 6.5625, 13.875]},
			"faces": {
				"north": {"uv": [10, 6.375, 10.625, 6.625], "texture": "#0"},
				"east": {"uv": [9.375, 6.375, 10, 6.625], "texture": "#0"},
				"south": {"uv": [11.25, 6.375, 11.875, 6.625], "texture": "#0"},
				"west": {"uv": [10.625, 6.375, 11.25, 6.625], "texture": "#0"},
				"up": {"uv": [10.625, 6.375, 10, 5.75], "texture": "#0"},
				"down": {"uv": [11.25, 5.75, 10.625, 6.375], "texture": "#0"}
			}
		},
		{
			"from": [26, 16, 13],
			"to": [29, 18, 16],
			"rotation": {"angle": 0, "axis": "y", "origin": [22.375, 6.5625, 13.875]},
			"faces": {
				"north": {"uv": [13.875, 8.875, 14.25, 9.125], "texture": "#0"},
				"east": {"uv": [13.5, 8.875, 13.875, 9.125], "texture": "#0"},
				"south": {"uv": [14.625, 8.875, 15, 9.125], "texture": "#0"},
				"west": {"uv": [14.25, 8.875, 14.625, 9.125], "texture": "#0"},
				"up": {"uv": [14.25, 8.875, 13.875, 8.5], "texture": "#0"},
				"down": {"uv": [14.625, 8.5, 14.25, 8.875], "texture": "#0"}
			}
		},
		{
			"from": [25, 18, 12],
			"to": [30, 26, 17],
			"rotation": {"angle": 0, "axis": "y", "origin": [22.375, 6.5625, 13.875]},
			"faces": {
				"north": {"uv": [7.125, 9.625, 7.75, 10.625], "texture": "#0"},
				"east": {"uv": [6.5, 9.625, 7.125, 10.625], "texture": "#0"},
				"south": {"uv": [8.375, 9.625, 9, 10.625], "texture": "#0"},
				"west": {"uv": [7.75, 9.625, 8.375, 10.625], "texture": "#0"},
				"up": {"uv": [7.75, 9.625, 7.125, 9], "texture": "#0"},
				"down": {"uv": [8.375, 9, 7.75, 9.625], "texture": "#0"}
			}
		},
		{
			"from": [23, 22, 14.5],
			"to": [32, 32, 14.5],
			"rotation": {"angle": 0, "axis": "y", "origin": [22.375, 6.5625, 13.875]},
			"faces": {
				"north": {"uv": [9, 9, 10.125, 10.25], "texture": "#0"},
				"east": {"uv": [9, 9, 9, 10.25], "texture": "#0"},
				"south": {"uv": [10.125, 9, 11.25, 10.25], "texture": "#0"},
				"west": {"uv": [10.125, 9, 10.125, 10.25], "texture": "#0"},
				"up": {"uv": [10.125, 9, 9, 9], "texture": "#0"},
				"down": {"uv": [11.25, 9, 10.125, 9], "texture": "#0"}
			}
		},
		{
			"from": [27.5, 22, 10],
			"to": [27.5, 32, 19],
			"rotation": {"angle": 0, "axis": "y", "origin": [27.5, 27, 14.5]},
			"faces": {
				"north": {"uv": [10.125, 9, 10.125, 10.25], "texture": "#0"},
				"east": {"uv": [9, 9, 10.125, 10.25], "texture": "#0"},
				"south": {"uv": [11.25, 9, 11.25, 10.25], "texture": "#0"},
				"west": {"uv": [10.125, 9, 11.25, 10.25], "texture": "#0"},
				"up": {"uv": [10.125, 9, 10.125, 7.875], "texture": "#0"},
				"down": {"uv": [10.125, 7.875, 10.125, 9], "texture": "#0"}
			}
		},
		{
			"from": [-16, 11, 16],
			"to": [22, 13, 18],
			"shade": false,
			"rotation": {"angle": -45, "axis": "z", "origin": [-4.5, 15.5, 17]},
			"faces": {
				"north": {"uv": [5, 6, 0.25, 6.25], "texture": "#0"},
				"east": {"uv": [5.25, 6, 5, 6.25], "texture": "#0"},
				"south": {"uv": [10, 6, 5.25, 6.25], "texture": "#0"},
				"west": {"uv": [0.25, 6, 0, 6.25], "texture": "#0"},
				"up": {"uv": [0.25, 6, 5, 5.75], "texture": "#0"},
				"down": {"uv": [5, 5.75, 9.75, 6], "texture": "#0"}
			}
		}
	],
	"display": {
		"head": {
			"translation": [0, 21.5, -28],
			"scale": [2.7, 2.7, 2.7]
		}
	},
	"groups": [
		{
			"name": "asgard_prison",
			"origin": [8, 8, 8],
			"children": [
				{
					"name": "asgard",
					"origin": [29.5, 14.75, 30.5],
					"children": [0, 1, 2, 3, 4, 5, 6, 7, 8, 9, 10, 11, 12, 13, 14, 15, 16, 17, 18, 19, 20, 21, 22, 23, 24, 25]
				},
				{
					"name": "prison",
					"origin": [-7, 4, 37],
					"children": [26, 27, 28, 29, 30, 31, 32, 33, 34, 35, 36, 37, 38, 39, 40, 41, 42, 43, 44, 45, 46, 47, 48]
				},
				{
					"name": "shield",
					"origin": [17.31283, -13.54539, 1],
					"children": [49, 50, 51, 52, 53, 54, 55, 56, 57, 58, 59, 60, 61, 62, 63, 64, 65, 66, 67, 68]
				},
				{
					"name": "miscellaneous",
					"origin": [32, -8, 19],
					"children": [69, 70, 71, 72, 73, 74, 75, 76, 77]
				}
			]
		}
	]
}