{
	"credit": "Made with Blockbench",
	"texture_size": [256, 256],
	"textures": {
		"0": "furniture/decorations/carpet/traditional/traditional_orange"
	},
	"elements": [
		{
			"from": [-4, -0.25, -4],
			"to": [20, 0.25, 20],
			"rotation": {"angle": 0, "axis": "y", "origin": [-4, -0.25, -4]},
			"faces": {
				"north": {"uv": [3, 3, 6, 3.0625], "texture": "#0"},
				"east": {"uv": [0, 3, 3, 3.0625], "texture": "#0"},
				"south": {"uv": [9, 3, 12, 3.0625], "texture": "#0"},
				"west": {"uv": [6, 3, 9, 3.0625], "texture": "#0"},
				"up": {"uv": [6, 3, 3, 0], "texture": "#0"},
				"down": {"uv": [9, 0, 6, 3], "texture": "#0"}
			}
		}
	],
	"gui_light": "front",
	"display": {
		"firstperson_righthand": {
			"translation": [11.25, 0, -1.75]
		},
		"gui": {
			"rotation": [39, -45, 0],
			"translation": [0, 3.25, 0],
			"scale": [0.5, 0.5, 0.5]
		},
		"head": {
			"translation": [0, -18.75, 0],
			"scale": [3, 3, 3]
		}
	},
	"groups": [
		{
			"name": "carpet",
			"origin": [0, 0, 0],
			"children": [0]
		}
	]
}