{
	"credit": "Made with Blockbench",
	"texture_size": [64, 64],
	"textures": {
		"0": "furniture/decorations/tv/traditional/traditional_tv"
	},
	"elements": [
		{
			"from": [21.9, 6.9, 5.9],
			"to": [23.1, 20.1, 7.1],
			"rotation": {"angle": 0, "axis": "y", "origin": [8, 7, 6]},
			"faces": {
				"north": {"uv": [3.75, 6.5, 4, 9.75], "texture": "#0"},
				"east": {"uv": [3.5, 6.5, 3.75, 9.75], "texture": "#0"},
				"south": {"uv": [4.25, 6.5, 4.5, 9.75], "texture": "#0"},
				"west": {"uv": [4, 6.5, 4.25, 9.75], "texture": "#0"},
				"up": {"uv": [4, 6.5, 3.75, 6.25], "texture": "#0"},
				"down": {"uv": [4.25, 6.25, 4, 6.5], "texture": "#0"}
			}
		},
		{
			"from": [-7, 6, 6],
			"to": [23, 21, 8],
			"rotation": {"angle": 0, "axis": "y", "origin": [8, 6, 6]},
			"faces": {
				"north": {"uv": [0.5, 0.5, 8, 4.25], "texture": "#0"},
				"east": {"uv": [0, 0.5, 0.5, 4.25], "texture": "#0"},
				"south": {"uv": [8.5, 0.5, 16, 4.25], "texture": "#0"},
				"west": {"uv": [8, 0.5, 8.5, 4.25], "texture": "#0"},
				"up": {"uv": [8, 0.5, 0.5, 0], "texture": "#0"},
				"down": {"uv": [15.5, 0, 8, 0.5], "texture": "#0"}
			}
		},
		{
			"from": [-7.1, 5.8, 5.9],
			"to": [23.1, 7, 7.1],
			"rotation": {"angle": 0, "axis": "y", "origin": [8, -8.1, 6]},
			"faces": {
				"north": {"uv": [0.25, 5, 7.75, 5.25], "texture": "#0"},
				"east": {"uv": [0, 5, 0.25, 5.25], "texture": "#0"},
				"south": {"uv": [8, 5, 15.5, 5.25], "texture": "#0"},
				"west": {"uv": [7.75, 5, 8, 5.25], "texture": "#0"},
				"up": {"uv": [7.75, 5, 0.25, 4.75], "texture": "#0"},
				"down": {"uv": [15.25, 4.75, 7.75, 5], "texture": "#0"}
			}
		},
		{
			"from": [-7.1, 20.1, 5.9],
			"to": [23.1, 21.3, 7.1],
			"rotation": {"angle": 0, "axis": "y", "origin": [8, 6.2, 6]},
			"faces": {
				"north": {"uv": [0.25, 4.5, 7.75, 4.75], "texture": "#0"},
				"east": {"uv": [0, 4.5, 0.25, 4.75], "texture": "#0"},
				"south": {"uv": [8, 4.5, 15.5, 4.75], "texture": "#0"},
				"west": {"uv": [7.75, 4.5, 8, 4.75], "texture": "#0"},
				"up": {"uv": [7.75, 4.5, 0.25, 4.25], "texture": "#0"},
				"down": {"uv": [15.25, 4.25, 7.75, 4.5], "texture": "#0"}
			}
		},
		{
			"from": [-7.1, 6.9, 5.9],
			"to": [-5.9, 20.1, 7.1],
			"rotation": {"angle": 0, "axis": "y", "origin": [-21, 7, 6]},
			"faces": {
				"north": {"uv": [2.75, 6.5, 3, 9.75], "texture": "#0"},
				"east": {"uv": [2.5, 6.5, 2.75, 9.75], "texture": "#0"},
				"south": {"uv": [3.25, 6.5, 3.5, 9.75], "texture": "#0"},
				"west": {"uv": [3, 6.5, 3.25, 9.75], "texture": "#0"},
				"up": {"uv": [3, 6.5, 2.75, 6.25], "texture": "#0"},
				"down": {"uv": [3.25, 6.25, 3, 6.5], "texture": "#0"}
			}
		},
		{
			"from": [4, 0, 7],
			"to": [12, 1, 10],
			"rotation": {"angle": 0, "axis": "y", "origin": [8, 0, 8]},
			"faces": {
				"north": {"uv": [3.25, 6, 5.25, 6.25], "texture": "#0"},
				"east": {"uv": [2.5, 6, 3.25, 6.25], "texture": "#0"},
				"south": {"uv": [6, 6, 8, 6.25], "texture": "#0"},
				"west": {"uv": [5.25, 6, 6, 6.25], "texture": "#0"},
				"up": {"uv": [5.25, 6, 3.25, 5.25], "texture": "#0"},
				"down": {"uv": [7.25, 5.25, 5.25, 6], "texture": "#0"}
			}
		},
		{
			"from": [6, 0, 8],
			"to": [10, 18, 9],
			"rotation": {"angle": 0, "axis": "y", "origin": [8, 0, 8]},
			"faces": {
				"north": {"uv": [0.25, 5.5, 1.25, 10], "texture": "#0"},
				"east": {"uv": [0, 5.5, 0.25, 10], "texture": "#0"},
				"south": {"uv": [1.5, 5.5, 2.5, 10], "texture": "#0"},
				"west": {"uv": [1.25, 5.5, 1.5, 10], "texture": "#0"},
				"up": {"uv": [1.25, 5.5, 0.25, 5.25], "texture": "#0"},
				"down": {"uv": [2.25, 5.25, 1.25, 5.5], "texture": "#0"}
			}
		},
		{
			"from": [0.01, 0.01, 8.01],
			"to": [3.99, 0.99, 9.99],
			"rotation": {"angle": -45, "axis": "y", "origin": [4, 0, 10]},
			"faces": {
				"north": {"uv": [5, 7.5, 6, 7.75], "texture": "#0"},
				"east": {"uv": [4.5, 7.5, 5, 7.75], "texture": "#0"},
				"south": {"uv": [6.5, 7.5, 7.5, 7.75], "texture": "#0"},
				"west": {"uv": [6, 7.5, 6.5, 7.75], "texture": "#0"},
				"up": {"uv": [6, 7.5, 5, 7], "texture": "#0"},
				"down": {"uv": [7, 7, 6, 7.5], "texture": "#0"}
			}
		},
		{
			"from": [12.01, 0.01, 8.01],
			"to": [15.99, 0.99, 9.99],
			"rotation": {"angle": 45, "axis": "y", "origin": [12, 0, 10]},
			"faces": {
				"north": {"uv": [5, 6.75, 6, 7], "texture": "#0"},
				"east": {"uv": [4.5, 6.75, 5, 7], "texture": "#0"},
				"south": {"uv": [6.5, 6.75, 7.5, 7], "texture": "#0"},
				"west": {"uv": [6, 6.75, 6.5, 7], "texture": "#0"},
				"up": {"uv": [6, 6.75, 5, 6.25], "texture": "#0"},
				"down": {"uv": [7, 6.25, 6, 6.75], "texture": "#0"}
			}
		}
	],
	"display": {
		"firstperson_righthand": {
			"rotation": [0, 139, 0],
			"translation": [6, 0, 1.25],
			"scale": [0.6, 0.6, 0.6]
		},
		"gui": {
			"rotation": [13, -164, 0],
			"translation": [0, -2, 0],
			"scale": [0.6, 0.6, 0.6]
		},
		"head": {
			"translation": [11, -27.75, 0],
			"scale": [2, 2, 2]
		}
	},
	"groups": [
		{
			"name": "Tv",
			"origin": [4, 0, 2],
			"children": [0, 1, 2, 3, 4, 5, 6, 7, 8]
		}
	]
}