{
	"credit": "Made with Blockbench",
	"textures": {
		"0": "item/wearables/roblox",
		"particle": "item/wearables/roblox"
	},
	"elements": [
		{
			"from": [0, 0, 0],
			"to": [16, 19, 16],
			"faces": {
				"north": {"uv": [2, 2, 4, 4.375], "texture": "#0"},
				"east": {"uv": [0, 2, 2, 4.375], "texture": "#0"},
				"south": {"uv": [6, 2, 8, 4.375], "texture": "#0"},
				"west": {"uv": [4, 2, 6, 4.375], "texture": "#0"},
				"up": {"uv": [4, 2, 2, 0], "texture": "#0"},
				"down": {"uv": [6, 0, 4, 2], "texture": "#0"}
			}
		},
		{
			"from": [15, -1, 4],
			"to": [16.9, 0, 12],
			"faces": {
				"north": {"uv": [7.5, 12.125, 7.625, 12.25], "texture": "#0"},
				"east": {"uv": [6.5, 12.125, 7.5, 12.25], "texture": "#0"},
				"south": {"uv": [8.625, 12.125, 8.75, 12.25], "texture": "#0"},
				"west": {"uv": [7.625, 12.125, 8.625, 12.25], "texture": "#0"},
				"up": {"uv": [7.625, 12.125, 7.5, 11.125], "texture": "#0"},
				"down": {"uv": [7.75, 11.125, 7.625, 12.125], "texture": "#0"}
			}
		},
		{
			"from": [15, 19, 4],
			"to": [17, 20, 12],
			"faces": {
				"north": {"uv": [11.5, 10.625, 11.75, 10.75], "texture": "#0"},
				"east": {"uv": [10.5, 10.625, 11.5, 10.75], "texture": "#0"},
				"south": {"uv": [12.75, 10.625, 13, 10.75], "texture": "#0"},
				"west": {"uv": [11.75, 10.625, 12.75, 10.75], "texture": "#0"},
				"up": {"uv": [11.75, 10.625, 11.5, 9.625], "texture": "#0"},
				"down": {"uv": [12, 9.625, 11.75, 10.625], "texture": "#0"}
			}
		},
		{
			"from": [-1, -1, 4],
			"to": [1, 0, 12],
			"faces": {
				"north": {"uv": [3, 7.25, 3.25, 7.375], "texture": "#0"},
				"east": {"uv": [2, 7.25, 3, 7.375], "texture": "#0"},
				"south": {"uv": [4.25, 7.25, 4.5, 7.375], "texture": "#0"},
				"west": {"uv": [3.25, 7.25, 4.25, 7.375], "texture": "#0"},
				"up": {"uv": [3.25, 7.25, 3, 6.25], "texture": "#0"},
				"down": {"uv": [3.5, 6.25, 3.25, 7.25], "texture": "#0"}
			}
		},
		{
			"from": [-1, 19, 4],
			"to": [1, 20, 12],
			"faces": {
				"north": {"uv": [12, 1, 12.25, 1.125], "texture": "#0"},
				"east": {"uv": [11, 1, 12, 1.125], "texture": "#0"},
				"south": {"uv": [13.25, 1, 13.5, 1.125], "texture": "#0"},
				"west": {"uv": [12.25, 1, 13.25, 1.125], "texture": "#0"},
				"up": {"uv": [12.25, 1, 12, 0], "texture": "#0"},
				"down": {"uv": [12.5, 0, 12.25, 1], "texture": "#0"}
			}
		},
		{
			"from": [4, 19, 15],
			"to": [12, 20, 17],
			"faces": {
				"north": {"uv": [3.75, 6.875, 4.75, 7], "texture": "#0"},
				"east": {"uv": [3.5, 6.875, 3.75, 7], "texture": "#0"},
				"south": {"uv": [5, 6.875, 6, 7], "texture": "#0"},
				"west": {"uv": [4.75, 6.875, 5, 7], "texture": "#0"},
				"up": {"uv": [4.75, 6.875, 3.75, 6.625], "texture": "#0"},
				"down": {"uv": [5.75, 6.625, 4.75, 6.875], "texture": "#0"}
			}
		},
		{
			"from": [4, -1, 15],
			"to": [12, 1, 17],
			"faces": {
				"north": {"uv": [5.5, 4.625, 6.5, 4.875], "texture": "#0"},
				"east": {"uv": [5.25, 4.625, 5.5, 4.875], "texture": "#0"},
				"south": {"uv": [6.75, 4.625, 7.75, 4.875], "texture": "#0"},
				"west": {"uv": [6.5, 4.625, 6.75, 4.875], "texture": "#0"},
				"up": {"uv": [6.5, 4.625, 5.5, 4.375], "texture": "#0"},
				"down": {"uv": [7.5, 4.375, 6.5, 4.625], "texture": "#0"}
			}
		},
		{
			"from": [4, -1, -1],
			"to": [12, 0, 1],
			"faces": {
				"north": {"uv": [5.5, 5.125, 6.5, 5.25], "texture": "#0"},
				"east": {"uv": [5.25, 5.125, 5.5, 5.25], "texture": "#0"},
				"south": {"uv": [6.75, 5.125, 7.75, 5.25], "texture": "#0"},
				"west": {"uv": [6.5, 5.125, 6.75, 5.25], "texture": "#0"},
				"up": {"uv": [6.5, 5.125, 5.5, 4.875], "texture": "#0"},
				"down": {"uv": [7.5, 4.875, 6.5, 5.125], "texture": "#0"}
			}
		},
		{
			"from": [4, 19, -1],
			"to": [12, 20, 1],
			"faces": {
				"north": {"uv": [7.5, 7.375, 8.5, 7.5], "texture": "#0"},
				"east": {"uv": [7.25, 7.375, 7.5, 7.5], "texture": "#0"},
				"south": {"uv": [8.75, 7.375, 9.75, 7.5], "texture": "#0"},
				"west": {"uv": [8.5, 7.375, 8.75, 7.5], "texture": "#0"},
				"up": {"uv": [8.5, 7.375, 7.5, 7.125], "texture": "#0"},
				"down": {"uv": [9.5, 7.125, 8.5, 7.375], "texture": "#0"}
			}
		},
		{
			"from": [1, 19, 1],
			"to": [15, 20, 15],
			"faces": {
				"north": {"uv": [7, 7, 8.75, 7.125], "texture": "#0"},
				"east": {"uv": [5.25, 7, 7, 7.125], "texture": "#0"},
				"south": {"uv": [10.5, 7, 12.25, 7.125], "texture": "#0"},
				"west": {"uv": [8.75, 7, 10.5, 7.125], "texture": "#0"},
				"up": {"uv": [8.75, 7, 7, 5.25], "texture": "#0"},
				"down": {"uv": [10.5, 5.25, 8.75, 7], "texture": "#0"}
			}
		},
		{
			"from": [1, -1, 1],
			"to": [15, 0, 15],
			"faces": {
				"north": {"uv": [1.75, 6.125, 3.5, 6.25], "texture": "#0"},
				"east": {"uv": [0, 6.125, 1.75, 6.25], "texture": "#0"},
				"south": {"uv": [5.25, 6.125, 7, 6.25], "texture": "#0"},
				"west": {"uv": [3.5, 6.125, 5.25, 6.25], "texture": "#0"},
				"up": {"uv": [3.5, 6.125, 1.75, 4.375], "texture": "#0"},
				"down": {"uv": [5.25, 4.375, 3.5, 6.125], "texture": "#0"}
			}
		},
		{
			"from": [16, 0, 1],
			"to": [17, 19, 15],
			"faces": {
				"north": {"uv": [5.5, 8.875, 5.625, 11.25], "texture": "#0"},
				"east": {"uv": [3.75, 8.875, 5.5, 11.25], "texture": "#0"},
				"south": {"uv": [7.375, 8.875, 7.5, 11.25], "texture": "#0"},
				"west": {"uv": [5.625, 8.875, 7.375, 11.25], "texture": "#0"},
				"up": {"uv": [5.625, 8.875, 5.5, 7.125], "texture": "#0"},
				"down": {"uv": [5.75, 7.125, 5.625, 8.875], "texture": "#0"}
			}
		},
		{
			"from": [-1, 0, 1],
			"to": [0, 19, 15],
			"faces": {
				"north": {"uv": [1.75, 8, 1.875, 10.375], "texture": "#0"},
				"east": {"uv": [0, 8, 1.75, 10.375], "texture": "#0"},
				"south": {"uv": [3.625, 8, 3.75, 10.375], "texture": "#0"},
				"west": {"uv": [1.875, 8, 3.625, 10.375], "texture": "#0"},
				"up": {"uv": [1.875, 8, 1.75, 6.25], "texture": "#0"},
				"down": {"uv": [2, 6.25, 1.875, 8], "texture": "#0"}
			}
		},
		{
			"from": [17, 0, 3],
			"to": [18, 19, 13],
			"faces": {
				"north": {"uv": [10.25, 11.125, 10.375, 13.5], "texture": "#0"},
				"east": {"uv": [9, 11.125, 10.25, 13.5], "texture": "#0"},
				"south": {"uv": [11.625, 11.125, 11.75, 13.5], "texture": "#0"},
				"west": {"uv": [10.375, 11.125, 11.625, 13.5], "texture": "#0"},
				"up": {"uv": [10.375, 11.125, 10.25, 9.875], "texture": "#0"},
				"down": {"uv": [10.5, 9.875, 10.375, 11.125], "texture": "#0"}
			}
		},
		{
			"from": [-2, 0, 3],
			"to": [-1, 19, 13],
			"faces": {
				"north": {"uv": [8.75, 8.75, 8.875, 11.125], "texture": "#0"},
				"east": {"uv": [7.5, 8.75, 8.75, 11.125], "texture": "#0"},
				"south": {"uv": [10.125, 8.75, 10.25, 11.125], "texture": "#0"},
				"west": {"uv": [8.875, 8.75, 10.125, 11.125], "texture": "#0"},
				"up": {"uv": [8.875, 8.75, 8.75, 7.5], "texture": "#0"},
				"down": {"uv": [9, 7.5, 8.875, 8.75], "texture": "#0"}
			}
		},
		{
			"from": [1, 0, -1],
			"to": [15, 19, 0],
			"faces": {
				"north": {"uv": [10.375, 7.25, 12.125, 9.625], "texture": "#0"},
				"east": {"uv": [10.25, 7.25, 10.375, 9.625], "texture": "#0"},
				"south": {"uv": [12.25, 7.25, 14, 9.625], "texture": "#0"},
				"west": {"uv": [12.125, 7.25, 12.25, 9.625], "texture": "#0"},
				"up": {"uv": [12.125, 7.25, 10.375, 7.125], "texture": "#0"},
				"down": {"uv": [13.875, 7.125, 12.125, 7.25], "texture": "#0"}
			}
		},
		{
			"from": [3, 0, -2],
			"to": [13, 19, -1],
			"faces": {
				"north": {"uv": [10.625, 4.5, 11.875, 6.875], "texture": "#0"},
				"east": {"uv": [10.5, 4.5, 10.625, 6.875], "texture": "#0"},
				"south": {"uv": [12, 4.5, 13.25, 6.875], "texture": "#0"},
				"west": {"uv": [11.875, 4.5, 12, 6.875], "texture": "#0"},
				"up": {"uv": [11.875, 4.5, 10.625, 4.375], "texture": "#0"},
				"down": {"uv": [13.125, 4.375, 11.875, 4.5], "texture": "#0"}
			}
		},
		{
			"from": [3, 0, 17],
			"to": [13, 19, 18],
			"faces": {
				"north": {"uv": [0.125, 10.5, 1.375, 12.875], "texture": "#0"},
				"east": {"uv": [0, 10.5, 0.125, 12.875], "texture": "#0"},
				"south": {"uv": [1.5, 10.5, 2.75, 12.875], "texture": "#0"},
				"west": {"uv": [1.375, 10.5, 1.5, 12.875], "texture": "#0"},
				"up": {"uv": [1.375, 10.5, 0.125, 10.375], "texture": "#0"},
				"down": {"uv": [2.625, 10.375, 1.375, 10.5], "texture": "#0"}
			}
		},
		{
			"from": [1, 0, 16],
			"to": [15, 19, 17],
			"faces": {
				"north": {"uv": [8.125, 2, 9.875, 4.375], "texture": "#0"},
				"east": {"uv": [8, 2, 8.125, 4.375], "texture": "#0"},
				"south": {"uv": [10, 2, 11.75, 4.375], "texture": "#0"},
				"west": {"uv": [9.875, 2, 10, 4.375], "texture": "#0"},
				"up": {"uv": [9.875, 2, 8.125, 1.875], "texture": "#0"},
				"down": {"uv": [11.625, 1.875, 9.875, 2], "texture": "#0"}
			}
		}
	],
	"display": {
		"thirdperson_righthand": {
			"rotation": [36.75, 0, 0],
			"scale": [0.4, 0.4, 0.4]
		},
		"firstperson_righthand": {
			"scale": [0.4, 0.4, 0.4]
		},
		"ground": {
			"scale": [0.5, 0.5, 0.5]
		},
		"gui": {
			"rotation": [0, -147, 0],
			"translation": [0, -0.75, 0],
			"scale": [0.6, 0.6, 0.6]
		},
		"head": {
			"scale": [0.91, 0.91, 0.91]
		}
	}
}