{
    "providers": [
        {
            "type": "bitmap",
            "file": "minecraft:emoji/lightning.png",
            "ascent": 12,
            "height": 18,
            "chars": ["\u2E93"]
        },
        {
            "type": "bitmap",
            "file": "minecraft:emoji/gems.png",
            "ascent": 12,
            "height": 18,
            "chars": ["\u2E94"]
        },
        {
            "type": "bitmap",
            "file": "minecraft:emoji/minecoin2.png",
            "ascent": 12,
            "height": 18,
            "chars": ["\u2E95"]
        },
        {
            "type": "bitmap",
            "file": "minecraft:emoji/minecoin2.png",
            "ascent": 9,
            "height": 12,
            "chars": ["\u2E96"]
        },
        {
            "type": "bitmap",
            "file": "minecraft:emoji/kingdom.png",
            "ascent": 12,
            "height": 18,
            "chars": ["\u2E97"]
        },
        {
            "type": "bitmap",
            "file": "minecraft:emoji/balance.png",
            "ascent": 12,
            "height": 18,
            "chars": ["\u2E98"]
        },
        {
            "type": "bitmap",
            "file": "minecraft:emoji/xpbottlesmall.png",
            "ascent": 10,
            "height": 12,
            "chars": ["\u2E99"]
        },
        {
            "type": "bitmap",
            "file": "minecraft:emoji/balancesmall.png",
            "ascent": 10,
            "height": 12,
            "chars": ["\u2E9A"]
        },
        {
            "type": "bitmap",
            "file": "minecraft:emoji/healthheart.png",
            "ascent": 9,
            "height": 12,
            "chars": ["\u2E9B"]
        },
        {
            "type": "bitmap",
            "file": "minecraft:emoji/xporb.png",
            "ascent": 9,
            "height": 12,
            "chars": ["\u2E9C"]
        },
        {
            "type": "bitmap",
            "file": "minecraft:emoji/diamondsword.png",
            "ascent": 9,
            "height": 12,
            "chars": ["\u2E9D"]
        },
        {
            "type": "bitmap",
            "file": "minecraft:emoji/gems.png",
            "ascent": 8,
            "height": 10,
            "chars": ["\u2E9E"]
        },
        {
            "type": "bitmap",
            "file": "minecraft:emoji/mvlogo.png",
            "ascent": 9,
            "height": 25,
            "chars": ["\u2E9F"]
        },

        {"type": "bitmap","file": "minecraft:emoji/mvlogo2.png","ascent": 15,"height": 60,"chars": ["셚셙","션셗"]},
        {"type": "bitmap","file": "minecraft:emoji/mvlogo2.png","ascent": 32,"height": 100,"chars": ["섏섐","섑섒"]},

        {"type": "bitmap","file": "minecraft:emoji/prefixes/srmodprefix.png","ascent": 7,"height": 8,"chars": ["\u2EA2"]},
        {"type": "bitmap","file": "minecraft:emoji/prefixes/modplusprefix.png","ascent": 7,"height": 8,"chars": ["\u2EA3"]},
        {"type": "bitmap","file": "minecraft:emoji/prefixes/modprefix.png","ascent": 7,"height": 8,"chars": ["\u2EA4"]},
        {"type": "bitmap","file": "minecraft:emoji/prefixes/helperprefix.png","ascent": 7,"height": 8,"chars": ["\u2EA5"]},
        {"type": "bitmap","file": "minecraft:emoji/prefixes/chatmodprefix.png","ascent": 7,"height": 8,"chars": ["\u2EA6"]},
        {"type": "bitmap","file": "minecraft:emoji/prefixes/trialprefix.png","ascent": 7,"height": 8,"chars": ["\u2EA7"]},

        {"type": "bitmap","file": "minecraft:emoji/prefixes/kingdom/emperorprefix.png","ascent": 7,"height": 8,"chars": ["\u2EAA"]},
        {"type": "bitmap","file": "minecraft:emoji/prefixes/kingdom/empressprefix.png","ascent": 7,"height": 8,"chars": ["\u2EAB"]},
        {"type": "bitmap","file": "minecraft:emoji/prefixes/kingdom/kingprefix.png","ascent": 7,"height": 8,"chars": ["\u2EAC"]},
        {"type": "bitmap","file": "minecraft:emoji/prefixes/kingdom/queenprefix.png","ascent": 7,"height": 8,"chars": ["\u2EAD"]},
        {"type": "bitmap","file": "minecraft:emoji/prefixes/kingdom/princeprefix.png","ascent": 7,"height": 8,"chars": ["\u2EAE"]},
        {"type": "bitmap","file": "minecraft:emoji/prefixes/kingdom/princessprefix.png","ascent": 7,"height": 8,"chars": ["\u2EAF"]},
        {"type": "bitmap","file": "minecraft:emoji/prefixes/kingdom/knightprefix.png","ascent": 7,"height": 8,"chars": ["\u2EB0"]},
        {"type": "bitmap","file": "minecraft:emoji/prefixes/kingdom/merchantprefix.png","ascent": 7,"height": 8,"chars": ["\u2EB1"]},

        {"type": "bitmap","file": "minecraft:emoji/prefixes/water/poseidonprefix.png","ascent": 7,"height": 8,"chars": ["\u2EB2"]},
        {"type": "bitmap","file": "minecraft:emoji/prefixes/water/amphitriteprefix.png","ascent": 7,"height": 8,"chars": ["\u2EB3"]},
        {"type": "bitmap","file": "minecraft:emoji/prefixes/water/atlasprefix.png","ascent": 7,"height": 8,"chars": ["\u2EB4"]},
        {"type": "bitmap","file": "minecraft:emoji/prefixes/water/pleioneprefix.png","ascent": 7,"height": 8,"chars": ["\u2EB5"]},
        {"type": "bitmap","file": "minecraft:emoji/prefixes/water/captainprefix.png","ascent": 7,"height": 8,"chars": ["\u2EB6"]},
        {"type": "bitmap","file": "minecraft:emoji/prefixes/water/pirateprefix.png","ascent": 7,"height": 8,"chars": ["\u2EB7"]},
        {"type": "bitmap","file": "minecraft:emoji/prefixes/water/sailorprefix.png","ascent": 7,"height": 8,"chars": ["\u2EB8"]},

        {"type": "bitmap","file": "minecraft:emoji/prefixes/fire/witherprefix.png","ascent": 7,"height": 8,"chars": ["\u2EB9"]},
        {"type": "bitmap","file": "minecraft:emoji/prefixes/fire/zoglinprefix.png","ascent": 7,"height": 8,"chars": ["\u2EBA"]},
        {"type": "bitmap","file": "minecraft:emoji/prefixes/fire/piglinprefix.png","ascent": 7,"height": 8,"chars": ["\u2EBB"]},
        {"type": "bitmap","file": "minecraft:emoji/prefixes/fire/blazeprefix.png","ascent": 7,"height": 8,"chars": ["\u2EBC"]},
        {"type": "bitmap","file": "minecraft:emoji/prefixes/fire/striderprefix.png","ascent": 7,"height": 8,"chars": ["\u2EBD"]},

        {"type": "bitmap","file": "minecraft:emoji/prefixes/asgard/monarchprefix.png","ascent": 7,"height": 8,"chars": ["\u2EBE"]},
        {"type": "bitmap","file": "minecraft:emoji/prefixes/asgard/thaneprefix.png","ascent": 7,"height": 8,"chars": ["\u2EBF"]},
        {"type": "bitmap","file": "minecraft:emoji/prefixes/asgard/jarlprefix.png","ascent": 7,"height": 8,"chars": ["\u2EC0"]},
        {"type": "bitmap","file": "minecraft:emoji/prefixes/asgard/nobleprefix.png","ascent": 7,"height": 8,"chars": ["\u2EC1"]},

        {"type": "bitmap","file": "minecraft:emoji/prefixes/minigame/vipprefix.png","ascent": 7,"height": 8,"chars": ["\u2EC2"]},
        {"type": "bitmap","file": "minecraft:emoji/prefixes/youtubeprefix.png","ascent": 7,"height": 8,"chars": ["\u2EC3"]},

        {"type": "bitmap","file": "minecraft:emoji/prefixes/adminprefix.png","ascent": 7,"height": 7,"chars": ["\u2EC4"]},
        {"type": "bitmap","file": "minecraft:emoji/prefixes/ownerprefix.png","ascent": 7,"height": 7,"chars": ["\u2EC5"]},

        {"type": "bitmap","file": "minecraft:emoji/trophy.png","ascent": 10,"height": 12,"chars": ["\u2EC6"]},
        {"type": "bitmap","file": "minecraft:emoji/mvlogo.png","ascent": 9,"height": 30,"chars": ["\u2EC7"]},

        {"type": "bitmap","file": "minecraft:emoji/trophies/trophy_1.png","ascent": 8,"height": 9,"chars": ["⻈"]},
        {"type": "bitmap","file": "minecraft:emoji/trophies/trophy_2.png","ascent": 8,"height": 9,"chars": ["⻉"]},
        {"type": "bitmap","file": "minecraft:emoji/trophies/trophy_3.png","ascent": 8,"height": 9,"chars": ["⻊"]},
        {"type": "bitmap","file": "minecraft:emoji/trophies/trophy_4.png","ascent": 8,"height": 9,"chars": ["⻋"]},
        {"type": "bitmap","file": "minecraft:emoji/trophies/trophy_5.png","ascent": 8,"height": 9,"chars": ["⻌"]},
        {"type": "bitmap","file": "minecraft:emoji/trophies/trophy_6.png","ascent": 8,"height": 9,"chars": ["⻍"]},
        {"type": "bitmap","file": "minecraft:emoji/trophies/trophy_7.png","ascent": 8,"height": 9,"chars": ["⻎"]},
        {"type": "bitmap","file": "minecraft:emoji/trophies/trophy_8.png","ascent": 8,"height": 9,"chars": ["⻏"]},
        {"type": "bitmap","file": "minecraft:emoji/trophies/trophy_9.png","ascent": 8,"height": 9,"chars": ["⻐"]},
        {"type": "bitmap","file": "minecraft:emoji/trophies/trophy_10.png","ascent": 8,"height": 9,"chars": ["⻑"]},
        {"type": "bitmap","file": "minecraft:emoji/prefixes/patron.png","ascent": 8,"height": 9,"chars": ["⻒"]},

        {"type": "bitmap","file": "minecraft:emoji/space.png","ascent": -32768,"height": -3,"chars": ["⻔"]},
		
        {"type": "bitmap","file": "minecraft:guis/extragui/crategui.png","ascent": 130,"height": 256,"chars": ["⼀"]},
        {"type": "bitmap","file": "minecraft:guis/extragui/selectorgui.png","ascent": 130,"height": 256,"chars": ["⼁"]},
        {"type": "bitmap","file": "minecraft:guis/extragui/skyblockselectorgui.png","ascent": 130,"height": 256,"chars": ["⼂"]},
        {"type": "bitmap","file": "minecraft:guis/extragui/storegui.png","ascent": 130,"height": 256,"chars": ["⼃"]},
        {"type": "bitmap","file": "minecraft:guis/extragui/survivalselectorgui.png","ascent": 130,"height": 256,"chars": ["⼄"]},

        {"type": "bitmap","file": "minecraft:guis/furnituregui/bathroomfurnituregui.png","ascent": 130,"height": 256,"chars": ["⼅"]},
        {"type": "bitmap","file": "minecraft:guis/furnituregui/bedroomfurnituregui.png","ascent": 130,"height": 256,"chars": ["⼆"]},
        {"type": "bitmap","file": "minecraft:guis/furnituregui/collectiblesfurnituregui.png","ascent": 130,"height": 256,"chars": ["⼇"]},
        {"type": "bitmap","file": "minecraft:guis/furnituregui/decorationsfurnituregui.png","ascent": 130,"height": 256,"chars": ["⼈"]},
        {"type": "bitmap","file": "minecraft:guis/furnituregui/furnituregui.png","ascent": 130,"height": 256,"chars": ["⼉"]},
        {"type": "bitmap","file": "minecraft:guis/furnituregui/furniturestore.png","ascent": 130,"height": 256,"chars": ["⼊"]},
        {"type": "bitmap","file": "minecraft:guis/furnituregui/furnituretwo.png","ascent": 130,"height": 256,"chars": ["⼋"]},
        {"type": "bitmap","file": "minecraft:guis/furnituregui/kitchenfurnituregui.png","ascent": 130,"height": 256,"chars": ["⼌"]},
        {"type": "bitmap","file": "minecraft:guis/furnituregui/livingroomfurnituregui.png","ascent": 130,"height": 256,"chars": ["⼍"]},
        {"type": "bitmap","file": "minecraft:guis/furnituregui/officefurnituregui.png","ascent": 130,"height": 256,"chars": ["⼎"]},

        {"type": "bitmap","file": "minecraft:guis/globalguis/collections/farmingcollection.png","ascent": 130,"height": 256,"chars": ["⼏"]},
        {"type": "bitmap","file": "minecraft:guis/globalguis/collections/islescollection.png","ascent": 130,"height": 256,"chars": ["⼐"]},
        {"type": "bitmap","file": "minecraft:guis/globalguis/collections/miningcollection.png","ascent": 130,"height": 256,"chars": ["⼑"]},
        {"type": "bitmap","file": "minecraft:guis/globalguis/collections/mobscollection.png","ascent": 130,"height": 256,"chars": ["⼒"]},
        {"type": "bitmap","file": "minecraft:guis/globalguis/collections/woodcuttingcollection.png","ascent": 130,"height": 256,"chars": ["⼓"]},

        {"type": "bitmap","file": "minecraft:guis/globalguis/enchanter/commonenchant.png","ascent": 130,"height": 256,"chars": ["⼔"]},
        {"type": "bitmap","file": "minecraft:guis/globalguis/enchanter/enchant.png","ascent": 130,"height": 256,"chars": ["⼕"]},
        {"type": "bitmap","file": "minecraft:guis/globalguis/enchanter/rareenchant.png","ascent": 130,"height": 256,"chars": ["⼖"]},
        {"type": "bitmap","file": "minecraft:guis/globalguis/enchanter/uncommonenchant.png","ascent": 130,"height": 256,"chars": ["⼗"]},

        {"type": "bitmap","file": "minecraft:guis/globalguis/quests/intervalquests.png","ascent": 130,"height": 256,"chars": ["⼘"]},
        {"type": "bitmap","file": "minecraft:guis/globalguis/quests/progressionsquests.png","ascent": 130,"height": 256,"chars": ["⼙"]},
        {"type": "bitmap","file": "minecraft:guis/globalguis/quests/questsmain.png","ascent": 130,"height": 256,"chars": ["⼚"]},

        {"type": "bitmap","file": "minecraft:guis/globalguis/confirmgui.png","ascent": 130,"height": 256,"chars": ["⼛"]},
        {"type": "bitmap","file": "minecraft:guis/globalguis/cosmeticsgui.png","ascent": 130,"height": 256,"chars": ["⼜"]},
        {"type": "bitmap","file": "minecraft:guis/globalguis/cratepreviewgui.png","ascent": 130,"height": 256,"chars": ["⼝"]},
        {"type": "bitmap","file": "minecraft:guis/globalguis/dailyrewardgui.png","ascent": 130,"height": 256,"chars": ["⼞"]},
        {"type": "bitmap","file": "minecraft:guis/globalguis/donatorkitgui.png","ascent": 130,"height": 256,"chars": ["⼟"]},
        {"type": "bitmap","file": "minecraft:guis/globalguis/gemsgui.png","ascent": 130,"height": 256,"chars": ["⼠"]},
        {"type": "bitmap","file": "minecraft:guis/globalguis/generatorgui.png","ascent": 130,"height": 256,"chars": ["⼡"]},
        {"type": "bitmap","file": "minecraft:guis/globalguis/happycowgui.png","ascent": 130,"height": 256,"chars": ["⼢"]},
        {"type": "bitmap","file": "minecraft:guis/globalguis/hatsgui.png","ascent": 130,"height": 256,"chars": ["⼣"]},
        {"type": "bitmap","file": "minecraft:guis/globalguis/infogui.png","ascent": 130,"height": 256,"chars": ["⼤"]},
        {"type": "bitmap","file": "minecraft:guis/globalguis/kitgui.png","ascent": 130,"height": 256,"chars": ["⼥"]},
        {"type": "bitmap","file": "minecraft:guis/globalguis/legendsgui.png","ascent": 130,"height": 256,"chars": ["⼦"]},
        {"type": "bitmap","file": "minecraft:guis/globalguis/minionsgui.png","ascent": 130,"height": 256,"chars": ["⼧"]},
        {"type": "bitmap","file": "minecraft:guis/globalguis/portalgui.png","ascent": 130,"height": 256,"chars": ["⼨"]},
        {"type": "bitmap","file": "minecraft:guis/globalguis/prefixgui.png","ascent": 130,"height": 256,"chars": ["⼩"]},
        {"type": "bitmap","file": "minecraft:guis/globalguis/premiumkitgui.png","ascent": 130,"height": 256,"chars": ["⼪"]},
        {"type": "bitmap","file": "minecraft:guis/globalguis/profilegui.png","ascent": 130,"height": 256,"chars": ["⼫"]},
        {"type": "bitmap","file": "minecraft:guis/globalguis/rankedrewardgui.png","ascent": 130,"height": 256,"chars": ["⼬"]},
        {"type": "bitmap","file": "minecraft:guis/globalguis/ranksgui.png","ascent": 130,"height": 256,"chars": ["⼭"]},
        {"type": "bitmap","file": "minecraft:guis/globalguis/reclaimgui.png","ascent": 130,"height": 256,"chars": ["⼮"]},
        {"type": "bitmap","file": "minecraft:guis/globalguis/topgui.png","ascent": 130,"height": 256,"chars": ["⼯"]},

        {"type": "bitmap","file": "minecraft:guis/islandsgui/islandcollectiongui.png","ascent": 130,"height": 256,"chars": ["⼰"]},
        {"type": "bitmap","file": "minecraft:guis/islandsgui/islandcreategui.png","ascent": 130,"height": 256,"chars": ["⼱"]},
        {"type": "bitmap","file": "minecraft:guis/islandsgui/islandgui.png","ascent": 130,"height": 256,"chars": ["⼲"]},
        {"type": "bitmap","file": "minecraft:guis/islandsgui/islandmiscsshop.png","ascent": 130,"height": 256,"chars": ["⼳"]},
        {"type": "bitmap","file": "minecraft:guis/islandsgui/islandquestsgui.png","ascent": 130,"height": 256,"chars": ["⼴"]},

        {"type": "bitmap","file": "minecraft:guis/kingdomgui/kingdomadminpermgui.png","ascent": 130,"height": 256,"chars": ["⼵"]},
        {"type": "bitmap","file": "minecraft:guis/kingdomgui/kingdombankdepositgui.png","ascent": 130,"height": 256,"chars": ["⼶"]},
        {"type": "bitmap","file": "minecraft:guis/kingdomgui/kingdombankgui.png","ascent": 130,"height": 256,"chars": ["⼷"]},
        {"type": "bitmap","file": "minecraft:guis/kingdomgui/kingdombankwithdrawgui.png","ascent": 130,"height": 256,"chars": ["⼸"]},
        {"type": "bitmap","file": "minecraft:guis/kingdomgui/kingdombansgui.png","ascent": 130,"height": 256,"chars": ["⼹"]},
        {"type": "bitmap","file": "minecraft:guis/kingdomgui/kingdomclaimsgui.png","ascent": 130,"height": 256,"chars": ["⼺"]},
        {"type": "bitmap","file": "minecraft:guis/kingdomgui/kingdomclasses1.png","ascent": 130,"height": 256,"chars": ["⼻"]},
        {"type": "bitmap","file": "minecraft:guis/kingdomgui/kingdomclasses2.png","ascent": 130,"height": 256,"chars": ["⼼"]},
        {"type": "bitmap","file": "minecraft:guis/kingdomgui/kingdomclasses3.png","ascent": 130,"height": 256,"chars": ["⼽"]},
        {"type": "bitmap","file": "minecraft:guis/kingdomgui/kingdomclasses4.png","ascent": 130,"height": 256,"chars": ["⼾"]},
        {"type": "bitmap","file": "minecraft:guis/kingdomgui/kingdomclasses5.png","ascent": 130,"height": 256,"chars": ["⼿"]},
        {"type": "bitmap","file": "minecraft:guis/kingdomgui/kingdomclasses6.png","ascent": 130,"height": 256,"chars": ["⽀"]},
        {"type": "bitmap","file": "minecraft:guis/kingdomgui/kingdomclassesgui.png","ascent": 130,"height": 256,"chars": ["⽁"]},
        {"type": "bitmap","file": "minecraft:guis/kingdomgui/kingdomcoleaderpermgui.png","ascent": 130,"height": 256,"chars": ["⽂"]},
        {"type": "bitmap","file": "minecraft:guis/kingdomgui/kingdomcollection2gui.png","ascent": 130,"height": 256,"chars": ["⽃"]},
        {"type": "bitmap","file": "minecraft:guis/kingdomgui/kingdomcollectiongui.png","ascent": 130,"height": 256,"chars": ["⽄"]},
        {"type": "bitmap","file": "minecraft:guis/kingdomgui/kingdomcooppermgui.png","ascent": 130,"height": 256,"chars": ["⽅"]},
        {"type": "bitmap","file": "minecraft:guis/kingdomgui/kingdromcreategui.png","ascent": 130,"height": 256,"chars": ["⽆"]},
        {"type": "bitmap","file": "minecraft:guis/kingdomgui/kingdomdirectorygui.png","ascent": 130,"height": 256,"chars": ["⽇"]},
        {"type": "bitmap","file": "minecraft:guis/kingdomgui/kingdomguestpermgui.png","ascent": 130,"height": 256,"chars": ["⽈"]},
        {"type": "bitmap","file": "minecraft:guis/kingdomgui/kingdomisles1.png","ascent": 130,"height": 256,"chars": ["⽉"]},
        {"type": "bitmap","file": "minecraft:guis/kingdomgui/kingdomisles2.png","ascent": 130,"height": 256,"chars": ["⽊"]},
        {"type": "bitmap","file": "minecraft:guis/kingdomgui/kingdomisles3.png","ascent": 130,"height": 256,"chars": ["⽋"]},
        {"type": "bitmap","file": "minecraft:guis/kingdomgui/kingdomisles4.png","ascent": 130,"height": 256,"chars": ["⽌"]},
        {"type": "bitmap","file": "minecraft:guis/kingdomgui/kingdomisles5.png","ascent": 130,"height": 256,"chars": ["⽍"]},
        {"type": "bitmap","file": "minecraft:guis/kingdomgui/kingdomislesgui.png","ascent": 130,"height": 256,"chars": ["⽎"]},
        {"type": "bitmap","file": "minecraft:guis/kingdomgui/kingdomlevelsgui.png","ascent": 130,"height": 256,"chars": ["⽏"]},
        {"type": "bitmap","file": "minecraft:guis/kingdomgui/kingdomlogsgui.png","ascent": 130,"height": 256,"chars": ["⽐"]},
        {"type": "bitmap","file": "minecraft:guis/kingdomgui/kingdommembergui.png","ascent": 130,"height": 256,"chars": ["⽑"]},
        {"type": "bitmap","file": "minecraft:guis/kingdomgui/kingdommodpermgui.png","ascent": 130,"height": 256,"chars": ["⽒"]},
        {"type": "bitmap","file": "minecraft:guis/kingdomgui/kingdommonstergui.png","ascent": 130,"height": 256,"chars": ["⽓"]},
        {"type": "bitmap","file": "minecraft:guis/kingdomgui/kingdompermissionsgui.png","ascent": 130,"height": 256,"chars": ["⽔"]},
        {"type": "bitmap","file": "minecraft:guis/kingdomgui/kingdomquestsgui.png","ascent": 130,"height": 256,"chars": ["⽕"]},
        {"type": "bitmap","file": "minecraft:guis/kingdomgui/kingdomsettingsgui.png","ascent": 130,"height": 256,"chars": ["⽖"]},
        {"type": "bitmap","file": "minecraft:guis/kingdomgui/kingdomsgui.png","ascent": 130,"height": 256,"chars": ["⽗"]},
        {"type": "bitmap","file": "minecraft:guis/kingdomgui/kingdomstackgui.png","ascent": 130,"height": 256,"chars": ["⽘"]},
        {"type": "bitmap","file": "minecraft:guis/kingdomgui/kingdomteamgui.png","ascent": 130,"height": 256,"chars": ["⽙"]},
        {"type": "bitmap","file": "minecraft:guis/kingdomgui/kingdomtrusteepermgui.png","ascent": 130,"height": 256,"chars": ["⽚"]},
        {"type": "bitmap","file": "minecraft:guis/kingdomgui/kingdomupgradesgui.png","ascent": 130,"height": 256,"chars": ["⽛"]},
        {"type": "bitmap","file": "minecraft:guis/kingdomgui/kingdomwarpsgui.png","ascent": 130,"height": 256,"chars": ["⽜"]},
        {"type": "bitmap","file": "minecraft:guis/kingdomgui/kingdomyougui.png","ascent": 130,"height": 256,"chars": ["⽝"]},

        {"type": "bitmap","file": "minecraft:guis/minebucksshop/keysshop.png","ascent": 130,"height": 256,"chars": ["⽞"]},
        {"type": "bitmap","file": "minecraft:guis/minebucksshop/kitsshop.png","ascent": 130,"height": 256,"chars": ["⽟"]},
        {"type": "bitmap","file": "minecraft:guis/minebucksshop/marketshop.png","ascent": 130,"height": 256,"chars": ["⽠"]},
        {"type": "bitmap","file": "minecraft:guis/minebucksshop/minebucksshop.png","ascent": 130,"height": 256,"chars": ["⽡"]},
        {"type": "bitmap","file": "minecraft:guis/minebucksshop/minionsshop.png","ascent": 130,"height": 256,"chars": ["⽢"]},
        {"type": "bitmap","file": "minecraft:guis/minebucksshop/perksshop.png","ascent": 130,"height": 256,"chars": ["⽣"]},
        {"type": "bitmap","file": "minecraft:guis/minebucksshop/ranksshop.png","ascent": 130,"height": 256,"chars": ["⽤"]},
        {"type": "bitmap","file": "minecraft:guis/minebucksshop/toolsshop.png","ascent": 130,"height": 256,"chars": ["⽥"]},

        {"type": "bitmap","file": "minecraft:guis/shops/blocksshop.png","ascent": 130,"height": 256,"chars": ["⽦"]},
        {"type": "bitmap","file": "minecraft:guis/shops/buymore.png","ascent": 130,"height": 256,"chars": ["⽧"]},
        {"type": "bitmap","file": "minecraft:guis/shops/dropsshop.png","ascent": 130,"height": 256,"chars": ["⽨"]},
        {"type": "bitmap","file": "minecraft:guis/shops/dyesshop.png","ascent": 130,"height": 256,"chars": ["⽩"]},
        {"type": "bitmap","file": "minecraft:guis/shops/farmingshop.png","ascent": 130,"height": 256,"chars": ["⽪"]},
        {"type": "bitmap","file": "minecraft:guis/shops/flowersshop.png","ascent": 130,"height": 256,"chars": ["⽫"]},
        {"type": "bitmap","file": "minecraft:guis/shops/mainshop.png","ascent": 130,"height": 256,"chars": ["⽬"]},
        {"type": "bitmap","file": "minecraft:guis/shops/mineralsshop.png","ascent": 130,"height": 256,"chars": ["⽭"]},
        {"type": "bitmap","file": "minecraft:guis/shops/miscshop.png","ascent": 130,"height": 256,"chars": ["⽮"]},
        {"type": "bitmap","file": "minecraft:guis/shops/saplingsshop.png","ascent": 130,"height": 256,"chars": ["⽯"]},
        {"type": "bitmap","file": "minecraft:guis/shops/sellmore.png","ascent": 130,"height": 256,"chars": ["⽰"]},
        {"type": "bitmap","file": "minecraft:guis/shops/shop2.png","ascent": 130,"height": 256,"chars": ["⽱"]},
        {"type": "bitmap","file": "minecraft:guis/shops/spawnersshop.png","ascent": 130,"height": 256,"chars": ["⽲"]},

        {"type": "bitmap","file": "minecraft:guis/spawners/spawnerforgegui.png","ascent": 130,"height": 256,"chars": ["⽳"]},

        {"type": "bitmap","file": "minecraft:guis/townguis/minesgui.png","ascent": 130,"height": 256,"chars": ["⽴"]},
        {"type": "bitmap","file": "minecraft:guis/townguis/pickaxegui.png","ascent": 130,"height": 256,"chars": ["⽵"]},
        {"type": "bitmap","file": "minecraft:guis/townguis/rebirthgui.png","ascent": 130,"height": 256,"chars": ["⽶"]},
        {"type": "bitmap","file": "minecraft:guis/townguis/towncollection2gui.png","ascent": 130,"height": 256,"chars": ["⽷"]},
        {"type": "bitmap","file": "minecraft:guis/townguis/towncreategui.png","ascent": 130,"height": 256,"chars": ["⽸"]},
        {"type": "bitmap","file": "minecraft:guis/townguis/towngui.png","ascent": 130,"height": 256,"chars": ["⽹"]},
        {"type": "bitmap","file": "minecraft:guis/townguis/townquestgui.png","ascent": 130,"height": 256,"chars": ["⽺"]},

        {"type": "bitmap","file": "minecraft:guis/islandsgui/islandcreate2.png","ascent": 130,"height": 256,"chars": ["⽻"]},

        {"type": "bitmap","file": "minecraft:guis/globalguis/chatcolor.png","ascent": 130,"height": 256,"chars": ["⽼"]},
        {"type": "bitmap","file": "minecraft:guis/globalguis/glowcolor.png","ascent": 130,"height": 256,"chars": ["⽽"]},		
		
		
		
		{"type": "bitmap","file": "minecraft:guis/plotguis/hadesgui.png","ascent": 130,"height": 256,"chars": ["⽾"]},
		{"type": "bitmap","file": "minecraft:guis/plotguis/minesgui.png","ascent": 130,"height": 256,"chars": ["⽿"]},
		{"type": "bitmap","file": "minecraft:guis/plotguis/pickaxegui.png","ascent": 130,"height": 256,"chars": ["⾀"]},
		{"type": "bitmap","file": "minecraft:guis/plotguis/plotcollection2gui.png","ascent": 130,"height": 256,"chars": ["⾁"]},
		{"type": "bitmap","file": "minecraft:guis/plotguis/plotcreategui.png","ascent": 130,"height": 256,"chars": ["⾂"]},
		{"type": "bitmap","file": "minecraft:guis/plotguis/plotgui.png","ascent": 130,"height": 256,"chars": ["⾃"]},
		{"type": "bitmap","file": "minecraft:guis/plotguis/plotquestgui.png","ascent": 130,"height": 256,"chars": ["⾄"]},
		{"type": "bitmap","file": "minecraft:guis/plotguis/rebirth.png","ascent": 130,"height": 256,"chars": ["⾅"]},	

		{"type": "bitmap","file": "minecraft:guis/globalguis/clangui.png","ascent": 130,"height": 256,"chars": ["⾆"]},
		{"type": "bitmap","file": "minecraft:guis/globalguis/keystone.png","ascent": 130,"height": 256,"chars": ["⾇"]},
		{"type": "bitmap","file": "minecraft:guis/globalguis/underworldmobsgui.png","ascent": 130,"height": 512,"chars": ["⾈"]},



		{"type": "bitmap","file": "minecraft:guis/treasure/treasure_chest5.png","ascent": 130,"height": 256,"chars": ["⾐"]},
		{"type": "bitmap","file": "minecraft:guis/treasure/treasure_chest10.png","ascent": 130,"height": 256,"chars": ["⾑"]},
		{"type": "bitmap","file": "minecraft:guis/treasure/treasure_chest15.png","ascent": 130,"height": 256,"chars": ["⾒"]},
		{"type": "bitmap","file": "minecraft:guis/treasure/treasure_chest20.png","ascent": 130,"height": 256,"chars": ["⾓"]},
		{"type": "bitmap","file": "minecraft:guis/treasure/treasure_chest25.png","ascent": 130,"height": 256,"chars": ["⾔"]},
		{"type": "bitmap","file": "minecraft:guis/treasure/treasure_chest30.png","ascent": 130,"height": 256,"chars": ["⾕"]},
		{"type": "bitmap","file": "minecraft:guis/treasure/treasure_chest40.png","ascent": 130,"height": 256,"chars": ["⾖"]},



        {"type": "bitmap","file": "emoji/emojipack.png","ascent": 8,"height": 10,"chars": ["⾟⾠⾡⾢⾣","⾤⾥⾦⾧⾨","⾩⾪⾫⾬⾭","⾮⾯⾰⾱⾲","⾳⾴⾵⾶⾷","⾸⾹⾺⾻⾼","⾽⾾⾿⿀⿁","⿂⿃⿄⿅⿆","⿇⿈⿉⿊⿋","⿌⿍⿎⿏⿐"]},

        {"type": "bitmap","file": "minecraft:emoji/pog.png","ascent": 8,"height": 10,"chars": ["⿑"]},
		
		{"type": "bitmap","file": "minecraft:guis/escapemenu/escstore.png","ascent": -12,"height": 256,"chars": ["⻬"]},
				
		{"ascent":-32768,"chars":[""],"file":"emoji/space_two.png","height":-3,"type":"bitmap"},
		{"ascent":-32768,"chars":[""],"file":"emoji/space_two.png","height":-4,"type":"bitmap"},
		{"ascent":-32768,"chars":[""],"file":"emoji/space_two.png","height":-5,"type":"bitmap"},
		{"ascent":-32768,"chars":[""],"file":"emoji/space_two.png","height":-6,"type":"bitmap"},
		{"ascent":-32768,"chars":[""],"file":"emoji/space_two.png","height":-7,"type":"bitmap"},
		{"ascent":-32768,"chars":[""],"file":"emoji/space_two.png","height":-8,"type":"bitmap"},
		{"ascent":-32768,"chars":[""],"file":"emoji/space_two.png","height":-9,"type":"bitmap"},
		{"ascent":-32768,"chars":[""],"file":"emoji/space_two.png","height":-10,"type":"bitmap"},
		{"ascent":-32768,"chars":[""],"file":"emoji/space_two.png","height":-18,"type":"bitmap"},
		{"ascent":-32768,"chars":[""],"file":"emoji/space_two.png","height":-34,"type":"bitmap"},
		{"ascent":-32768,"chars":[""],"file":"emoji/space_two.png","height":-66,"type":"bitmap"},
		{"ascent":-32768,"chars":[""],"file":"emoji/space_two.png","height":-130,"type":"bitmap"},
		{"ascent":-32768,"chars":[""],"file":"emoji/space_two.png","height":-258,"type":"bitmap"},
		{"ascent":-32768,"chars":[""],"file":"emoji/space_two.png","height":-514,"type":"bitmap"},
		{"ascent":-32768,"chars":[""],"file":"emoji/space_two.png","height":-1026,"type":"bitmap"},
		{"ascent":-32770,"chars":[""],"file":"emoji/space_two.png","height":-32770,"type":"bitmap"},
		{"ascent":-32768,"chars":[""],"file":"emoji/space_two.png","height":0,"type":"bitmap"},
		{"ascent":-32768,"chars":[""],"file":"emoji/space_two.png","height":1,"type":"bitmap"},
		{"ascent":-32768,"chars":[""],"file":"emoji/space_two.png","height":2,"type":"bitmap"},
		{"ascent":-32768,"chars":[""],"file":"emoji/space_two.png","height":3,"type":"bitmap"},
		{"ascent":-32768,"chars":[""],"file":"emoji/space_two.png","height":4,"type":"bitmap"},
		{"ascent":-32768,"chars":[""],"file":"emoji/space_two.png","height":5,"type":"bitmap"},
		{"ascent":-32768,"chars":[""],"file":"emoji/space_two.png","height":6,"type":"bitmap"},
		{"ascent":-32768,"chars":[""],"file":"emoji/space_two.png","height":7,"type":"bitmap"},
		{"ascent":-32768,"chars":[""],"file":"emoji/space_two.png","height":15,"type":"bitmap"},
		{"ascent":-32768,"chars":[""],"file":"emoji/space_two.png","height":31,"type":"bitmap"},
		{"ascent":-32768,"chars":[""],"file":"emoji/space_two.png","height":63,"type":"bitmap"},
		{"ascent":-32768,"chars":[""],"file":"emoji/space_two.png","height":127,"type":"bitmap"},
		{"ascent":-32768,"chars":[""],"file":"emoji/space_two.png","height":255,"type":"bitmap"},
		{"ascent":-32768,"chars":[""],"file":"emoji/space_two.png","height":511,"type":"bitmap"},
		{"ascent":-32768,"chars":[""],"file":"emoji/space_two.png","height":1023,"type":"bitmap"},
		{"ascent":-32768,"chars":[""],"file":"emoji/space_two.png","height":32767,"type":"bitmap"},
		{"ascent":-32768,"chars":[""],"file":"emoji/space_three.png","height":-3,"type":"bitmap"},
		{"ascent":-32768,"chars":[""],"file":"emoji/space_three.png","height":-4,"type":"bitmap"},
		{"ascent":-32768,"chars":[""],"file":"emoji/space_three.png","height":-5,"type":"bitmap"},
		{"ascent":-32768,"chars":[""],"file":"emoji/space_three.png","height":-6,"type":"bitmap"},
		{"ascent":-32768,"chars":[""],"file":"emoji/space_three.png","height":-7,"type":"bitmap"},
		{"ascent":-32768,"chars":[""],"file":"emoji/space_three.png","height":-8,"type":"bitmap"},
		{"ascent":-32768,"chars":[""],"file":"emoji/space_three.png","height":-9,"type":"bitmap"},
		{"ascent":-32768,"chars":[""],"file":"emoji/space_three.png","height":-10,"type":"bitmap"},
		{"ascent":-32768,"chars":[""],"file":"emoji/space_three.png","height":-18,"type":"bitmap"},
		{"ascent":-32768,"chars":[""],"file":"emoji/space_three.png","height":-34,"type":"bitmap"},
		{"ascent":-32768,"chars":[""],"file":"emoji/space_three.png","height":-66,"type":"bitmap"},
		{"ascent":-32768,"chars":[""],"file":"emoji/space_three.png","height":-130,"type":"bitmap"},
		{"ascent":-32768,"chars":[""],"file":"emoji/space_three.png","height":-258,"type":"bitmap"},
		{"ascent":-32768,"chars":[""],"file":"emoji/space_three.png","height":-514,"type":"bitmap"},
		{"ascent":-32768,"chars":[""],"file":"emoji/space_three.png","height":-1026,"type":"bitmap"},
		{"ascent":-32768,"chars":[""],"file":"emoji/space_three.png","height":0,"type":"bitmap"},
		{"ascent":-32768,"chars":[""],"file":"emoji/space_three.png","height":1,"type":"bitmap"},
		{"ascent":-32768,"chars":[""],"file":"emoji/space_three.png","height":2,"type":"bitmap"},
		{"ascent":-32768,"chars":[""],"file":"emoji/space_three.png","height":3,"type":"bitmap"},
		{"ascent":-32768,"chars":[""],"file":"emoji/space_three.png","height":4,"type":"bitmap"},
		{"ascent":-32768,"chars":[""],"file":"emoji/space_three.png","height":5,"type":"bitmap"},
		{"ascent":-32768,"chars":[""],"file":"emoji/space_three.png","height":6,"type":"bitmap"},
		{"ascent":-32768,"chars":[""],"file":"emoji/space_three.png","height":7,"type":"bitmap"},
		{"ascent":-32768,"chars":[""],"file":"emoji/space_three.png","height":15,"type":"bitmap"},
		{"ascent":-32768,"chars":[""],"file":"emoji/space_three.png","height":31,"type":"bitmap"},
		{"ascent":-32768,"chars":[""],"file":"emoji/space_three.png","height":63,"type":"bitmap"},
		{"ascent":-32768,"chars":[""],"file":"emoji/space_three.png","height":127,"type":"bitmap"},
		{"ascent":-32768,"chars":[""],"file":"emoji/space_three.png","height":255,"type":"bitmap"},
		{"ascent":-32768,"chars":[""],"file":"emoji/space_three.png","height":511,"type":"bitmap"},
		{"ascent":-32768,"chars":[""],"file":"emoji/space_three.png","height":1023,"type":"bitmap"},
		{"ascent":-32768,"chars":[""],"file":"emoji/space_three.png","height":32767,"type":"bitmap"}


		
    ]
}
