{
	"credit": "ManaLabs Inc",
	"texture_size": [64, 64],
	"textures": {
		"0": "item/tools/emerald_pickaxe",
		"particle": "item/tools/emerald_pickaxe"
	},
	"elements": [
		{
			"from": [5, 18.64949, 10.25],
			"to": [11, 24.64949, 10.25],
			"rotation": {"angle": 0, "axis": "z", "origin": [8, 5.64949, 2]},
			"faces": {
				"north": {"uv": [9.25, 9.25, 16, 16], "texture": "#0"},
				"east": {"uv": [7, 8.25, 7, 9.75], "texture": "#0"},
				"south": {"uv": [9.25, 9.25, 16, 16], "texture": "#0"},
				"west": {"uv": [8.5, 8.25, 8.5, 9.75], "texture": "#0"},
				"up": {"uv": [8.5, 8.25, 7, 8.25], "texture": "#0"},
				"down": {"uv": [10, 8.25, 8.5, 8.25], "texture": "#0"}
			}
		},
		{
			"from": [5, 18.64949, 5.75],
			"to": [11, 24.64949, 5.75],
			"rotation": {"angle": 0, "axis": "z", "origin": [8, 5.64949, 2]},
			"faces": {
				"north": {"uv": [9.25, 9.25, 16, 16], "texture": "#0"},
				"east": {"uv": [7, 8.25, 7, 9.75], "texture": "#0"},
				"south": {"uv": [9.25, 9.25, 16, 16], "texture": "#0"},
				"west": {"uv": [8.5, 8.25, 8.5, 9.75], "texture": "#0"},
				"up": {"uv": [8.5, 8.25, 7, 8.25], "texture": "#0"},
				"down": {"uv": [10, 8.25, 8.5, 8.25], "texture": "#0"}
			}
		},
		{
			"from": [6, -6, 6],
			"to": [10, -2, 10],
			"shade": false,
			"rotation": {"angle": 45, "axis": "z", "origin": [8, -4, 8]},
			"faces": {
				"north": {"uv": [1.75, 14.25, 0.25, 15.75], "texture": "#0"},
				"east": {"uv": [6.5, 10.25, 5.5, 11.25], "texture": "#0"},
				"south": {"uv": [1.75, 14.25, 0.25, 15.75], "rotation": 90, "texture": "#0"},
				"west": {"uv": [5.25, 10.25, 4.25, 11.25], "rotation": 90, "texture": "#0"},
				"up": {"uv": [5.25, 11.25, 6.25, 10.25], "texture": "#0"},
				"down": {"uv": [2, 6.25, 3, 7.25], "rotation": 270, "texture": "#0"}
			}
		},
		{
			"from": [20, 8, 6],
			"to": [24, 12, 10],
			"shade": false,
			"rotation": {"angle": 45, "axis": "z", "origin": [8, -4, 8]},
			"faces": {
				"north": {"uv": [1.75, 14.25, 0.25, 15.75], "texture": "#0"},
				"east": {"uv": [3, 6.25, 2, 7.25], "texture": "#0"},
				"south": {"uv": [1.75, 14.25, 0.25, 15.75], "rotation": 90, "texture": "#0"},
				"west": {"uv": [3, 7.25, 2, 8.25], "rotation": 90, "texture": "#0"},
				"up": {"uv": [2, 8.25, 3, 7.25], "texture": "#0"},
				"down": {"uv": [1, 6.25, 2, 7.25], "texture": "#0"}
			}
		},
		{
			"from": [24, 12, 6],
			"to": [28, 16, 10],
			"rotation": {"angle": 45, "axis": "z", "origin": [8, -4, 8]},
			"faces": {
				"north": {"uv": [3, 1, 4, 2], "texture": "#0"},
				"east": {"uv": [2, 1, 3, 2], "texture": "#0"},
				"south": {"uv": [5, 1, 6, 2], "texture": "#0"},
				"west": {"uv": [4, 1, 5, 2], "texture": "#0"},
				"up": {"uv": [4, 1, 3, 0], "texture": "#0"},
				"down": {"uv": [5, 0, 4, 1], "texture": "#0"}
			}
		},
		{
			"from": [6.75, -3, 6.75],
			"to": [9.25, 20, 9.25],
			"rotation": {"angle": 0, "axis": "y", "origin": [8, 12, 8]},
			"faces": {
				"north": {"uv": [13.25, 0.5, 14.25, 9], "texture": "#0"},
				"east": {"uv": [12.25, 0.5, 13.25, 9], "texture": "#0"},
				"south": {"uv": [13.25, 0.5, 14.25, 9], "texture": "#0"},
				"west": {"uv": [12.25, 0.5, 13.25, 9], "texture": "#0"},
				"up": {"uv": [14.25, 0.5, 13.75, 0], "texture": "#0"},
				"down": {"uv": [14.75, 0, 14.25, 0.5], "texture": "#0"}
			}
		},
		{
			"from": [7.75, 19.5, 6.75],
			"to": [13.25, 23.5, 9.25],
			"rotation": {"angle": 0, "axis": "y", "origin": [7, 12, 8]},
			"faces": {
				"north": {"uv": [8.5, 6.75, 9.75, 7.75], "texture": "#0"},
				"east": {"uv": [8, 6.75, 8.5, 7.75], "texture": "#0"},
				"south": {"uv": [10.25, 6.75, 11.5, 7.75], "texture": "#0"},
				"west": {"uv": [9.75, 6.75, 10.25, 7.75], "texture": "#0"},
				"up": {"uv": [9.75, 6.75, 8.5, 6.25], "texture": "#0"},
				"down": {"uv": [11, 6.25, 9.75, 6.75], "texture": "#0"}
			}
		},
		{
			"from": [2.75, 19.5, 6.75],
			"to": [8.25, 23.5, 9.25],
			"shade": false,
			"rotation": {"angle": 0, "axis": "y", "origin": [9, 12, 8]},
			"faces": {
				"north": {"uv": [9.75, 6.75, 8.5, 7.75], "texture": "#0"},
				"east": {"uv": [10.25, 6.75, 9.75, 7.75], "texture": "#0"},
				"south": {"uv": [11.5, 6.75, 10.25, 7.75], "texture": "#0"},
				"west": {"uv": [8.5, 6.75, 8, 7.75], "texture": "#0"},
				"up": {"uv": [8.5, 6.75, 9.75, 6.25], "texture": "#0"},
				"down": {"uv": [9.75, 6.25, 11, 6.75], "texture": "#0"}
			}
		},
		{
			"from": [12.75, 18.25, 7],
			"to": [18.25, 21.25, 9],
			"rotation": {"angle": -22.5, "axis": "z", "origin": [17.48339, 21.51833, 7.99832]},
			"faces": {
				"north": {"uv": [4, 8.75, 5.25, 9.5], "texture": "#0"},
				"east": {"uv": [3.5, 8.75, 4, 9.5], "texture": "#0"},
				"south": {"uv": [5.75, 8.75, 7, 9.5], "texture": "#0"},
				"west": {"uv": [5.25, 8.75, 5.75, 9.5], "texture": "#0"},
				"up": {"uv": [5.25, 8.75, 4, 8.25], "texture": "#0"},
				"down": {"uv": [6.5, 8.25, 5.25, 8.75], "texture": "#0"}
			}
		},
		{
			"from": [-2.25, 18.25, 7],
			"to": [3.25, 21.25, 9],
			"shade": false,
			"rotation": {"angle": 22.5, "axis": "z", "origin": [-1.48339, 21.51833, 7.99832]},
			"faces": {
				"north": {"uv": [5.25, 8.75, 4, 9.5], "texture": "#0"},
				"east": {"uv": [5.75, 8.75, 5.25, 9.5], "texture": "#0"},
				"south": {"uv": [7, 8.75, 5.75, 9.5], "texture": "#0"},
				"west": {"uv": [4, 8.75, 3.5, 9.5], "texture": "#0"},
				"up": {"uv": [4, 8.75, 5.25, 8.25], "texture": "#0"},
				"down": {"uv": [5.25, 8.25, 6.5, 8.75], "texture": "#0"}
			}
		},
		{
			"from": [14.70208, 14.88825, 7.25],
			"to": [16.95208, 19.38825, 8.75],
			"rotation": {"angle": 45, "axis": "z", "origin": [14.95916, 20.65753, 8.00122]},
			"faces": {
				"north": {"uv": [5.25, 10.25, 5.75, 11.25], "texture": "#0"},
				"east": {"uv": [5, 10.25, 5.25, 11.25], "texture": "#0"},
				"south": {"uv": [6, 10.25, 6.5, 11.25], "texture": "#0"},
				"west": {"uv": [5.75, 10.25, 6, 11.25], "texture": "#0"},
				"up": {"uv": [5.75, 10.25, 5.25, 10], "texture": "#0"},
				"down": {"uv": [6.25, 10, 5.75, 10.25], "texture": "#0"}
			}
		},
		{
			"from": [-0.95208, 14.88825, 7.25],
			"to": [1.29792, 19.38825, 8.75],
			"shade": false,
			"rotation": {"angle": -45, "axis": "z", "origin": [1.04084, 20.65753, 8.00122]},
			"faces": {
				"north": {"uv": [5.75, 10.25, 5.25, 11.25], "texture": "#0"},
				"east": {"uv": [6, 10.25, 5.75, 11.25], "texture": "#0"},
				"south": {"uv": [6.5, 10.25, 6, 11.25], "texture": "#0"},
				"west": {"uv": [5.25, 10.25, 5, 11.25], "texture": "#0"},
				"up": {"uv": [5.25, 10.25, 5.75, 10], "texture": "#0"},
				"down": {"uv": [5.75, 10, 6.25, 10.25], "texture": "#0"}
			}
		}
	],
	"display": {
		"thirdperson_righthand": {
			"rotation": [0, 90, 0],
			"translation": [0, 3, 1.5],
			"scale": [0.6, 0.6, 0.6]
		},
		"thirdperson_lefthand": {
			"rotation": [0, 90, 0],
			"translation": [0, 3, 1.5],
			"scale": [0.6, 0.6, 0.6]
		},
		"firstperson_righthand": {
			"rotation": [21, -81, 33],
			"translation": [9.75, -2, -13]
		},
		"firstperson_lefthand": {
			"rotation": [21, -81, 33],
			"translation": [9.75, -2, -13]
		},
		"ground": {
			"rotation": [0, 0, 41],
			"translation": [0, 6.5, 0],
			"scale": [0.5, 0.5, 0.5]
		},
		"gui": {
			"rotation": [0, 0, -46],
			"scale": [0.5, 0.5, 0.5]
		},
		"fixed": {
			"rotation": [0, 0, 45],
			"translation": [0, 0, -0.5],
			"scale": [0.5, 0.5, 0.5]
		}
	}
}