{
	"credit": "Made with Blockbench",
	"texture_size": [64, 64],
	"textures": {
		"0": "easter21_crate/easter_egg_basket",
		"particle": "easter21_crate/easter_egg_basket"
	},
	"elements": [
		{
			"from": [5, 8, 5],
			"to": [11, 9, 11],
			"faces": {
				"north": {"uv": [10.5, 1.5, 12, 1.75], "texture": "#0"},
				"east": {"uv": [10.5, 2, 12, 2.25], "texture": "#0"},
				"south": {"uv": [10.5, 2.5, 12, 2.75], "texture": "#0"},
				"west": {"uv": [10.5, 3, 12, 3.25], "texture": "#0"},
				"up": {"uv": [3.75, 1.5, 2.25, 0], "texture": "#0"},
				"down": {"uv": [3.75, 1.75, 2.25, 3.25], "texture": "#0"}
			}
		},
		{
			"from": [4, 9, 4],
			"to": [12, 12, 12],
			"faces": {
				"north": {"uv": [2.25, 3.5, 4.25, 4.25], "texture": "#0"},
				"east": {"uv": [4, 0, 6, 0.75], "texture": "#0"},
				"south": {"uv": [4, 1, 6, 1.75], "texture": "#0"},
				"west": {"uv": [4, 2, 6, 2.75], "texture": "#0"},
				"up": {"uv": [2, 2, 0, 0], "texture": "#0"},
				"down": {"uv": [2, 2.25, 0, 4.25], "texture": "#0"}
			}
		},
		{
			"from": [3, 11, 3],
			"to": [4, 13, 13],
			"faces": {
				"north": {"uv": [9.25, 0, 9.5, 0.5], "texture": "#0"},
				"east": {"uv": [0, 4.5, 2.5, 5], "texture": "#0"},
				"south": {"uv": [9.5, 10.25, 9.75, 10.75], "texture": "#0"},
				"west": {"uv": [2.75, 4.5, 5.25, 5], "texture": "#0"},
				"up": {"uv": [0.25, 10.25, 0, 7.75], "texture": "#0"},
				"down": {"uv": [0.75, 7.75, 0.5, 10.25], "texture": "#0"}
			}
		},
		{
			"from": [12, 11, 3],
			"to": [13, 13, 13],
			"faces": {
				"north": {"uv": [7, 11.25, 7.25, 11.75], "texture": "#0"},
				"east": {"uv": [4.5, 3, 7, 3.5], "texture": "#0"},
				"south": {"uv": [7.5, 11.25, 7.75, 11.75], "texture": "#0"},
				"west": {"uv": [4.5, 3.75, 7, 4.25], "texture": "#0"},
				"up": {"uv": [1.25, 10.25, 1, 7.75], "texture": "#0"},
				"down": {"uv": [1.75, 7.75, 1.5, 10.25], "texture": "#0"}
			}
		},
		{
			"from": [4, 11, 12],
			"to": [12, 13, 13],
			"faces": {
				"north": {"uv": [4, 5.25, 6, 5.75], "texture": "#0"},
				"east": {"uv": [11.25, 7.5, 11.5, 8], "texture": "#0"},
				"south": {"uv": [5.5, 4.5, 7.5, 5], "texture": "#0"},
				"west": {"uv": [8, 11.25, 8.25, 11.75], "texture": "#0"},
				"up": {"uv": [11.75, 1.25, 9.75, 1], "texture": "#0"},
				"down": {"uv": [12.25, 6.5, 10.25, 6.75], "texture": "#0"}
			}
		},
		{
			"from": [4, 11, 3],
			"to": [12, 13, 4],
			"faces": {
				"north": {"uv": [4, 6, 6, 6.5], "texture": "#0"},
				"east": {"uv": [1.5, 11.5, 1.75, 12], "texture": "#0"},
				"south": {"uv": [6.25, 0, 8.25, 0.5], "texture": "#0"},
				"west": {"uv": [4, 11.5, 4.25, 12], "texture": "#0"},
				"up": {"uv": [12.25, 7.25, 10.25, 7], "texture": "#0"},
				"down": {"uv": [2, 10.5, 0, 10.75], "texture": "#0"}
			}
		},
		{
			"from": [7.5, 15.76197, 5.38669],
			"to": [8.5, 17.76197, 6.38669],
			"rotation": {"angle": 45, "axis": "x", "origin": [8, 18.26197, 5.88669]},
			"faces": {
				"north": {"uv": [7.75, 10.5, 8, 11], "texture": "#0"},
				"east": {"uv": [8.25, 10.5, 8.5, 11], "texture": "#0"},
				"south": {"uv": [10.75, 0, 11, 0.5], "texture": "#0"},
				"west": {"uv": [5, 10.75, 5.25, 11.25], "texture": "#0"},
				"up": {"uv": [9, 6, 8.75, 5.75], "texture": "#0"},
				"down": {"uv": [3.25, 9.5, 3, 9.75], "texture": "#0"}
			}
		},
		{
			"from": [7.5, 15.76197, 9.61331],
			"to": [8.5, 17.76197, 10.61331],
			"rotation": {"angle": -45, "axis": "x", "origin": [8, 18.26197, 10.11331]},
			"faces": {
				"north": {"uv": [11, 9.5, 11.25, 10], "texture": "#0"},
				"east": {"uv": [11, 10.25, 11.25, 10.75], "texture": "#0"},
				"south": {"uv": [11, 11, 11.25, 11.5], "texture": "#0"},
				"west": {"uv": [11.25, 0, 11.5, 0.5], "texture": "#0"},
				"up": {"uv": [10.25, 11.75, 10, 11.5], "texture": "#0"},
				"down": {"uv": [11.75, 10.25, 11.5, 10.5], "texture": "#0"}
			}
		},
		{
			"from": [7.525, 18.25674, 5.18062],
			"to": [8.475, 19.25674, 7.18062],
			"rotation": {"angle": -22.5, "axis": "x", "origin": [8, 18.75674, 7.68062]},
			"faces": {
				"north": {"uv": [11.5, 8.25, 11.75, 8.5], "texture": "#0"},
				"east": {"uv": [7.5, 1.5, 8, 1.75], "texture": "#0"},
				"south": {"uv": [8.5, 11.5, 8.75, 11.75], "texture": "#0"},
				"west": {"uv": [10.5, 5, 11, 5.25], "texture": "#0"},
				"up": {"uv": [0.75, 11.5, 0.5, 11], "texture": "#0"},
				"down": {"uv": [1.25, 11, 1, 11.5], "texture": "#0"}
			}
		},
		{
			"from": [7.525, 18.25674, 8.81938],
			"to": [8.475, 19.25674, 10.81938],
			"rotation": {"angle": 22.5, "axis": "x", "origin": [8, 18.75674, 8.31938]},
			"faces": {
				"north": {"uv": [11.5, 9.25, 11.75, 9.5], "texture": "#0"},
				"east": {"uv": [4, 11, 4.5, 11.25], "texture": "#0"},
				"south": {"uv": [11.5, 9.75, 11.75, 10], "texture": "#0"},
				"west": {"uv": [8.75, 11, 9.25, 11.25], "texture": "#0"},
				"up": {"uv": [11.25, 9.25, 11, 8.75], "texture": "#0"},
				"down": {"uv": [9.75, 11, 9.5, 11.5], "texture": "#0"}
			}
		},
		{
			"from": [7.5, 18.02734, 7.02734],
			"to": [8.5, 19.02734, 9.02734],
			"rotation": {"angle": 0, "axis": "x", "origin": [8, 18.52734, 9.52734]},
			"faces": {
				"north": {"uv": [11.5, 8.75, 11.75, 9], "texture": "#0"},
				"east": {"uv": [10.75, 8.25, 11.25, 8.5], "texture": "#0"},
				"south": {"uv": [9, 11.5, 9.25, 11.75], "texture": "#0"},
				"west": {"uv": [1.5, 11, 2, 11.25], "texture": "#0"},
				"up": {"uv": [3.25, 11.5, 3, 11], "texture": "#0"},
				"down": {"uv": [3.75, 11, 3.5, 11.5], "texture": "#0"}
			}
		},
		{
			"from": [7.525, 14.45883, -2.27937],
			"to": [8.475, 16.45883, -1.27937],
			"rotation": {"angle": 22.5, "axis": "x", "origin": [-4.5, 1.45883, 1.72063]},
			"faces": {
				"north": {"uv": [5.75, 10.5, 6, 11], "texture": "#0"},
				"east": {"uv": [6.25, 10.5, 6.5, 11], "texture": "#0"},
				"south": {"uv": [6.75, 10.5, 7, 11], "texture": "#0"},
				"west": {"uv": [7.25, 10.5, 7.5, 11], "texture": "#0"},
				"up": {"uv": [4.25, 3.25, 4, 3], "texture": "#0"},
				"down": {"uv": [3.75, 7, 3.5, 7.25], "texture": "#0"}
			}
		},
		{
			"from": [7.525, 14.45883, 17.27937],
			"to": [8.475, 16.45883, 18.27937],
			"rotation": {"angle": -22.5, "axis": "x", "origin": [-4.5, 1.45883, 14.27937]},
			"faces": {
				"north": {"uv": [2.25, 11.25, 2.5, 11.75], "texture": "#0"},
				"east": {"uv": [11.25, 3.5, 11.5, 4], "texture": "#0"},
				"south": {"uv": [11.25, 4.25, 11.5, 4.75], "texture": "#0"},
				"west": {"uv": [11.25, 5, 11.5, 5.5], "texture": "#0"},
				"up": {"uv": [10.75, 11.75, 10.5, 11.5], "texture": "#0"},
				"down": {"uv": [11.75, 10.75, 11.5, 11], "texture": "#0"}
			}
		},
		{
			"from": [7.5, 13, 3],
			"to": [8.5, 15, 4],
			"rotation": {"angle": 0, "axis": "x", "origin": [-9, 0, 7]},
			"faces": {
				"north": {"uv": [10.75, 7.5, 11, 8], "texture": "#0"},
				"east": {"uv": [10, 10.75, 10.25, 11.25], "texture": "#0"},
				"south": {"uv": [10.5, 10.75, 10.75, 11.25], "texture": "#0"},
				"west": {"uv": [0, 11, 0.25, 11.5], "texture": "#0"},
				"up": {"uv": [4.75, 11.75, 4.5, 11.5], "texture": "#0"},
				"down": {"uv": [5.25, 11.5, 5, 11.75], "texture": "#0"}
			}
		},
		{
			"from": [7.5, 13, 12],
			"to": [8.5, 15, 13],
			"rotation": {"angle": 0, "axis": "x", "origin": [-9, 0, 9]},
			"faces": {
				"north": {"uv": [5.5, 11.25, 5.75, 11.75], "texture": "#0"},
				"east": {"uv": [11.25, 5.75, 11.5, 6.25], "texture": "#0"},
				"south": {"uv": [6, 11.25, 6.25, 11.75], "texture": "#0"},
				"west": {"uv": [6.5, 11.25, 6.75, 11.75], "texture": "#0"},
				"up": {"uv": [11.75, 11.5, 11.5, 11.25], "texture": "#0"},
				"down": {"uv": [0.25, 11.75, 0, 12], "texture": "#0"}
			}
		},
		{
			"from": [4, 11.25, 5],
			"to": [7, 14.25, 8],
			"faces": {
				"north": {"uv": [7.75, 4.25, 8.5, 5], "texture": "#0"},
				"east": {"uv": [8.5, 1.5, 9.25, 2.25], "texture": "#0"},
				"south": {"uv": [9.25, 5.75, 10, 6.5], "texture": "#0"},
				"west": {"uv": [9.25, 6.75, 10, 7.5], "texture": "#0"},
				"up": {"uv": [9.75, 10, 9, 9.25], "texture": "#0"},
				"down": {"uv": [10.25, 1.5, 9.5, 2.25], "texture": "#0"}
			}
		},
		{
			"from": [4.5, 10.25, 5.5],
			"to": [6.5, 15.25, 7.5],
			"faces": {
				"north": {"uv": [2, 8, 2.5, 9.25], "texture": "#0"},
				"east": {"uv": [2.75, 8, 3.25, 9.25], "texture": "#0"},
				"south": {"uv": [6, 8, 6.5, 9.25], "texture": "#0"},
				"west": {"uv": [6.75, 8, 7.25, 9.25], "texture": "#0"},
				"up": {"uv": [9, 0.5, 8.5, 0], "texture": "#0"},
				"down": {"uv": [5.5, 10, 5, 10.5], "texture": "#0"}
			}
		},
		{
			"from": [8, 11.5, 7.5],
			"to": [12, 14.5, 11.5],
			"faces": {
				"north": {"uv": [2.25, 7, 3.25, 7.75], "texture": "#0"},
				"east": {"uv": [3.5, 7.5, 4.5, 8.25], "texture": "#0"},
				"south": {"uv": [4.75, 7.5, 5.75, 8.25], "texture": "#0"},
				"west": {"uv": [7.5, 5.25, 8.5, 6], "texture": "#0"},
				"up": {"uv": [7.25, 1.75, 6.25, 0.75], "texture": "#0"},
				"down": {"uv": [7.25, 5.25, 6.25, 6.25], "texture": "#0"}
			}
		},
		{
			"from": [8.5, 10, 8],
			"to": [11.5, 16, 11],
			"faces": {
				"north": {"uv": [0, 5.25, 0.75, 6.75], "texture": "#0"},
				"east": {"uv": [1, 5.25, 1.75, 6.75], "texture": "#0"},
				"south": {"uv": [2, 5.25, 2.75, 6.75], "texture": "#0"},
				"west": {"uv": [3, 5.25, 3.75, 6.75], "texture": "#0"},
				"up": {"uv": [2.75, 10.25, 2, 9.5], "texture": "#0"},
				"down": {"uv": [10.25, 2.5, 9.5, 3.25], "texture": "#0"}
			}
		},
		{
			"from": [4.75, 10.75, 8.75],
			"to": [7.75, 13.75, 11.75],
			"faces": {
				"north": {"uv": [9.5, 3.5, 10.25, 4.25], "texture": "#0"},
				"east": {"uv": [9.5, 4.5, 10.25, 5.25], "texture": "#0"},
				"south": {"uv": [5.75, 9.5, 6.5, 10.25], "texture": "#0"},
				"west": {"uv": [6.75, 9.5, 7.5, 10.25], "texture": "#0"},
				"up": {"uv": [8.5, 10.25, 7.75, 9.5], "texture": "#0"},
				"down": {"uv": [10.5, 0, 9.75, 0.75], "texture": "#0"}
			}
		},
		{
			"from": [5.25, 9.75, 9.25],
			"to": [7.25, 14.75, 11.25],
			"faces": {
				"north": {"uv": [7.5, 8, 8, 9.25], "texture": "#0"},
				"east": {"uv": [8.25, 8, 8.75, 9.25], "texture": "#0"},
				"south": {"uv": [3.5, 8.5, 4, 9.75], "texture": "#0"},
				"west": {"uv": [4.25, 8.5, 4.75, 9.75], "texture": "#0"},
				"up": {"uv": [9.25, 10.75, 8.75, 10.25], "texture": "#0"},
				"down": {"uv": [2.75, 10.5, 2.25, 11], "texture": "#0"}
			}
		},
		{
			"from": [8.25, 10.5, 4.25],
			"to": [11.25, 13.5, 7.25],
			"faces": {
				"north": {"uv": [9.75, 7.75, 10.5, 8.5], "texture": "#0"},
				"east": {"uv": [3, 10, 3.75, 10.75], "texture": "#0"},
				"south": {"uv": [4, 10, 4.75, 10.75], "texture": "#0"},
				"west": {"uv": [10, 8.75, 10.75, 9.5], "texture": "#0"},
				"up": {"uv": [10.75, 10.5, 10, 9.75], "texture": "#0"},
				"down": {"uv": [11, 5.5, 10.25, 6.25], "texture": "#0"}
			}
		},
		{
			"from": [8.75, 9.5, 4.75],
			"to": [10.75, 14.5, 6.75],
			"faces": {
				"north": {"uv": [5, 8.5, 5.5, 9.75], "texture": "#0"},
				"east": {"uv": [8.5, 6.25, 9, 7.5], "texture": "#0"},
				"south": {"uv": [8.75, 4.25, 9.25, 5.5], "texture": "#0"},
				"west": {"uv": [9, 7.75, 9.5, 9], "texture": "#0"},
				"up": {"uv": [11, 4, 10.5, 3.5], "texture": "#0"},
				"down": {"uv": [11, 4.25, 10.5, 4.75], "texture": "#0"}
			}
		},
		{
			"from": [3.975, 13, 4],
			"to": [3.975, 15, 12],
			"faces": {
				"north": {"uv": [0.5, 11.75, 0.5, 12.25], "texture": "#0"},
				"east": {"uv": [7.25, 2.75, 9.25, 3.25], "texture": "#0"},
				"south": {"uv": [0.75, 11.75, 0.75, 12.25], "texture": "#0"},
				"west": {"uv": [7.25, 3.5, 9.25, 4], "texture": "#0"},
				"up": {"uv": [1, 13.75, 1, 11.75], "texture": "#0"},
				"down": {"uv": [1.25, 11.75, 1.25, 13.75], "texture": "#0"}
			}
		},
		{
			"from": [4, 13, 4.025],
			"to": [12, 15, 4.025],
			"faces": {
				"north": {"uv": [6.25, 2, 8.25, 2.5], "texture": "#0"},
				"east": {"uv": [5.75, 8.5, 5.75, 9], "texture": "#0"},
				"south": {"uv": [6.25, 6.5, 8.25, 7], "texture": "#0"},
				"west": {"uv": [8.75, 9.5, 8.75, 10], "texture": "#0"},
				"up": {"uv": [12.75, 0.75, 10.75, 0.75], "texture": "#0"},
				"down": {"uv": [13.75, 0, 11.75, 0], "texture": "#0"}
			}
		},
		{
			"from": [12, 13, 4],
			"to": [12, 15, 12],
			"faces": {
				"north": {"uv": [3, 11.75, 3, 12.25], "texture": "#0"},
				"east": {"uv": [6.25, 7.25, 8.25, 7.75], "texture": "#0"},
				"south": {"uv": [3.25, 11.75, 3.25, 12.25], "texture": "#0"},
				"west": {"uv": [7.5, 0.75, 9.5, 1.25], "texture": "#0"},
				"up": {"uv": [3.5, 13.75, 3.5, 11.75], "texture": "#0"},
				"down": {"uv": [11.75, 3.5, 11.75, 5.5], "texture": "#0"}
			}
		},
		{
			"from": [4, 13, 11.975],
			"to": [12, 15, 11.975],
			"faces": {
				"north": {"uv": [4, 6.75, 6, 7.25], "texture": "#0"},
				"east": {"uv": [2.75, 11.25, 2.75, 11.75], "texture": "#0"},
				"south": {"uv": [0, 7, 2, 7.5], "texture": "#0"},
				"west": {"uv": [2, 11.5, 2, 12], "texture": "#0"},
				"up": {"uv": [13.75, 0.25, 11.75, 0.25], "texture": "#0"},
				"down": {"uv": [13.75, 0.5, 11.75, 0.5], "texture": "#0"}
			}
		}
	],
	"gui_light": "front",
	"display": {
		"thirdperson_righthand": {
			"rotation": [90, 0, 0],
			"translation": [0, -2, -6.5],
			"scale": [0.8, 0.8, 0.8]
		},
		"thirdperson_lefthand": {
			"rotation": [90, 0, 0],
			"translation": [0, -2, -6.5],
			"scale": [0.8, 0.8, 0.8]
		},
		"firstperson_righthand": {
			"scale": [0.7, 0.7, 0.7]
		},
		"firstperson_lefthand": {
			"scale": [0.7, 0.7, 0.7]
		},
		"ground": {
			"scale": [0.5, 0.5, 0.5]
		},
		"gui": {
			"rotation": [24, 53, 0],
			"translation": [0, -3.75, 0]
		},
		"head": {
			"rotation": [0, -90, 0],
			"translation": [0, 6, 0],
			"scale": [1.81, 1.81, 1.81]
		},
		"fixed": {
			"rotation": [0, -90, 0],
			"translation": [0, -4.75, -4.25]
		}
	},
	"groups": [
		{
			"name": "basket",
			"origin": [0, 0, 0],
			"children": [0, 1, 2, 3, 4, 5]
		},
		{
			"name": "handle",
			"origin": [-4.5, -0.54117, 1.72063],
			"children": [6, 7, 8, 9, 10, 11, 12, 13, 14]
		},
		{
			"name": "egg",
			"origin": [0, 0, 0],
			"children": [15, 16]
		},
		{
			"name": "egg",
			"origin": [0, 0, 0],
			"children": [17, 18]
		},
		{
			"name": "egg",
			"origin": [0, 0, 0],
			"children": [19, 20]
		},
		{
			"name": "egg",
			"origin": [0, 0, 0],
			"children": [21, 22]
		},
		{
			"name": "grass",
			"origin": [0, 0, 0],
			"children": [23, 24, 25, 26]
		}
	]
}