{
	"credit": "Made with Blockbench",
	"texture_size": [64, 64],
	"textures": {
		"0": "easter21_crate/whipped_cream_hat",
		"particle": "easter21_crate/whipped_cream_hat"
	},
	"elements": [
		{
			"name": "flats",
			"from": [3, 2, 13],
			"to": [13, 4, 13],
			"rotation": {"angle": 0, "axis": "x", "origin": [0, -4, 0]},
			"faces": {
				"north": {"uv": [7, 10, 9.5, 10.5], "texture": "#0"},
				"east": {"uv": [2.25, 5.5, 2.25, 6], "texture": "#0"},
				"south": {"uv": [10, 7, 12.5, 7.5], "texture": "#0"},
				"west": {"uv": [2.5, 5.5, 2.5, 6], "texture": "#0"},
				"up": {"uv": [13.75, 3.75, 11.25, 3.75], "texture": "#0"},
				"down": {"uv": [13.75, 4, 11.25, 4], "texture": "#0"}
			}
		},
		{
			"name": "flats",
			"from": [3, 2, 3],
			"to": [13, 4, 3],
			"rotation": {"angle": 0, "axis": "x", "origin": [0, -4, -10]},
			"faces": {
				"north": {"uv": [10, 7.75, 12.5, 8.25], "texture": "#0"},
				"east": {"uv": [2.25, 6.25, 2.25, 6.75], "texture": "#0"},
				"south": {"uv": [10, 8.5, 12.5, 9], "texture": "#0"},
				"west": {"uv": [2.5, 6.25, 2.5, 6.75], "texture": "#0"},
				"up": {"uv": [13.75, 4.25, 11.25, 4.25], "texture": "#0"},
				"down": {"uv": [14, 4.5, 11.5, 4.5], "texture": "#0"}
			}
		},
		{
			"name": "flats",
			"from": [13, 2, 3],
			"to": [13, 4, 13],
			"rotation": {"angle": 0, "axis": "x", "origin": [0, -4, -10]},
			"faces": {
				"north": {"uv": [7, 9, 7, 9.5], "texture": "#0"},
				"east": {"uv": [10, 9.25, 12.5, 9.75], "texture": "#0"},
				"south": {"uv": [4.25, 11.25, 4.25, 11.75], "texture": "#0"},
				"west": {"uv": [9.75, 10, 12.25, 10.5], "texture": "#0"},
				"up": {"uv": [4.5, 13.75, 4.5, 11.25], "texture": "#0"},
				"down": {"uv": [4.75, 11.25, 4.75, 13.75], "texture": "#0"}
			}
		},
		{
			"name": "flats",
			"from": [3, 2, 3],
			"to": [3, 4, 13],
			"rotation": {"angle": 0, "axis": "x", "origin": [-10, -4, -10]},
			"faces": {
				"north": {"uv": [5, 11.25, 5, 11.75], "texture": "#0"},
				"east": {"uv": [0, 10.25, 2.5, 10.75], "texture": "#0"},
				"south": {"uv": [5.25, 11.25, 5.25, 11.75], "texture": "#0"},
				"west": {"uv": [2.75, 10.5, 5.25, 11], "texture": "#0"},
				"up": {"uv": [5.5, 14.25, 5.5, 11.75], "texture": "#0"},
				"down": {"uv": [5.75, 11.75, 5.75, 14.25], "texture": "#0"}
			}
		},
		{
			"from": [3, 4, 3],
			"to": [13, 8, 13],
			"faces": {
				"north": {"uv": [7.25, 5, 9.75, 6], "texture": "#0"},
				"east": {"uv": [7.25, 6.25, 9.75, 7.25], "texture": "#0"},
				"south": {"uv": [7.25, 7.5, 9.75, 8.5], "texture": "#0"},
				"west": {"uv": [7.25, 8.75, 9.75, 9.75], "texture": "#0"},
				"up": {"uv": [2.5, 2.5, 0, 0], "texture": "#0"},
				"down": {"uv": [2.5, 2.75, 0, 5.25], "texture": "#0"}
			}
		},
		{
			"from": [4, 2, 5.5],
			"to": [12, 7, 14.5],
			"rotation": {"angle": -22.5, "axis": "x", "origin": [0, 0, 0.5]},
			"faces": {
				"north": {"uv": [0, 7.75, 2, 9], "texture": "#0"},
				"east": {"uv": [7.25, 0, 9.5, 1.25], "texture": "#0"},
				"south": {"uv": [9, 3, 11, 4.25], "texture": "#0"},
				"west": {"uv": [7.25, 1.5, 9.5, 2.75], "texture": "#0"},
				"up": {"uv": [4.75, 2.25, 2.75, 0], "texture": "#0"},
				"down": {"uv": [4.75, 2.5, 2.75, 4.75], "texture": "#0"}
			}
		},
		{
			"from": [5, 9, 4.5],
			"to": [11, 12, 11.5],
			"rotation": {"angle": 0, "axis": "x", "origin": [0, 7, -1.5]},
			"faces": {
				"north": {"uv": [5.5, 10.75, 7, 11.5], "texture": "#0"},
				"east": {"uv": [0, 9.25, 1.75, 10], "texture": "#0"},
				"south": {"uv": [7.25, 10.75, 8.75, 11.5], "texture": "#0"},
				"west": {"uv": [2, 9.25, 3.75, 10], "texture": "#0"},
				"up": {"uv": [3.75, 9, 2.25, 7.25], "texture": "#0"},
				"down": {"uv": [8.75, 3, 7.25, 4.75], "texture": "#0"}
			}
		},
		{
			"from": [5.5, 13, 4.5],
			"to": [10.5, 17, 9.5],
			"rotation": {"angle": 22.5, "axis": "x", "origin": [-1.5, 11, -2.5]},
			"faces": {
				"north": {"uv": [9.75, 0, 11, 1], "texture": "#0"},
				"east": {"uv": [9.75, 1.25, 11, 2.25], "texture": "#0"},
				"south": {"uv": [10, 4.5, 11.25, 5.5], "texture": "#0"},
				"west": {"uv": [10, 5.75, 11.25, 6.75], "texture": "#0"},
				"up": {"uv": [5.25, 10.25, 4, 9], "texture": "#0"},
				"down": {"uv": [6.75, 9, 5.5, 10.25], "texture": "#0"}
			}
		},
		{
			"from": [6.5, 11, 6.5],
			"to": [9.5, 15, 9.5],
			"rotation": {"angle": 0, "axis": "x", "origin": [-1.5, 9, -1.5]},
			"faces": {
				"north": {"uv": [4, 7.25, 4.75, 8.25], "texture": "#0"},
				"east": {"uv": [9, 10.75, 9.75, 11.75], "texture": "#0"},
				"south": {"uv": [10, 10.75, 10.75, 11.75], "texture": "#0"},
				"west": {"uv": [0, 11, 0.75, 12], "texture": "#0"},
				"up": {"uv": [1.75, 11.75, 1, 11], "texture": "#0"},
				"down": {"uv": [11.75, 10.75, 11, 11.5], "texture": "#0"}
			}
		},
		{
			"from": [7, 17, 6.25],
			"to": [9, 21, 8.25],
			"rotation": {"angle": 22.5, "axis": "x", "origin": [-1, 15, -1.75]},
			"faces": {
				"north": {"uv": [2, 11, 2.5, 12], "texture": "#0"},
				"east": {"uv": [11.25, 0, 11.75, 1], "texture": "#0"},
				"south": {"uv": [11.25, 1.25, 11.75, 2.25], "texture": "#0"},
				"west": {"uv": [11.25, 2.5, 11.75, 3.5], "texture": "#0"},
				"up": {"uv": [3.25, 11.75, 2.75, 11.25], "texture": "#0"},
				"down": {"uv": [4, 11.25, 3.5, 11.75], "texture": "#0"}
			}
		}
	],
	"display": {
		"thirdperson_righthand": {
			"translation": [0, 0.5, 0],
			"scale": [0.8, 0.8, 0.8]
		},
		"thirdperson_lefthand": {
			"translation": [0, 0.5, 0],
			"scale": [0.8, 0.8, 0.8]
		},
		"firstperson_righthand": {
			"rotation": [0, 80, 0],
			"translation": [0, 1.75, 0],
			"scale": [0.5, 0.5, 0.5]
		},
		"firstperson_lefthand": {
			"rotation": [0, 80, 0],
			"translation": [0, 1.75, 0],
			"scale": [-0.5, 0.5, 0.5]
		},
		"ground": {
			"scale": [0.4, 0.4, 0.4]
		},
		"gui": {
			"rotation": [24, -116, 0],
			"translation": [0, -0.75, 0],
			"scale": [0.9, 0.9, 0.9]
		},
		"head": {
			"rotation": [0, -90, 0],
			"translation": [0, 7.5, 0],
			"scale": [1.81, 1.81, 1.81]
		},
		"fixed": {
			"rotation": [0, -90, 0],
			"translation": [0, -1, -3.25]
		}
	}
}