{
  "file_name": "horn1_left",
  "texture_size": [
    128,
    128
  ],
  "textures": {
    "layer0": "manamodels:entity/golem"
  },
  "elements": [
    {
      "name": "horn1_left_0",
      "from": [
        4.3999996,
        8.0,
        6.8
      ],
      "to": [
        8.0,
        10.4,
        9.2
      ],
      "rotation": {
        "angle": 0.0,
        "axis": "z",
        "origin": [
          8.0,
          8.0,
          8.0
        ]
      },
      "faces": {
        "east": {
          "uv": [
            8.25,
            1.75,
            7.75,
            2.25
          ],
          "texture": "#layer0",
          "tintindex": 0
        },
        "south": {
          "uv": [
            8.25,
            3.375,
            7.5,
            3.875
          ],
          "texture": "#layer0",
          "tintindex": 0
        },
        "north": {
          "uv": [
            6.25,
            5.0,
            5.5,
            5.5
          ],
          "texture": "#layer0",
          "tintindex": 0
        },
        "west": {
          "uv": [
            8.25,
            1.25,
            7.75,
            1.75
          ],
          "texture": "#layer0",
          "tintindex": 0
        },
        "up": {
          "uv": [
            7.5,
            4.375,
            8.25,
            3.875
          ],
          "texture": "#layer0",
          "tintindex": 0
        },
        "down": {
          "uv": [
            8.25,
            4.375,
            7.5,
            4.875
          ],
          "texture": "#layer0",
          "tintindex": 0
        }
      }
    }
  ],
  "display": {
    "head": {
      "translation": [
        0.0,
        -6.4,
        0.0
      ],
      "rotation": [
        0.0,
        0.0,
        0.0
      ],
      "scale": [
        3.8095,
        3.8095,
        3.8095
      ]
    },
    "gui": {
      "translation": [
        0.0,
        0.0,
        0.0
      ],
      "rotation": [
        35.0,
        225.0,
        0.0
      ],
      "scale": [
        0.625,
        0.625,
        0.625
      ]
    }
  }
}