{
	"credit": "Made with Blockbench",
	"texture_size": [32, 32],
	"textures": {
		"0": "valentine20_crate/staff",
		"particle": "valentine20_crate/staff"
	},
	"elements": [
		{
			"from": [7, 2.5, 7],
			"to": [9, 4.5, 9],
			"rotation": {"angle": 0, "axis": "y", "origin": [7.98204, 22.2307, 8]},
			"faces": {
				"north": {"uv": [11, 2, 12, 3], "texture": "#0"},
				"east": {"uv": [12, 6, 13, 7], "texture": "#0"},
				"south": {"uv": [12, 7, 13, 8], "texture": "#0"},
				"west": {"uv": [12, 8, 13, 9], "texture": "#0"},
				"up": {"uv": [13, 10, 12, 9], "texture": "#0"},
				"down": {"uv": [13, 10, 12, 11], "texture": "#0"}
			}
		},
		{
			"from": [7.25, 2, 7.25],
			"to": [8.75, 21, 8.75],
			"rotation": {"angle": 0, "axis": "y", "origin": [7.98204, 22.2307, 8]},
			"faces": {
				"north": {"uv": [0, 5, 1, 14.5], "texture": "#0"},
				"east": {"uv": [1, 5, 2, 14.5], "texture": "#0"},
				"south": {"uv": [2, 5, 3, 14.5], "texture": "#0"},
				"west": {"uv": [3, 5, 4, 14.5], "texture": "#0"},
				"up": {"uv": [6, 5, 5, 4], "texture": "#0"},
				"down": {"uv": [10, 3, 9, 4], "texture": "#0"}
			}
		},
		{
			"from": [5.99, 19.99, 6.99],
			"to": [10.01, 21.51, 9.01],
			"rotation": {"angle": 0, "axis": "y", "origin": [7.98204, 22.2307, 8]},
			"faces": {
				"north": {"uv": [8, 7, 10, 8], "texture": "#0"},
				"east": {"uv": [12, 11, 13, 12], "texture": "#0"},
				"south": {"uv": [10, 5, 12, 6], "texture": "#0"},
				"west": {"uv": [8, 13, 9, 14], "texture": "#0"},
				"up": {"uv": [12, 7, 10, 6], "texture": "#0"},
				"down": {"uv": [12, 7, 10, 8], "texture": "#0"}
			}
		},
		{
			"from": [9.87549, 21.92619, 7],
			"to": [10.87549, 26.17619, 9],
			"rotation": {"angle": -45, "axis": "z", "origin": [8.01796, 22.2307, 8]},
			"faces": {
				"north": {"uv": [13.5, 13, 13, 15], "texture": "#0"},
				"east": {"uv": [12, 0, 11, 2], "texture": "#0"},
				"south": {"uv": [13.5, 0, 13, 2], "texture": "#0"},
				"west": {"uv": [10, 11, 9, 13], "texture": "#0"},
				"up": {"uv": [13.5, 14.5, 14, 13.5], "texture": "#0"},
				"down": {"uv": [13.5, 0, 14, 1], "texture": "#0"}
			}
		},
		{
			"from": [11.81843, 22.99, 6.99],
			"to": [12.83843, 26.26, 9.01],
			"rotation": {"angle": 0, "axis": "y", "origin": [8.01796, 22.2307, 8]},
			"faces": {
				"north": {"uv": [7.5, 13.5, 7, 15], "texture": "#0"},
				"east": {"uv": [13, 12, 12, 13.5], "texture": "#0"},
				"south": {"uv": [8, 13.5, 7.5, 15], "texture": "#0"},
				"west": {"uv": [12, 12, 11, 13.5], "texture": "#0"},
				"up": {"uv": [13.5, 12, 14, 11], "texture": "#0"},
				"down": {"uv": [13.5, 12, 14, 13], "texture": "#0"}
			}
		},
		{
			"from": [13.00037, 24.10316, 7],
			"to": [14.00037, 27.35316, 9],
			"rotation": {"angle": 22.5, "axis": "z", "origin": [8.01796, 22.2307, 8]},
			"faces": {
				"north": {"uv": [11.5, 13.5, 11, 15], "texture": "#0"},
				"east": {"uv": [13, 4.5, 12, 6], "texture": "#0"},
				"south": {"uv": [12, 13.5, 11.5, 15], "texture": "#0"},
				"west": {"uv": [13, 3, 12, 4.5], "texture": "#0"},
				"up": {"uv": [5, 15, 5.5, 14], "texture": "#0"},
				"down": {"uv": [5.5, 14, 6, 15], "texture": "#0"}
			}
		},
		{
			"from": [1.99963, 24.10316, 7],
			"to": [2.99963, 27.35316, 9],
			"rotation": {"angle": -22.5, "axis": "z", "origin": [7.98204, 22.2307, 8]},
			"faces": {
				"north": {"uv": [11, 13.5, 11.5, 15], "texture": "#0"},
				"east": {"uv": [12, 3, 13, 4.5], "texture": "#0"},
				"south": {"uv": [11.5, 13.5, 12, 15], "texture": "#0"},
				"west": {"uv": [12, 4.5, 13, 6], "texture": "#0"},
				"up": {"uv": [5.5, 15, 5, 14], "texture": "#0"},
				"down": {"uv": [6, 14, 5.5, 15], "texture": "#0"}
			}
		},
		{
			"from": [3.16157, 22.99, 6.99],
			"to": [4.18157, 26.26, 9.01],
			"rotation": {"angle": 0, "axis": "y", "origin": [7.98204, 22.2307, 8]},
			"faces": {
				"north": {"uv": [7, 13.5, 7.5, 15], "texture": "#0"},
				"east": {"uv": [11, 12, 12, 13.5], "texture": "#0"},
				"south": {"uv": [7.5, 13.5, 8, 15], "texture": "#0"},
				"west": {"uv": [12, 12, 13, 13.5], "texture": "#0"},
				"up": {"uv": [14, 12, 13.5, 11], "texture": "#0"},
				"down": {"uv": [14, 12, 13.5, 13], "texture": "#0"}
			}
		},
		{
			"from": [5.12451, 21.92619, 7],
			"to": [6.12451, 26.17619, 9],
			"rotation": {"angle": 45, "axis": "z", "origin": [7.98204, 22.2307, 8]},
			"faces": {
				"north": {"uv": [13, 13, 13.5, 15], "texture": "#0"},
				"east": {"uv": [9, 11, 10, 13], "texture": "#0"},
				"south": {"uv": [13, 0, 13.5, 2], "texture": "#0"},
				"west": {"uv": [11, 0, 12, 2], "texture": "#0"},
				"up": {"uv": [14, 14.5, 13.5, 13.5], "texture": "#0"},
				"down": {"uv": [14, 0, 13.5, 1], "texture": "#0"}
			}
		},
		{
			"from": [3, 16, 8],
			"to": [13, 20.5, 8],
			"rotation": {"angle": 0, "axis": "y", "origin": [7.98204, 22.2307, 8]},
			"faces": {
				"north": {"uv": [0, 0, 5, 2.5], "texture": "#0"},
				"east": {"uv": [0, 0, 0, 2.5], "texture": "#0"},
				"south": {"uv": [0, 2.5, 5, 5], "texture": "#0"},
				"west": {"uv": [0, 0, 0, 2.5], "texture": "#0"},
				"up": {"uv": [5, 0, 0, 0], "texture": "#0"},
				"down": {"uv": [5, 0, 0, 0], "texture": "#0"}
			}
		},
		{
			"from": [1.61451, 21.91619, 7.99],
			"to": [5.13451, 28.18619, 8.01],
			"rotation": {"angle": 45, "axis": "z", "origin": [7.98204, 22.2307, 8]},
			"faces": {
				"north": {"uv": [8, 8, 10, 11], "texture": "#0"},
				"east": {"uv": [0, 0, 0, 3], "texture": "#0"},
				"south": {"uv": [8, 4, 10, 7], "texture": "#0"},
				"west": {"uv": [0, 0, 0, 3], "texture": "#0"},
				"up": {"uv": [2, 0, 0, 0], "texture": "#0"},
				"down": {"uv": [2, 0, 0, 0], "texture": "#0"}
			}
		},
		{
			"from": [-2.01037, 22.09316, 7.99],
			"to": [2.00963, 30.36316, 8.01],
			"rotation": {"angle": -22.5, "axis": "z", "origin": [7.98204, 22.2307, 8]},
			"faces": {
				"north": {"uv": [4, 5, 6, 9], "texture": "#0"},
				"east": {"uv": [0, 0, 0, 4], "texture": "#0"},
				"south": {"uv": [5, 0, 7, 4], "texture": "#0"},
				"west": {"uv": [0, 0, 0, 4], "texture": "#0"},
				"up": {"uv": [2, 0, 0, 0], "texture": "#0"},
				"down": {"uv": [2, 0, 0, 0], "texture": "#0"}
			}
		},
		{
			"from": [-0.82843, 22, 8],
			"to": [3.17157, 26.25, 8],
			"rotation": {"angle": 0, "axis": "y", "origin": [7.98204, 22.2307, 8]},
			"faces": {
				"north": {"uv": [6, 4, 8, 6], "texture": "#0"},
				"east": {"uv": [0, 0, 0, 2], "texture": "#0"},
				"south": {"uv": [6, 10, 8, 12], "texture": "#0"},
				"west": {"uv": [0, 0, 0, 2], "texture": "#0"},
				"up": {"uv": [2, 0, 0, 0], "texture": "#0"},
				"down": {"uv": [2, 0, 0, 0], "texture": "#0"}
			}
		},
		{
			"from": [10.86549, 21.91619, 7.99],
			"to": [14.38549, 28.18619, 8.01],
			"rotation": {"angle": -45, "axis": "z", "origin": [8.01796, 22.2307, 8]},
			"faces": {
				"north": {"uv": [10, 8, 8, 11], "texture": "#0"},
				"east": {"uv": [0, 0, 0, 3], "texture": "#0"},
				"south": {"uv": [10, 4, 8, 7], "texture": "#0"},
				"west": {"uv": [0, 0, 0, 3], "texture": "#0"},
				"up": {"uv": [0, 0, 2, 0], "texture": "#0"},
				"down": {"uv": [0, 0, 2, 0], "texture": "#0"}
			}
		},
		{
			"from": [12.82843, 22, 8],
			"to": [16.82843, 26.25, 8],
			"rotation": {"angle": 0, "axis": "y", "origin": [8.01796, 22.2307, 8]},
			"faces": {
				"north": {"uv": [8, 4, 6, 6], "texture": "#0"},
				"east": {"uv": [0, 0, 0, 2], "texture": "#0"},
				"south": {"uv": [8, 10, 6, 12], "texture": "#0"},
				"west": {"uv": [0, 0, 0, 2], "texture": "#0"},
				"up": {"uv": [0, 0, 2, 0], "texture": "#0"},
				"down": {"uv": [0, 0, 2, 0], "texture": "#0"}
			}
		},
		{
			"from": [13.99037, 22.09316, 7.99],
			"to": [18.01037, 30.36316, 8.01],
			"rotation": {"angle": 22.5, "axis": "z", "origin": [8.01796, 22.2307, 8]},
			"faces": {
				"north": {"uv": [6, 5, 4, 9], "texture": "#0"},
				"east": {"uv": [0, 0, 0, 4], "texture": "#0"},
				"south": {"uv": [7, 0, 5, 4], "texture": "#0"},
				"west": {"uv": [0, 0, 0, 4], "texture": "#0"},
				"up": {"uv": [0, 0, 2, 0], "texture": "#0"},
				"down": {"uv": [0, 0, 2, 0], "texture": "#0"}
			}
		},
		{
			"from": [6.00622, 22.62836, 7],
			"to": [7.75622, 26.62836, 9],
			"rotation": {"angle": -45, "axis": "z", "origin": [7.98204, 22.2307, 8]},
			"faces": {
				"north": {"uv": [11, 8, 12, 10], "texture": "#0"},
				"east": {"uv": [4, 12, 5, 14], "texture": "#0"},
				"south": {"uv": [5, 12, 6, 14], "texture": "#0"},
				"west": {"uv": [6, 12, 7, 14], "texture": "#0"},
				"up": {"uv": [14, 9, 13, 8], "texture": "#0"},
				"down": {"uv": [14, 9, 13, 10], "texture": "#0"}
			}
		},
		{
			"from": [4.00622, 22.62836, 7],
			"to": [6.00622, 24.37836, 9],
			"rotation": {"angle": -45, "axis": "z", "origin": [7.98204, 22.2307, 8]},
			"faces": {
				"north": {"uv": [13, 2, 14, 3], "texture": "#0"},
				"east": {"uv": [13, 3, 14, 4], "texture": "#0"},
				"south": {"uv": [13, 4, 14, 5], "texture": "#0"},
				"west": {"uv": [13, 5, 14, 6], "texture": "#0"},
				"up": {"uv": [14, 7, 13, 6], "texture": "#0"},
				"down": {"uv": [14, 7, 13, 8], "texture": "#0"}
			}
		}
	],
	"gui_light": "front",
	"display": {
		"thirdperson_righthand": {
			"rotation": [-6.25, 90, 0.5],
			"translation": [0, -2, 1.75],
			"scale": [0.75, 0.75, 0.75]
		},
		"thirdperson_lefthand": {
			"rotation": [-6.25, 90, 0.5],
			"translation": [0, -2, 1.75],
			"scale": [0.75, 0.75, 0.75]
		},
		"firstperson_righthand": {
			"rotation": [-14.75, -264.5, -6.75],
			"translation": [0, -2, 1.75],
			"scale": [0.75, 0.75, 0.75]
		},
		"firstperson_lefthand": {
			"rotation": [-14.75, -264.5, -6.75],
			"translation": [0, -2, 1.75],
			"scale": [0.75, 0.75, 0.75]
		},
		"gui": {
			"rotation": [0, 0, -45],
			"translation": [-5, -4.5, 0],
			"scale": [0.7, 0.7, 0.7]
		},
		"fixed": {
			"translation": [0, -4.75, -0.5],
			"scale": [0.5, 0.5, 0.5]
		}
	},
	"groups": [
		{
			"name": "group",
			"origin": [7.98204, 22.2307, 8],
			"children": [0, 1, 2, 3, 4, 5, 6, 7, 8,
				{
					"name": "group",
					"origin": [8.01796, 22.2307, 8],
					"children": [9, 10, 11, 12, 13, 14, 15]
				},
				{
					"name": "group",
					"origin": [7.98204, 22.2307, 8],
					"children": [16, 17]
				}
			]
		}
	]
}