{
	"credit": "Made with Blockbench",
	"texture_size": [32, 32],
	"textures": {
		"0": "valentine20_crate/teddy_bear",
		"particle": "valentine20_crate/teddy_bear"
	},
	"elements": [
		{
			"from": [9, 5.61521, 1.09285],
			"to": [12, 8.61521, 2.09285],
			"rotation": {"angle": -22.5, "axis": "x", "origin": [17, 13.61521, 9.09285]},
			"faces": {
				"north": {"uv": [2.5, 11.5, 4, 13], "texture": "#0"},
				"east": {"uv": [8, 9, 8.5, 10.5], "texture": "#0"},
				"south": {"uv": [4, 11.5, 5.5, 13], "texture": "#0"},
				"west": {"uv": [7, 13, 7.5, 14.5], "texture": "#0"},
				"up": {"uv": [8, 6, 6.5, 5.5], "texture": "#0"},
				"down": {"uv": [1.5, 13.5, 0, 14], "texture": "#0"}
			}
		},
		{
			"from": [9, 5, 5],
			"to": [12, 7, 9],
			"rotation": {"angle": -22.5, "axis": "x", "origin": [10.5, 6, 9]},
			"faces": {
				"north": {"uv": [12.5, 4.5, 14, 5.5], "texture": "#0"},
				"east": {"uv": [12, 10, 14, 11], "texture": "#0"},
				"south": {"uv": [2.5, 13, 4, 14], "texture": "#0"},
				"west": {"uv": [12, 11, 14, 12], "texture": "#0"},
				"up": {"uv": [9.5, 12.5, 8, 10.5], "texture": "#0"},
				"down": {"uv": [11, 10.5, 9.5, 12.5], "texture": "#0"}
			}
		},
		{
			"from": [4, 5, 5],
			"to": [7, 7, 9],
			"rotation": {"angle": -45, "axis": "x", "origin": [5.5, 6, 9]},
			"faces": {
				"north": {"uv": [8.5, 2.5, 10, 3.5], "texture": "#0"},
				"east": {"uv": [3.5, 2.5, 5.5, 3.5], "texture": "#0"},
				"south": {"uv": [0, 12.5, 1.5, 13.5], "texture": "#0"},
				"west": {"uv": [12, 1.5, 14, 2.5], "texture": "#0"},
				"up": {"uv": [3.5, 11.5, 2, 9.5], "texture": "#0"},
				"down": {"uv": [1.5, 10.5, 0, 12.5], "texture": "#0"}
			}
		},
		{
			"from": [4, 5.07107, -1.82843],
			"to": [7, 8.07107, -0.82843],
			"rotation": {"angle": -45, "axis": "x", "origin": [12, 13.07107, 6.17157]},
			"faces": {
				"north": {"uv": [12, 7, 13.5, 8.5], "texture": "#0"},
				"east": {"uv": [1.5, 14, 2, 15.5], "texture": "#0"},
				"south": {"uv": [12, 8.5, 13.5, 10], "texture": "#0"},
				"west": {"uv": [2, 14, 2.5, 15.5], "texture": "#0"},
				"up": {"uv": [4, 14.5, 2.5, 14], "texture": "#0"},
				"down": {"uv": [5.5, 14, 4, 14.5], "texture": "#0"}
			}
		},
		{
			"from": [6.5, 5.5, 11],
			"to": [9.5, 7.5, 12],
			"rotation": {"angle": 0, "axis": "y", "origin": [16, 13.5, 21]},
			"faces": {
				"north": {"uv": [4, 13, 5.5, 14], "texture": "#0"},
				"east": {"uv": [1.5, 10.5, 2, 11.5], "texture": "#0"},
				"south": {"uv": [5.5, 13, 7, 14], "texture": "#0"},
				"west": {"uv": [9.5, 14, 10, 15], "texture": "#0"},
				"up": {"uv": [7, 14.5, 5.5, 14], "texture": "#0"},
				"down": {"uv": [9.5, 14, 8, 14.5], "texture": "#0"}
			}
		},
		{
			"from": [2.93934, 7.02513, 7.5],
			"to": [4.93934, 12.02513, 10.5],
			"rotation": {"angle": -22.5, "axis": "z", "origin": [3.93934, 9.52513, 9]},
			"faces": {
				"north": {"uv": [11, 5.5, 12, 8], "texture": "#0"},
				"east": {"uv": [5, 9, 6.5, 11.5], "texture": "#0"},
				"south": {"uv": [1.5, 11.5, 2.5, 14], "texture": "#0"},
				"west": {"uv": [6.5, 9, 8, 11.5], "texture": "#0"},
				"up": {"uv": [10, 14, 9, 12.5], "texture": "#0"},
				"down": {"uv": [11, 12.5, 10, 14], "texture": "#0"}
			}
		},
		{
			"from": [5.5, 9.25, 6],
			"to": [10.5, 12.25, 6],
			"rotation": {"angle": 22.5, "axis": "x", "origin": [8, 9.75, 6]},
			"faces": {
				"north": {"uv": [10, 2.5, 12.5, 4], "texture": "#0"},
				"east": {"uv": [0, 0, 0, 1.5], "texture": "#0"},
				"south": {"uv": [10, 4, 12.5, 5.5], "texture": "#0"},
				"west": {"uv": [0, 0, 0, 1.5], "texture": "#0"},
				"up": {"uv": [2.5, 0, 0, 0], "texture": "#0"},
				"down": {"uv": [2.5, 0, 0, 0], "texture": "#0"}
			}
		},
		{
			"from": [4.5, 5.25, 7],
			"to": [11.5, 12.25, 11],
			"rotation": {"angle": 0, "axis": "y", "origin": [16, 13.25, 17]},
			"faces": {
				"north": {"uv": [0, 0, 3.5, 3.5], "texture": "#0"},
				"east": {"uv": [6.5, 0, 8.5, 3.5], "texture": "#0"},
				"south": {"uv": [0, 3.5, 3.5, 7], "texture": "#0"},
				"west": {"uv": [0, 7, 2, 10.5], "texture": "#0"},
				"up": {"uv": [10, 5.5, 6.5, 3.5], "texture": "#0"},
				"down": {"uv": [12, 8.5, 8.5, 10.5], "texture": "#0"}
			}
		},
		{
			"from": [11.56066, 10.27513, 7.5],
			"to": [13.56066, 15.27513, 10.5],
			"rotation": {"angle": -45, "axis": "z", "origin": [12.56066, 12.77513, 9]},
			"faces": {
				"north": {"uv": [11, 11, 12, 13.5], "rotation": 180, "texture": "#0"},
				"east": {"uv": [3.5, 9, 5, 11.5], "rotation": 180, "texture": "#0"},
				"south": {"uv": [11, 0, 12, 2.5], "rotation": 180, "texture": "#0"},
				"west": {"uv": [2, 7, 3.5, 9.5], "rotation": 180, "texture": "#0"},
				"up": {"uv": [9, 12.5, 8, 14], "rotation": 180, "texture": "#0"},
				"down": {"uv": [8, 13, 7, 11.5], "rotation": 180, "texture": "#0"}
			}
		},
		{
			"from": [5.5, 12.25, 6],
			"to": [10.5, 17.25, 12],
			"rotation": {"angle": 0, "axis": "y", "origin": [16, 20.25, 17]},
			"faces": {
				"north": {"uv": [8.5, 0, 11, 2.5], "texture": "#0"},
				"east": {"uv": [3.5, 3.5, 6.5, 6], "texture": "#0"},
				"south": {"uv": [8.5, 5.5, 11, 8], "texture": "#0"},
				"west": {"uv": [3.5, 0, 6.5, 2.5], "texture": "#0"},
				"up": {"uv": [6, 9, 3.5, 6], "texture": "#0"},
				"down": {"uv": [8.5, 6, 6, 9], "texture": "#0"}
			}
		},
		{
			"from": [6.5, 12.5, 5],
			"to": [9.5, 14.5, 6],
			"rotation": {"angle": 0, "axis": "y", "origin": [16, 20.5, 14]},
			"faces": {
				"north": {"uv": [12.5, 2.5, 14, 3.5], "texture": "#0"},
				"east": {"uv": [5.5, 2.5, 6, 3.5], "texture": "#0"},
				"south": {"uv": [12.5, 3.5, 14, 4.5], "texture": "#0"},
				"west": {"uv": [6, 2.5, 6.5, 3.5], "texture": "#0"},
				"up": {"uv": [15, 13.5, 13.5, 13], "texture": "#0"},
				"down": {"uv": [1.5, 14, 0, 14.5], "texture": "#0"}
			}
		},
		{
			"from": [5.5, 17.25, 8],
			"to": [10.5, 18.25, 8],
			"rotation": {"angle": 0, "axis": "y", "origin": [16, 25.25, 19]},
			"faces": {
				"north": {"uv": [8.5, 8, 11, 8.5], "texture": "#0"},
				"east": {"uv": [0, 0, 0, 0.5], "texture": "#0"},
				"south": {"uv": [11, 13.5, 13.5, 14], "texture": "#0"},
				"west": {"uv": [0, 0, 0, 0.5], "texture": "#0"},
				"up": {"uv": [2.5, 0, 0, 0], "texture": "#0"},
				"down": {"uv": [2.5, 0, 0, 0], "texture": "#0"}
			}
		},
		{
			"from": [8.75, 16, 8.5],
			"to": [11.75, 19, 9.5],
			"rotation": {"angle": 0, "axis": "y", "origin": [-0.75, 25, 17.5]},
			"faces": {
				"north": {"uv": [12, 0, 13.5, 1.5], "texture": "#0"},
				"east": {"uv": [13.5, 7, 14, 8.5], "texture": "#0"},
				"south": {"uv": [12, 5.5, 13.5, 7], "texture": "#0"},
				"west": {"uv": [13.5, 8.5, 14, 10], "texture": "#0"},
				"up": {"uv": [15, 12.5, 13.5, 12], "texture": "#0"},
				"down": {"uv": [15, 12.5, 13.5, 13], "texture": "#0"}
			}
		},
		{
			"from": [4.25, 16, 8.5],
			"to": [7.25, 19, 9.5],
			"rotation": {"angle": 0, "axis": "y", "origin": [16.75, 25, 17.5]},
			"faces": {
				"north": {"uv": [5.5, 11.5, 7, 13], "texture": "#0"},
				"east": {"uv": [7.5, 13, 8, 14.5], "texture": "#0"},
				"south": {"uv": [12, 12, 13.5, 13.5], "texture": "#0"},
				"west": {"uv": [13.5, 5.5, 14, 7], "texture": "#0"},
				"up": {"uv": [15, 1, 13.5, 0.5], "texture": "#0"},
				"down": {"uv": [15, 1, 13.5, 1.5], "texture": "#0"}
			}
		},
		{
			"from": [5.5, 17.25, 10],
			"to": [10.5, 18.25, 10],
			"rotation": {"angle": 0, "axis": "y", "origin": [16, 25.25, 21]},
			"faces": {
				"north": {"uv": [8.5, 8, 11, 8.5], "texture": "#0"},
				"east": {"uv": [0, 0, 0, 0.5], "texture": "#0"},
				"south": {"uv": [11, 13.5, 13.5, 14], "texture": "#0"},
				"west": {"uv": [0, 0, 0, 0.5], "texture": "#0"},
				"up": {"uv": [2.5, 0, 0, 0], "texture": "#0"},
				"down": {"uv": [2.5, 0, 0, 0], "texture": "#0"}
			}
		}
	],
	"gui_light": "front",
	"display": {
		"thirdperson_righthand": {
			"rotation": [55.25, 0, 0],
			"translation": [0, -1, -2.25],
			"scale": [0.85, 0.85, 0.85]
		},
		"thirdperson_lefthand": {
			"rotation": [73.75, -351.5, -17.75],
			"translation": [3.25, -2.25, -6],
			"scale": [0.85, 0.85, 0.85]
		},
		"firstperson_righthand": {
			"rotation": [0, 129, 0],
			"translation": [2.25, 1, 0],
			"scale": [0.7, 0.7, 0.7]
		},
		"firstperson_lefthand": {
			"rotation": [0, 129, 0],
			"translation": [2.25, 1, 0],
			"scale": [0.7, 0.7, 0.7]
		},
		"ground": {
			"scale": [0.7, 0.7, 0.7]
		},
		"gui": {
			"rotation": [0, 171, 0],
			"translation": [0, -2.25, 0]
		}
	},
	"groups": [
		{
			"name": "group",
			"origin": [16, 25.25, 21],
			"children": [
				{
					"name": "group",
					"origin": [10.5, 6, 9],
					"children": [0, 1]
				},
				{
					"name": "group",
					"origin": [12, 13.07107, 6.17157],
					"children": [2, 3]
				},
				{
					"name": "group",
					"origin": [12.56066, 12.77513, 9],
					"children": [4, 5, 6, 7, 8]
				},
				{
					"name": "group",
					"origin": [16, 25.25, 21],
					"children": [9, 10, 11, 12, 13, 14]
				}
			]
		}
	]
}