{
	"credit": "Made with Blockbench",
	"texture_size": [64, 64],
	"textures": {
		"0": "valentine20_crate/wings",
		"particle": "valentine20_crate/wings"
	},
	"elements": [
		{
			"from": [0.83191, 18.08418, 10.125],
			"to": [7.08191, 20.08418, 11.875],
			"rotation": {"angle": 22.5, "axis": "z", "origin": [2.58191, 19.08418, 10.625]},
			"faces": {
				"north": {"uv": [0, 7.25, 1.5625, 7.75], "texture": "#0", "tintindex": 0},
				"east": {"uv": [0.5, 7.75, 1, 8.25], "texture": "#0", "tintindex": 0},
				"south": {"uv": [7.25, 0, 8.75, 0.5], "texture": "#0", "tintindex": 0},
				"west": {"uv": [1, 7.75, 1.5, 8.25], "texture": "#0", "tintindex": 0},
				"up": {"uv": [8.75, 1, 7.25, 0.5], "texture": "#0", "tintindex": 0},
				"down": {"uv": [8.75, 1, 7.25, 1.5], "texture": "#0", "tintindex": 0}
			}
		},
		{
			"from": [-0.16809, 14.08418, 11.25],
			"to": [7.08191, 20.08418, 11.25],
			"rotation": {"angle": 22.5, "axis": "z", "origin": [2.58191, 19.08418, 11]},
			"faces": {
				"north": {"uv": [3.5, 4, 5.3125, 5.5], "texture": "#0", "tintindex": 0},
				"east": {"uv": [0, 0, 0, 1.5], "texture": "#0", "tintindex": 0},
				"south": {"uv": [4.25, 0, 6, 1.5], "texture": "#0", "tintindex": 0},
				"west": {"uv": [0, 0, 0, 1.5], "texture": "#0", "tintindex": 0},
				"up": {"uv": [1.75, 0, 0, 0], "texture": "#0", "tintindex": 0},
				"down": {"uv": [1.75, 0, 0, 0], "texture": "#0", "tintindex": 0}
			}
		},
		{
			"from": [-3.62706, 20.37969, 10],
			"to": [3.37294, 22.62969, 12],
			"rotation": {"angle": -45, "axis": "z", "origin": [-1.12706, 21.37969, 10.75]},
			"faces": {
				"north": {"uv": [6, 3.5, 7.75, 4.0625], "texture": "#0", "tintindex": 0},
				"east": {"uv": [6, 7.75, 6.5, 8.25], "texture": "#0", "tintindex": 0},
				"south": {"uv": [0, 6.25, 1.75, 6.75], "texture": "#0", "tintindex": 0},
				"west": {"uv": [6.5, 7.75, 7, 8.25], "texture": "#0", "tintindex": 0},
				"up": {"uv": [6, 7, 4.25, 6.5], "texture": "#0", "tintindex": 0},
				"down": {"uv": [7.75, 6.5, 6, 7], "texture": "#0", "tintindex": 0}
			}
		},
		{
			"from": [-3.66809, 13.08418, 11],
			"to": [5.33191, 20.33418, 11],
			"rotation": {"angle": -45, "axis": "z", "origin": [-1.16809, 21.08418, 10.75]},
			"faces": {
				"north": {"uv": [2.25, 0, 0, 1.8125], "texture": "#0", "tintindex": 0},
				"east": {"uv": [0, 0, 0, 1.75], "texture": "#0", "tintindex": 0},
				"south": {"uv": [2.25, 1.75, 0, 3.5], "texture": "#0", "tintindex": 0},
				"west": {"uv": [0, 0, 0, 1.75], "texture": "#0", "tintindex": 0},
				"up": {"uv": [0, 0, 2.25, 0], "texture": "#0", "tintindex": 0},
				"down": {"uv": [0, 0, 2.25, 0], "texture": "#0", "tintindex": 0}
			}
		},
		{
			"from": [-7.57681, 17.55127, 10.25],
			"to": [-1.57681, 19.55127, 11.75],
			"rotation": {"angle": 45, "axis": "z", "origin": [-6.07681, 18.55127, 10.75]},
			"faces": {
				"north": {"uv": [7.25, 1.5, 8.75, 2], "texture": "#0", "tintindex": 0},
				"east": {"uv": [7, 7.75, 7.5, 8.25], "texture": "#0", "tintindex": 0},
				"south": {"uv": [7.25, 2, 8.75, 2.5], "texture": "#0", "tintindex": 0},
				"west": {"uv": [7.5, 7.75, 8, 8.25], "texture": "#0", "tintindex": 0},
				"up": {"uv": [8.75, 3, 7.25, 2.5], "texture": "#0", "tintindex": 0},
				"down": {"uv": [3, 7.5, 1.5, 8], "texture": "#0", "tintindex": 0}
			}
		},
		{
			"from": [-13.4795, 14.8182, 10.5],
			"to": [-7.7295, 16.3182, 11.5],
			"rotation": {"angle": 45, "axis": "z", "origin": [-10.7295, 19.9432, 10.75]},
			"faces": {
				"north": {"uv": [3, 7.5, 4.4375, 7.875], "texture": "#0", "tintindex": 0},
				"east": {"uv": [7.75, 3.5, 8, 4], "texture": "#0", "tintindex": 0},
				"south": {"uv": [4.5, 7.5, 6, 8], "texture": "#0", "tintindex": 0},
				"west": {"uv": [7.75, 6.5, 8, 7], "texture": "#0", "tintindex": 0},
				"up": {"uv": [9, 7.75, 7.5, 7.5], "texture": "#0", "tintindex": 0},
				"down": {"uv": [9, 7, 7.5, 7.25], "texture": "#0", "tintindex": 0}
			}
		},
		{
			"from": [-15.75, 10.0682, 10.9375],
			"to": [-10.4795, 15.5682, 10.9375],
			"rotation": {"angle": 45, "axis": "z", "origin": [-10.4795, 20.1932, 10.1875]},
			"faces": {
				"north": {"uv": [1.75, 5.5, 3.06763, 6.875], "texture": "#0", "tintindex": 0},
				"east": {"uv": [0, 0, 0, 1.5], "texture": "#0", "tintindex": 0},
				"south": {"uv": [3, 5.5, 4.25, 7], "texture": "#0", "tintindex": 0},
				"west": {"uv": [0, 0, 0, 1.5], "texture": "#0", "tintindex": 0},
				"up": {"uv": [1.25, 0, 0, 0], "texture": "#0", "tintindex": 0},
				"down": {"uv": [1.25, 0, 0, 0], "texture": "#0", "tintindex": 0}
			}
		},
		{
			"from": [8.91809, 14.08418, 11.25],
			"to": [16.16809, 20.08418, 11.25],
			"rotation": {"angle": -22.5, "axis": "z", "origin": [13.41809, 19.08418, 11]},
			"faces": {
				"north": {"uv": [0, 3.375, 1.75, 4.875], "texture": "#0", "tintindex": 0},
				"east": {"uv": [0, 0, 0, 1.5], "texture": "#0", "tintindex": 0},
				"south": {"uv": [1.75, 4, 3.5, 5.5], "texture": "#0", "tintindex": 0},
				"west": {"uv": [0, 0, 0, 1.5], "texture": "#0", "tintindex": 0},
				"up": {"uv": [1.75, 0, 0, 0], "texture": "#0", "tintindex": 0},
				"down": {"uv": [1.75, 0, 0, 0], "texture": "#0", "tintindex": 0}
			}
		},
		{
			"from": [8.91809, 18.08418, 10.125],
			"to": [15.16809, 20.08418, 11.875],
			"rotation": {"angle": -22.5, "axis": "z", "origin": [13.41809, 19.08418, 10.625]},
			"faces": {
				"north": {"uv": [0, 6.75, 1.5, 7.25], "texture": "#0", "tintindex": 0},
				"east": {"uv": [1.75, 3.5, 2.25, 4], "texture": "#0", "tintindex": 0},
				"south": {"uv": [1.5, 7, 3, 7.5], "texture": "#0", "tintindex": 0},
				"west": {"uv": [4.25, 5.5, 4.75, 6], "texture": "#0", "tintindex": 0},
				"up": {"uv": [4.5, 7.5, 3, 7], "texture": "#0", "tintindex": 0},
				"down": {"uv": [6, 7, 4.5, 7.5], "texture": "#0", "tintindex": 0}
			}
		},
		{
			"from": [10.66809, 13.08418, 11],
			"to": [19.66809, 20.33418, 11],
			"rotation": {"angle": 45, "axis": "z", "origin": [17.16809, 21.08418, 10.75]},
			"faces": {
				"north": {"uv": [0, 0, 2.25, 1.8125], "texture": "#0", "tintindex": 0},
				"east": {"uv": [0, 0, 0, 1.75], "texture": "#0", "tintindex": 0},
				"south": {"uv": [0, 1.75, 2.25, 3.5], "texture": "#0", "tintindex": 0},
				"west": {"uv": [0, 0, 0, 1.75], "texture": "#0", "tintindex": 0},
				"up": {"uv": [2.25, 0, 0, 0], "texture": "#0", "tintindex": 0},
				"down": {"uv": [2.25, 0, 0, 0], "texture": "#0", "tintindex": 0}
			}
		},
		{
			"from": [12.62706, 20.37969, 10],
			"to": [19.62706, 22.62969, 12],
			"rotation": {"angle": 45, "axis": "z", "origin": [17.12706, 21.37969, 10.75]},
			"faces": {
				"north": {"uv": [7.75, 3.5, 6, 4.0625], "texture": "#0", "tintindex": 0},
				"east": {"uv": [7, 7.75, 6.5, 8.25], "texture": "#0", "tintindex": 0},
				"south": {"uv": [1.75, 6.25, 0, 6.75], "texture": "#0", "tintindex": 0},
				"west": {"uv": [6.5, 7.75, 6, 8.25], "texture": "#0", "tintindex": 0},
				"up": {"uv": [4.25, 7, 6, 6.5], "texture": "#0", "tintindex": 0},
				"down": {"uv": [6, 6.5, 7.75, 7], "texture": "#0", "tintindex": 0}
			}
		},
		{
			"from": [17.57681, 17.55127, 10.25],
			"to": [23.57681, 19.55127, 11.75],
			"rotation": {"angle": -45, "axis": "z", "origin": [22.07681, 18.55127, 10.75]},
			"faces": {
				"north": {"uv": [6, 7, 7.5, 7.5], "texture": "#0", "tintindex": 0},
				"east": {"uv": [4.75, 6, 5.25, 6.5], "texture": "#0", "tintindex": 0},
				"south": {"uv": [7, 4, 8.5, 4.5], "texture": "#0", "tintindex": 0},
				"west": {"uv": [0, 7.75, 0.5, 8.25], "texture": "#0", "tintindex": 0},
				"up": {"uv": [8.5, 5, 7, 4.5], "texture": "#0", "tintindex": 0},
				"down": {"uv": [8.5, 5, 7, 5.5], "texture": "#0", "tintindex": 0}
			}
		},
		{
			"from": [23.7295, 14.8182, 10.5],
			"to": [29.4795, 16.3182, 11.5],
			"rotation": {"angle": -45, "axis": "z", "origin": [26.7295, 19.9432, 10.75]},
			"faces": {
				"north": {"uv": [7, 5.5, 8.4375, 5.875], "texture": "#0", "tintindex": 0},
				"east": {"uv": [4, 1.75, 4.25, 2.25], "texture": "#0", "tintindex": 0},
				"south": {"uv": [7, 6, 8.5, 6.5], "texture": "#0", "tintindex": 0},
				"west": {"uv": [7.75, 3, 8, 3.5], "texture": "#0", "tintindex": 0},
				"up": {"uv": [6.75, 5.25, 5.25, 5], "texture": "#0", "tintindex": 0},
				"down": {"uv": [7.5, 7.5, 6, 7.75], "texture": "#0", "tintindex": 0}
			}
		},
		{
			"from": [26.4795, 10.0682, 10.9375],
			"to": [31.75, 15.5682, 10.9375],
			"rotation": {"angle": -45, "axis": "z", "origin": [26.4795, 20.1932, 10.1875]},
			"faces": {
				"north": {"uv": [6, 0, 7.31763, 1.375], "texture": "#0", "tintindex": 0},
				"east": {"uv": [0, 0, 0, 1.5], "texture": "#0", "tintindex": 0},
				"south": {"uv": [6, 1.5, 7.25, 3], "texture": "#0", "tintindex": 0},
				"west": {"uv": [0, 0, 0, 1.5], "texture": "#0", "tintindex": 0},
				"up": {"uv": [1.25, 0, 0, 0], "texture": "#0", "tintindex": 0},
				"down": {"uv": [1.25, 0, 0, 0], "texture": "#0", "tintindex": 0}
			}
		}
	],
	"gui_light": "front",
	"display": {
		"gui": {
			"translation": [0, -4, 0],
			"scale": [0.45, 0.45, 0.45]
		},
		"head": {
			"translation": [0, -57.25, 1.75],
			"scale": [2, 2, 2]
		}
	},
	"groups": [
		{
			"name": "group",
			"origin": [26.4795, 20.1932, 10.1875],
			"children": [0, 1, 2, 3, 4, 5, 6, 7, 8, 9, 10, 11, 12, 13]
		}
	]
}