{
	"credit": "Made with Blockbench",
	"texture_size": [32, 32],
	"textures": {
		"0": "guis/buttons/returnbutton",
		"particle": "guis/buttons/returnbutton"
	},
	"elements": [
		{
			"from": [-7, 0, 8],
			"to": [23, 16, 8],
			"rotation": {"angle": 0, "axis": "y", "origin": [16, 8, 15]},
			"faces": {
				"north": {"uv": [0, 0, 15, 8], "texture": "#0"},
				"east": {"uv": [0, 0, 0, 8], "texture": "#0"},
				"south": {"uv": [0, 8, 15, 16], "texture": "#0"},
				"west": {"uv": [0, 0, 0, 8], "texture": "#0"},
				"up": {"uv": [15, 0, 0, 0], "texture": "#0"},
				"down": {"uv": [15, 0, 0, 0], "texture": "#0"}
			}
		}
	],
	"gui_light": "front",
	"display": {
		"gui": {
			"rotation": [0, -180, 0],
			"scale": [0, 0, 0]
		}
	}
}