{
	"credit": "Made with Blockbench",
	"texture_size": [64, 64],
	"textures": {
		"1": "furniture/livingroom/chair/traditional/traditional_red"
	},
	"elements": [
		{
			"from": [10, 0, 5],
			"to": [11, 4.5, 6],
			"rotation": {"angle": 0, "axis": "y", "origin": [10.5, 0, 5]},
			"faces": {
				"north": {"uv": [0.5, 4, 1, 6.25], "texture": "#1"},
				"east": {"uv": [0, 4, 0.5, 6.25], "texture": "#1"},
				"south": {"uv": [1.5, 4, 2, 6.25], "texture": "#1"},
				"west": {"uv": [1, 4, 1.5, 6.25], "texture": "#1"},
				"up": {"uv": [1, 4, 0.5, 3.5], "texture": "#1"},
				"down": {"uv": [1.5, 3.5, 1, 4], "texture": "#1"}
			}
		},
		{
			"from": [4.75, 4.5, 4.75],
			"to": [11.25, 5, 11.25],
			"rotation": {"angle": 0, "axis": "y", "origin": [10.25, 4.5, 3.75]},
			"faces": {
				"north": {"uv": [3.25, 3.25, 6.5, 3.5], "texture": "#1"},
				"east": {"uv": [0, 3.25, 3.25, 3.5], "texture": "#1"},
				"south": {"uv": [9.75, 3.25, 13, 3.5], "texture": "#1"},
				"west": {"uv": [6.5, 3.25, 9.75, 3.5], "texture": "#1"},
				"up": {"uv": [6.5, 3.25, 3.25, 0], "texture": "#1"},
				"down": {"uv": [9.75, 0, 6.5, 3.25], "texture": "#1"}
			}
		},
		{
			"from": [5.01, 4.76, 5.01],
			"to": [10.99, 5.74, 10.99],
			"rotation": {"angle": 0, "axis": "y", "origin": [11, 4.75, 4.25]},
			"faces": {
				"north": {"uv": [3, 6.5, 6, 7], "texture": "#1"},
				"east": {"uv": [0, 6.5, 3, 7], "texture": "#1"},
				"south": {"uv": [9, 6.5, 12, 7], "texture": "#1"},
				"west": {"uv": [6, 6.5, 9, 7], "texture": "#1"},
				"up": {"uv": [6, 6.5, 3, 3.5], "texture": "#1"},
				"down": {"uv": [9, 3.5, 6, 6.5], "texture": "#1"}
			}
		},
		{
			"from": [5, 0, 5],
			"to": [6, 4.5, 6],
			"rotation": {"angle": 0, "axis": "y", "origin": [5.5, 0, 5]},
			"faces": {
				"north": {"uv": [0.5, 0.5, 1, 2.75], "texture": "#1"},
				"east": {"uv": [0, 0.5, 0.5, 2.75], "texture": "#1"},
				"south": {"uv": [1.5, 0.5, 2, 2.75], "texture": "#1"},
				"west": {"uv": [1, 0.5, 1.5, 2.75], "texture": "#1"},
				"up": {"uv": [1, 0.5, 0.5, 0], "texture": "#1"},
				"down": {"uv": [1.5, 0, 1, 0.5], "texture": "#1"}
			}
		},
		{
			"from": [5.005, 0.005, 10.005],
			"to": [5.995, 11.495, 10.995],
			"rotation": {"angle": 0, "axis": "y", "origin": [5.5, 0, 10]},
			"faces": {
				"north": {"uv": [2.5, 7.5, 3, 13.25], "texture": "#1"},
				"east": {"uv": [2, 7.5, 2.5, 13.25], "texture": "#1"},
				"south": {"uv": [3.5, 7.5, 4, 13.25], "texture": "#1"},
				"west": {"uv": [3, 7.5, 3.5, 13.25], "texture": "#1"},
				"up": {"uv": [3, 7.5, 2.5, 7], "texture": "#1"},
				"down": {"uv": [3.5, 7, 3, 7.5], "texture": "#1"}
			}
		},
		{
			"from": [10.005, 0.005, 10.005],
			"to": [10.995, 11.495, 10.995],
			"rotation": {"angle": 0, "axis": "y", "origin": [10.5, 0, 10]},
			"faces": {
				"north": {"uv": [0.5, 7.5, 1, 13.25], "texture": "#1"},
				"east": {"uv": [0, 7.5, 0.5, 13.25], "texture": "#1"},
				"south": {"uv": [1.5, 7.5, 2, 13.25], "texture": "#1"},
				"west": {"uv": [1, 7.5, 1.5, 13.25], "texture": "#1"},
				"up": {"uv": [1, 7.5, 0.5, 7], "texture": "#1"},
				"down": {"uv": [1.5, 7, 1, 7.5], "texture": "#1"}
			}
		},
		{
			"from": [9, 10.5, 10],
			"to": [11, 11.5, 11],
			"rotation": {"angle": -45, "axis": "z", "origin": [11, 11.5, 10]},
			"faces": {
				"north": {"uv": [8.5, 8.5, 9, 9.5], "rotation": 90, "texture": "#1"},
				"east": {"uv": [9.5, 8, 9, 8.5], "rotation": 270, "texture": "#1"},
				"south": {"uv": [9.5, 8.5, 10, 9.5], "rotation": 270, "texture": "#1"},
				"west": {"uv": [9, 8.5, 8.5, 8], "rotation": 270, "texture": "#1"},
				"up": {"uv": [8, 8.5, 8.5, 9.5], "rotation": 270, "texture": "#1"},
				"down": {"uv": [9, 8.5, 9.5, 9.5], "rotation": 270, "texture": "#1"}
			}
		},
		{
			"from": [5, 10.5, 10],
			"to": [7, 11.5, 11],
			"rotation": {"angle": 45, "axis": "z", "origin": [5, 11.5, 10]},
			"faces": {
				"north": {"uv": [6.5, 8.5, 7, 9.5], "rotation": 270, "texture": "#1"},
				"east": {"uv": [7, 8.5, 6.5, 8], "rotation": 90, "texture": "#1"},
				"south": {"uv": [7.5, 8.5, 8, 9.5], "rotation": 90, "texture": "#1"},
				"west": {"uv": [7.5, 8, 7, 8.5], "rotation": 90, "texture": "#1"},
				"up": {"uv": [7, 8.5, 7.5, 9.5], "rotation": 90, "texture": "#1"},
				"down": {"uv": [6, 8.5, 6.5, 9.5], "rotation": 90, "texture": "#1"}
			}
		},
		{
			"from": [6.395, 11.895, 9.995],
			"to": [9.605, 12.905, 11.005],
			"rotation": {"angle": 0, "axis": "y", "origin": [7, 7.4, 10]},
			"faces": {
				"north": {"uv": [6.5, 7.5, 8, 8], "texture": "#1"},
				"east": {"uv": [6, 7.5, 6.5, 8], "texture": "#1"},
				"south": {"uv": [8.5, 7.5, 10, 8], "texture": "#1"},
				"west": {"uv": [8, 7.5, 8.5, 8], "texture": "#1"},
				"up": {"uv": [8, 7.5, 6.5, 7], "texture": "#1"},
				"down": {"uv": [9.5, 7, 8, 7.5], "texture": "#1"}
			}
		},
		{
			"from": [8.38, 4.505, 10.005],
			"to": [9.37, 12.495, 10.995],
			"rotation": {"angle": 0, "axis": "y", "origin": [8.875, 0, 10]},
			"faces": {
				"north": {"uv": [4.5, 7.5, 5, 11.5], "texture": "#1"},
				"east": {"uv": [4, 7.5, 4.5, 11.5], "texture": "#1"},
				"south": {"uv": [5.5, 7.5, 6, 11.5], "texture": "#1"},
				"west": {"uv": [5, 7.5, 5.5, 11.5], "texture": "#1"},
				"up": {"uv": [5, 7.5, 4.5, 7], "texture": "#1"},
				"down": {"uv": [5.5, 7, 5, 7.5], "texture": "#1"}
			}
		},
		{
			"from": [6.63, 4.505, 10.005],
			"to": [7.62, 12.495, 10.995],
			"shade": false,
			"rotation": {"angle": 0, "axis": "y", "origin": [7.125, 0, 10]},
			"faces": {
				"north": {"uv": [5, 7.5, 4.5, 11.5], "texture": "#1"},
				"east": {"uv": [5.5, 7.5, 5, 11.5], "texture": "#1"},
				"south": {"uv": [6, 7.5, 5.5, 11.5], "texture": "#1"},
				"west": {"uv": [4.5, 7.5, 4, 11.5], "texture": "#1"},
				"up": {"uv": [4.5, 7.5, 5, 7], "texture": "#1"},
				"down": {"uv": [5, 7, 5.5, 7.5], "texture": "#1"}
			}
		}
	],
	"gui_light": "front",
	"display": {
		"gui": {
			"rotation": [25, -145, 0],
			"translation": [0.5, 1.75, 0],
			"scale": [1.2, 1.2, 1.2]
		},
		"head": {
			"translation": [0, -15.25, 0],
			"scale": [3.5, 3.5, 3.5]
		}
	}
}