{
	"credit": "Made with Blockbench",
	"textures": {
		"0": "item/wearables/batman",
		"particle": "item/wearables/batman"
	},
	"elements": [
		{
			"from": [-0.25, 9, -0.25],
			"to": [16.25, 17.25, 16.25],
			"faces": {
				"north": {"uv": [2, 2, 4, 3], "texture": "#0"},
				"east": {"uv": [0, 2, 2, 3], "texture": "#0"},
				"south": {"uv": [6, 2, 8, 3], "texture": "#0"},
				"west": {"uv": [4, 2, 6, 3], "texture": "#0"},
				"up": {"uv": [4, 2, 2, 0], "texture": "#0"},
				"down": {"uv": [6, 0, 4, 2], "texture": "#0"}
			}
		},
		{
			"from": [0.5, 10, 0.5],
			"to": [15.5, 18, 15.25],
			"faces": {
				"north": {"uv": [7.75, 7.875, 9.625, 8.875], "texture": "#0"},
				"east": {"uv": [6, 7.875, 7.75, 8.875], "texture": "#0"},
				"south": {"uv": [11.375, 7.875, 13.25, 8.875], "texture": "#0"},
				"west": {"uv": [9.625, 7.875, 11.375, 8.875], "texture": "#0"},
				"up": {"uv": [9.625, 7.875, 7.75, 6.125], "texture": "#0"},
				"down": {"uv": [11.5, 6.125, 9.625, 7.875], "texture": "#0"}
			}
		},
		{
			"from": [-1.25, 7, 1.25],
			"to": [17.25, 15.75, 15],
			"faces": {
				"north": {"uv": [1.625, 6.875, 3.875, 7.875], "texture": "#0"},
				"east": {"uv": [0, 6.875, 1.625, 7.875], "texture": "#0"},
				"south": {"uv": [5.5, 6.875, 7.75, 7.875], "texture": "#0"},
				"west": {"uv": [3.875, 6.875, 5.5, 7.875], "texture": "#0"},
				"up": {"uv": [3.875, 6.875, 1.625, 5.25], "texture": "#0"},
				"down": {"uv": [6.125, 5.25, 3.875, 6.875], "texture": "#0"}
			}
		},
		{
			"from": [-0.75, 1.75, 8],
			"to": [16.75, 7, 15],
			"faces": {
				"north": {"uv": [0.875, 8.75, 3, 9.375], "texture": "#0"},
				"east": {"uv": [0, 8.75, 0.875, 9.375], "texture": "#0"},
				"south": {"uv": [3.875, 8.75, 6, 9.375], "texture": "#0"},
				"west": {"uv": [3, 8.75, 3.875, 9.375], "texture": "#0"},
				"up": {"uv": [3, 8.75, 0.875, 7.875], "texture": "#0"},
				"down": {"uv": [5.125, 7.875, 3, 8.75], "texture": "#0"}
			}
		},
		{
			"from": [-0.25, 1, 7.5],
			"to": [16.25, 5.25, 16.25],
			"faces": {
				"north": {"uv": [6, 9.875, 8, 10.375], "texture": "#0"},
				"east": {"uv": [5, 9.875, 6, 10.375], "texture": "#0"},
				"south": {"uv": [9, 9.875, 11, 10.375], "texture": "#0"},
				"west": {"uv": [8, 9.875, 9, 10.375], "texture": "#0"},
				"up": {"uv": [8, 9.875, 6, 8.875], "texture": "#0"},
				"down": {"uv": [10, 8.875, 8, 9.875], "texture": "#0"}
			}
		},
		{
			"from": [0.75, 1.5, 1.5],
			"to": [15.25, 2.25, 7.75],
			"faces": {
				"north": {"uv": [6.625, 0.625, 8.375, 0.75], "texture": "#0"},
				"east": {"uv": [6, 0.625, 6.625, 0.75], "texture": "#0"},
				"south": {"uv": [9, 0.625, 10.75, 0.75], "texture": "#0"},
				"west": {"uv": [8.375, 0.625, 9, 0.75], "texture": "#0"},
				"up": {"uv": [8.375, 0.625, 6.625, 0], "texture": "#0"},
				"down": {"uv": [10.125, 0, 8.375, 0.625], "texture": "#0"}
			}
		},
		{
			"from": [-0.25, 7, 0.75],
			"to": [16.25, 9, 16.25],
			"faces": {
				"north": {"uv": [8.25, 5.875, 10.25, 6.125], "texture": "#0"},
				"east": {"uv": [6.375, 5.875, 8.25, 6.125], "texture": "#0"},
				"south": {"uv": [12.125, 5.875, 14.125, 6.125], "texture": "#0"},
				"west": {"uv": [10.25, 5.875, 12.125, 6.125], "texture": "#0"},
				"up": {"uv": [10.25, 5.875, 8.25, 4], "texture": "#0"},
				"down": {"uv": [12.25, 4, 10.25, 5.875], "texture": "#0"}
			}
		},
		{
			"from": [15.25, 7, -0.25],
			"to": [16.25, 9, 0.75],
			"faces": {
				"north": {"uv": [1.625, 4.875, 1.75, 5.125], "texture": "#0"},
				"east": {"uv": [1.5, 4.875, 1.625, 5.125], "texture": "#0"},
				"south": {"uv": [1.875, 4.875, 2, 5.125], "texture": "#0"},
				"west": {"uv": [1.75, 4.875, 1.875, 5.125], "texture": "#0"},
				"up": {"uv": [1.75, 4.875, 1.625, 4.75], "texture": "#0"},
				"down": {"uv": [1.875, 4.75, 1.75, 4.875], "texture": "#0"}
			}
		},
		{
			"from": [-0.25, 7, -0.25],
			"to": [0.75, 9, 0.75],
			"faces": {
				"north": {"uv": [1.625, 4.125, 1.75, 4.375], "texture": "#0"},
				"east": {"uv": [1.5, 4.125, 1.625, 4.375], "texture": "#0"},
				"south": {"uv": [1.875, 4.125, 2, 4.375], "texture": "#0"},
				"west": {"uv": [1.75, 4.125, 1.875, 4.375], "texture": "#0"},
				"up": {"uv": [1.75, 4.125, 1.625, 4], "texture": "#0"},
				"down": {"uv": [1.875, 4, 1.75, 4.125], "texture": "#0"}
			}
		},
		{
			"from": [9, 7, -0.5],
			"to": [10, 9, 0.75],
			"faces": {
				"north": {"uv": [1.625, 4.5, 1.75, 4.75], "texture": "#0"},
				"east": {"uv": [1.5, 4.5, 1.625, 4.75], "texture": "#0"},
				"south": {"uv": [1.875, 4.5, 2, 4.75], "texture": "#0"},
				"west": {"uv": [1.75, 4.5, 1.875, 4.75], "texture": "#0"},
				"up": {"uv": [1.75, 4.5, 1.625, 4.375], "texture": "#0"},
				"down": {"uv": [1.875, 4.375, 1.75, 4.5], "texture": "#0"}
			}
		},
		{
			"from": [0, 7, 0],
			"to": [15.25, 9, 0.75],
			"faces": {
				"north": {"uv": [6.125, 1.125, 8, 1.375], "texture": "#0"},
				"east": {"uv": [6, 1.125, 6.125, 1.375], "texture": "#0"},
				"south": {"uv": [8.125, 1.125, 10, 1.375], "texture": "#0"},
				"west": {"uv": [8, 1.125, 8.125, 1.375], "texture": "#0"},
				"up": {"uv": [8, 1.125, 6.125, 1], "texture": "#0"},
				"down": {"uv": [9.875, 1, 8, 1.125], "texture": "#0"}
			}
		},
		{
			"from": [6, 7, -0.5],
			"to": [7, 9, 0.75],
			"faces": {
				"north": {"uv": [0.75, 0.875, 0.875, 1.125], "texture": "#0"},
				"east": {"uv": [0.625, 0.875, 0.75, 1.125], "texture": "#0"},
				"south": {"uv": [1, 0.875, 1.125, 1.125], "texture": "#0"},
				"west": {"uv": [0.875, 0.875, 1, 1.125], "texture": "#0"},
				"up": {"uv": [0.875, 0.875, 0.75, 0.75], "texture": "#0"},
				"down": {"uv": [1, 0.75, 0.875, 0.875], "texture": "#0"}
			}
		},
		{
			"from": [-0.25, 5.25, -0.75],
			"to": [16.25, 7, 16.25],
			"faces": {
				"north": {"uv": [2.125, 5.125, 4.125, 5.25], "texture": "#0"},
				"east": {"uv": [0, 5.125, 2.125, 5.25], "texture": "#0"},
				"south": {"uv": [6.25, 5.125, 8.25, 5.25], "texture": "#0"},
				"west": {"uv": [4.125, 5.125, 6.25, 5.25], "texture": "#0"},
				"up": {"uv": [4.125, 5.125, 2.125, 3], "texture": "#0"},
				"down": {"uv": [6.125, 3, 4.125, 5.125], "texture": "#0"}
			}
		},
		{
			"from": [6.5, 4.65, -1.35],
			"to": [9.5, 7.25, 0],
			"faces": {
				"north": {"uv": [6.125, 1.5, 6.5, 1.75], "texture": "#0"},
				"east": {"uv": [6, 1.5, 6.125, 1.75], "texture": "#0"},
				"south": {"uv": [6.625, 1.5, 7, 1.75], "texture": "#0"},
				"west": {"uv": [6.5, 1.5, 6.625, 1.75], "texture": "#0"},
				"up": {"uv": [6.5, 1.5, 6.125, 1.375], "texture": "#0"},
				"down": {"uv": [6.875, 1.375, 6.5, 1.5], "texture": "#0"}
			}
		},
		{
			"from": [7, 5, -2.25],
			"to": [9, 12, -1],
			"rotation": {"angle": 22.5, "axis": "x", "origin": [7.98691, 5.64224, -1.87912]},
			"faces": {
				"north": {"uv": [0.875, 5.375, 1.125, 6.25], "texture": "#0"},
				"east": {"uv": [0.75, 5.375, 0.875, 6.25], "texture": "#0"},
				"south": {"uv": [1.25, 5.375, 1.5, 6.25], "texture": "#0"},
				"west": {"uv": [1.125, 5.375, 1.25, 6.25], "texture": "#0"},
				"up": {"uv": [1.125, 5.375, 0.875, 5.25], "texture": "#0"},
				"down": {"uv": [1.375, 5.25, 1.125, 5.375], "texture": "#0"}
			}
		},
		{
			"from": [0, 5.25, -1.25],
			"to": [16, 6.75, 0],
			"faces": {
				"north": {"uv": [6.125, 0.875, 8.125, 1], "texture": "#0"},
				"east": {"uv": [6, 0.875, 6.125, 1], "texture": "#0"},
				"south": {"uv": [8.25, 0.875, 10.25, 1], "texture": "#0"},
				"west": {"uv": [8.125, 0.875, 8.25, 1], "texture": "#0"},
				"up": {"uv": [8.125, 0.875, 6.125, 0.75], "texture": "#0"},
				"down": {"uv": [10.125, 0.75, 8.125, 0.875], "texture": "#0"}
			}
		},
		{
			"from": [9, 9.25, -1],
			"to": [16, 11.25, 0.25],
			"faces": {
				"north": {"uv": [0.125, 0.125, 1, 0.375], "texture": "#0"},
				"east": {"uv": [0, 0.125, 0.125, 0.375], "texture": "#0"},
				"south": {"uv": [1.125, 0.125, 2, 0.375], "texture": "#0"},
				"west": {"uv": [1, 0.125, 1.125, 0.375], "texture": "#0"},
				"up": {"uv": [1, 0.125, 0.125, 0], "texture": "#0"},
				"down": {"uv": [1.875, 0, 1, 0.125], "texture": "#0"}
			}
		},
		{
			"from": [0, 9.25, -1],
			"to": [7, 11.25, 0.25],
			"faces": {
				"north": {"uv": [0.125, 0.5, 1, 0.75], "texture": "#0"},
				"east": {"uv": [0, 0.5, 0.125, 0.75], "texture": "#0"},
				"south": {"uv": [1.125, 0.5, 2, 0.75], "texture": "#0"},
				"west": {"uv": [1, 0.5, 1.125, 0.75], "texture": "#0"},
				"up": {"uv": [1, 0.5, 0.125, 0.375], "texture": "#0"},
				"down": {"uv": [1.875, 0.375, 1, 0.5], "texture": "#0"}
			}
		},
		{
			"from": [0, 15, 2.25],
			"to": [1, 21.5, 5],
			"rotation": {"angle": 22.5, "axis": "x", "origin": [8, 8, 9]},
			"faces": {
				"north": {"uv": [0.25, 5.5, 0.375, 6.25], "texture": "#0"},
				"east": {"uv": [0, 5.5, 0.25, 6.25], "texture": "#0"},
				"south": {"uv": [0.625, 5.5, 0.75, 6.25], "texture": "#0"},
				"west": {"uv": [0.375, 5.5, 0.625, 6.25], "texture": "#0"},
				"up": {"uv": [0.375, 5.5, 0.25, 5.25], "texture": "#0"},
				"down": {"uv": [0.5, 5.25, 0.375, 5.5], "texture": "#0"}
			}
		},
		{
			"from": [0, 17, 8],
			"to": [1, 23.25, 11],
			"faces": {
				"north": {"uv": [1.375, 1.125, 1.5, 1.875], "texture": "#0"},
				"east": {"uv": [1, 1.125, 1.375, 1.875], "texture": "#0"},
				"south": {"uv": [1.875, 1.125, 2, 1.875], "texture": "#0"},
				"west": {"uv": [1.5, 1.125, 1.875, 1.875], "texture": "#0"},
				"up": {"uv": [1.5, 1.125, 1.375, 0.75], "texture": "#0"},
				"down": {"uv": [1.625, 0.75, 1.5, 1.125], "texture": "#0"}
			}
		},
		{
			"from": [15, 15, 2.25],
			"to": [16, 21.5, 5],
			"rotation": {"angle": 22.5, "axis": "x", "origin": [23, 8, 9]},
			"faces": {
				"north": {"uv": [1, 4.25, 1.125, 5], "texture": "#0"},
				"east": {"uv": [0.75, 4.25, 1, 5], "texture": "#0"},
				"south": {"uv": [1.375, 4.25, 1.5, 5], "texture": "#0"},
				"west": {"uv": [1.125, 4.25, 1.375, 5], "texture": "#0"},
				"up": {"uv": [1.125, 4.25, 1, 4], "texture": "#0"},
				"down": {"uv": [1.25, 4, 1.125, 4.25], "texture": "#0"}
			}
		},
		{
			"from": [15, 17, 8],
			"to": [16, 23.25, 11],
			"faces": {
				"north": {"uv": [0.375, 1.125, 0.5, 1.875], "texture": "#0"},
				"east": {"uv": [0, 1.125, 0.375, 1.875], "texture": "#0"},
				"south": {"uv": [0.875, 1.125, 1, 1.875], "texture": "#0"},
				"west": {"uv": [0.5, 1.125, 0.875, 1.875], "texture": "#0"},
				"up": {"uv": [0.5, 1.125, 0.375, 0.75], "texture": "#0"},
				"down": {"uv": [0.625, 0.75, 0.5, 1.125], "texture": "#0"}
			}
		},
		{
			"from": [14.5, 16, 8.25],
			"to": [16.5, 22.25, 10.5],
			"faces": {
				"north": {"uv": [0.25, 3.25, 0.5, 4], "texture": "#0"},
				"east": {"uv": [0, 3.25, 0.25, 4], "texture": "#0"},
				"south": {"uv": [0.75, 3.25, 1, 4], "texture": "#0"},
				"west": {"uv": [0.5, 3.25, 0.75, 4], "texture": "#0"},
				"up": {"uv": [0.5, 3.25, 0.25, 3], "texture": "#0"},
				"down": {"uv": [0.75, 3, 0.5, 3.25], "texture": "#0"}
			}
		},
		{
			"from": [-0.5, 16, 8.25],
			"to": [1.5, 22.25, 10.5],
			"faces": {
				"north": {"uv": [1.25, 3.25, 1.5, 4], "texture": "#0"},
				"east": {"uv": [1, 3.25, 1.25, 4], "texture": "#0"},
				"south": {"uv": [1.75, 3.25, 2, 4], "texture": "#0"},
				"west": {"uv": [1.5, 3.25, 1.75, 4], "texture": "#0"},
				"up": {"uv": [1.5, 3.25, 1.25, 3], "texture": "#0"},
				"down": {"uv": [1.75, 3, 1.5, 3.25], "texture": "#0"}
			}
		}
	],
	"display": {
		"thirdperson_righthand": {
			"rotation": [50, 0, 0],
			"scale": [0.4, 0.4, 0.4]
		},
		"firstperson_righthand": {
			"scale": [0.5, 0.5, 0.5]
		},
		"ground": {
			"scale": [0.5, 0.5, 0.5]
		},
		"gui": {
			"rotation": [0, -164, 0],
			"translation": [0, -2, 0],
			"scale": [0.7, 0.7, 0.7]
		},
		"head": {
			"translation": [0, -1, 0],
			"scale": [0.91, 0.91, 0.91]
		}
	},
	"groups": [0, 1, 2, 3, 4, 5, 6, 7, 8, 9, 10, 11, 12,
		{
			"name": "group",
			"origin": [8, 8, 8],
			"children": [13, 14, 15, 16, 17]
		},
		{
			"name": "group",
			"origin": [8, 8, 8],
			"children": [18, 19]
		},
		{
			"name": "group",
			"origin": [8, 8, 8],
			"children": [20, 21, 22, 23]
		}
	]
}