{
	"credit": "ManaLabs Inc ",
	"texture_size": [128, 128],
	"textures": {
		"0": "item/wearables/beaver_hat",
		"particle": "item/wearables/beaver_hat"
	},
	"elements": [
		{
			"from": [0, 0, -3],
			"to": [16, 8, 11],
			"rotation": {"angle": 0, "axis": "y", "origin": [8, 8, 4]},
			"faces": {
				"north": {"uv": [1.375, 4, 3.375, 5], "texture": "#0"},
				"east": {"uv": [7, 0, 5.25, 1], "texture": "#0"},
				"south": {"uv": [1.375, 5, 3.375, 6], "texture": "#0"},
				"west": {"uv": [5.25, 0, 7, 1], "texture": "#0"},
				"up": {"uv": [2, 1.75, 0, 0], "texture": "#0"},
				"down": {"uv": [2, 1.75, 0, 3.5], "texture": "#0"}
			}
		},
		{
			"from": [0.99, -0.01, -4.01],
			"to": [15.01, 8.01, 12.01],
			"rotation": {"angle": 0, "axis": "y", "origin": [8, 8, 5]},
			"faces": {
				"north": {"uv": [5.25, 1, 7, 2], "texture": "#0"},
				"east": {"uv": [5.125, 5.125, 7.125, 6.125], "texture": "#0"},
				"south": {"uv": [5.25, 2, 7, 3], "texture": "#0"},
				"west": {"uv": [5.125, 3, 7.125, 4], "texture": "#0"},
				"up": {"uv": [3.75, 4, 2, 2], "texture": "#0"},
				"down": {"uv": [3.75, 0, 2, 2], "texture": "#0"}
			}
		},
		{
			"from": [4.49, -5.885, 10.94],
			"to": [11.51, 5.135, 14.96],
			"rotation": {"angle": -22.5, "axis": "x", "origin": [8, -0.375, 13.95]},
			"faces": {
				"north": {"uv": [0, 5.5, 0.875, 6.875], "texture": "#0"},
				"east": {"uv": [0.875, 5.5, 1.375, 6.875], "texture": "#0"},
				"south": {"uv": [3.375, 5.75, 4.25, 7.125], "texture": "#0"},
				"west": {"uv": [4.25, 5.75, 4.75, 7.125], "texture": "#0"},
				"up": {"uv": [3, 6.5, 2.125, 6], "texture": "#0"},
				"down": {"uv": [5.625, 6.125, 4.75, 6.625], "texture": "#0"}
			}
		},
		{
			"from": [2.74, -10.885, 12.94],
			"to": [13.76, 5.135, 12.96],
			"rotation": {"angle": -22.5, "axis": "x", "origin": [8, -0.375, 13.95]},
			"faces": {
				"north": {"uv": [0, 3.5, 1.375, 5.5], "texture": "#0"},
				"south": {"uv": [3.75, 3.75, 5.125, 5.75], "texture": "#0"}
			}
		},
		{
			"from": [5.49, -8.885, 11.94],
			"to": [10.51, -5.865, 14.96],
			"rotation": {"angle": -22.5, "axis": "x", "origin": [8, -0.375, 13.95]},
			"faces": {
				"north": {"uv": [7, 0, 7.625, 0.375], "texture": "#0"},
				"east": {"uv": [4.75, 5.75, 5.125, 6.125], "texture": "#0"},
				"south": {"uv": [7, 0, 7.625, 0.375], "texture": "#0"},
				"west": {"uv": [2.875, 6.5, 3.25, 6.875], "texture": "#0"},
				"up": {"uv": [7.625, 0.75, 7, 0.375], "texture": "#0"},
				"down": {"uv": [7.625, 0.75, 7, 1.125], "texture": "#0"}
			}
		},
		{
			"from": [-1.085, 3.99, -4.685],
			"to": [2.935, 8.01, -4.665],
			"rotation": {"angle": -22.5, "axis": "y", "origin": [0.925, 6, -4.675]},
			"faces": {
				"north": {"uv": [1.375, 3.5, 1.875, 4], "texture": "#0"},
				"south": {"uv": [4.5, 3, 5, 3.5], "texture": "#0"}
			}
		},
		{
			"from": [13.065, 3.99, -4.685],
			"to": [17.085, 8.01, -4.665],
			"rotation": {"angle": 22.5, "axis": "y", "origin": [15.075, 6, -4.675]},
			"faces": {
				"north": {"uv": [6.875, 4.25, 7.375, 4.75], "texture": "#0"},
				"south": {"uv": [7, 7, 7.5, 7.5], "texture": "#0"}
			}
		},
		{
			"from": [4.97, 0.97, -6.03],
			"to": [11.03, 5.03, -3.97],
			"rotation": {"angle": 0, "axis": "y", "origin": [9, 9, 5]},
			"faces": {
				"north": {"uv": [6.25, 6.625, 7, 7.125], "texture": "#0"},
				"east": {"uv": [6, 6.875, 6.25, 7.375], "texture": "#0"},
				"south": {"uv": [0, 6.875, 0.75, 7.375], "texture": "#0"},
				"west": {"uv": [7, 1.625, 7.25, 2.125], "texture": "#0"},
				"up": {"uv": [7.75, 1.375, 7, 1.125], "texture": "#0"},
				"down": {"uv": [7.75, 1.375, 7, 1.625], "texture": "#0"}
			}
		},
		{
			"from": [2.97, 6.47, -4.78],
			"to": [13.03, 8.53, -2.72],
			"rotation": {"angle": 0, "axis": "y", "origin": [9, 14.5, 6.25]},
			"faces": {
				"north": {"uv": [0.75, 6.875, 2, 7.125], "texture": "#0"},
				"east": {"uv": [4.875, 3.5, 5.125, 3.75], "texture": "#0"},
				"south": {"uv": [2, 6.875, 3.25, 7.125], "texture": "#0"},
				"west": {"uv": [1.5, 7.125, 1.75, 7.375], "texture": "#0"},
				"up": {"uv": [6, 7.125, 4.75, 6.875], "texture": "#0"},
				"down": {"uv": [8.125, 4, 6.875, 4.25], "texture": "#0"}
			}
		},
		{
			"from": [4.74, -2.76, -6.26],
			"to": [10.76, 2.26, -6.24],
			"rotation": {"angle": 22.5, "axis": "x", "origin": [8, -1.25, -6.25]},
			"faces": {
				"north": {"uv": [3.75, 3, 4.5, 3.625], "texture": "#0"},
				"south": {"uv": [1.375, 6, 2.125, 6.625], "texture": "#0"}
			}
		},
		{
			"from": [8.99, -0.01, -6.01],
			"to": [12.01, 4.01, -3.99],
			"rotation": {"angle": 0, "axis": "y", "origin": [9, 9, 5]},
			"faces": {
				"north": {"uv": [3.375, 4, 3.75, 4.5], "texture": "#0"},
				"east": {"uv": [7, 2.125, 7.25, 2.625], "texture": "#0"},
				"south": {"uv": [3.375, 4.5, 3.75, 5], "texture": "#0"},
				"west": {"uv": [0.75, 7.125, 1, 7.625], "texture": "#0"},
				"up": {"uv": [4.875, 3.75, 4.5, 3.5], "texture": "#0"},
				"down": {"uv": [3.75, 5.5, 3.375, 5.75], "texture": "#0"}
			}
		},
		{
			"from": [3.99, -0.01, -6.01],
			"to": [7.01, 4.01, -3.99],
			"rotation": {"angle": 0, "axis": "y", "origin": [2, 9, 5]},
			"faces": {
				"north": {"uv": [3.375, 5, 3.75, 5.5], "texture": "#0"},
				"east": {"uv": [1, 7.125, 1.25, 7.625], "texture": "#0"},
				"south": {"uv": [3, 6, 3.375, 6.5], "texture": "#0"},
				"west": {"uv": [1.25, 7.125, 1.5, 7.625], "texture": "#0"},
				"up": {"uv": [7.375, 2.875, 7, 2.625], "texture": "#0"},
				"down": {"uv": [7.375, 6.625, 7, 6.875], "texture": "#0"}
			}
		},
		{
			"from": [1.99, 7.99, -2.01],
			"to": [14.01, 10.01, 10.01],
			"rotation": {"angle": 0, "axis": "y", "origin": [8, 16, 5]},
			"faces": {
				"north": {"uv": [5.625, 6.125, 7.125, 6.375], "texture": "#0"},
				"east": {"uv": [6.25, 6.625, 4.75, 6.875], "texture": "#0"},
				"south": {"uv": [1.375, 6.625, 2.875, 6.875], "texture": "#0"},
				"west": {"uv": [4.75, 6.625, 6.25, 6.875], "texture": "#0"},
				"up": {"uv": [5.25, 1.5, 3.75, 0], "texture": "#0"},
				"down": {"uv": [5.25, 1.5, 3.75, 3], "texture": "#0"}
			}
		}
	],
	"display": {
		"thirdperson_righthand": {
			"rotation": [52, 30, 22],
			"translation": [0, -3, 0],
			"scale": [0.5, 0.5, 0.5]
		},
		"thirdperson_lefthand": {
			"rotation": [52, 30, 22],
			"translation": [0, -3, 0],
			"scale": [0.5, 0.5, 0.5]
		},
		"firstperson_righthand": {
			"rotation": [2, 130, -2],
			"translation": [8, 6.75, -11]
		},
		"firstperson_lefthand": {
			"rotation": [2, 130, -2],
			"translation": [8, 6.75, -11]
		},
		"gui": {
			"rotation": [0, -180, 0],
			"translation": [0, 6.5, 0]
		},
		"head": {
			"translation": [0, 8, 3.25]
		}
	}
}