{
	"credit": "Made with Blockbench",
	"texture_size": [64, 64],
	"textures": {
		"0": "item/wearables/valentinesbear",
		"particle": "item/wearables/valentinesbear"
	},
	"elements": [
		{
			"from": [0, 0, 0],
			"to": [16, 16, 16],
			"faces": {
				"north": {"uv": [0, 0, 4, 4], "texture": "#0"},
				"east": {"uv": [0, 4, 4, 8], "texture": "#0"},
				"south": {"uv": [4, 4, 8, 8], "texture": "#0"},
				"west": {"uv": [4, 0, 8, 4], "texture": "#0"},
				"up": {"uv": [0, 8, 4, 12], "texture": "#0"},
				"down": {"uv": [4, 8, 8, 12], "texture": "#0"}
			}
		},
		{
			"from": [-1, 1, 1],
			"to": [0, 9, 15],
			"faces": {
				"north": {"uv": [9.75, 12.5, 10, 14.5], "texture": "#0"},
				"east": {"uv": [8, 8, 11.5, 10], "texture": "#0"},
				"south": {"uv": [12.5, 12.75, 12.75, 14.75], "texture": "#0"},
				"west": {"uv": [8, 0, 11.5, 2], "texture": "#0"},
				"up": {"uv": [3.5, 12, 3.75, 15.5], "texture": "#0"},
				"down": {"uv": [3.75, 12, 4, 15.5], "texture": "#0"}
			}
		},
		{
			"from": [16, 1, 1],
			"to": [17, 9, 15],
			"faces": {
				"north": {"uv": [12.75, 12.75, 13, 14.75], "texture": "#0"},
				"east": {"uv": [8, 2, 11.5, 4], "texture": "#0"},
				"south": {"uv": [1.5, 13, 1.75, 15], "texture": "#0"},
				"west": {"uv": [8, 4, 11.5, 6], "texture": "#0"},
				"up": {"uv": [4, 12, 4.25, 15.5], "texture": "#0"},
				"down": {"uv": [4.25, 12, 4.5, 15.5], "texture": "#0"}
			}
		},
		{
			"from": [3, 2, -3],
			"to": [13, 8, 0],
			"faces": {
				"north": {"uv": [8, 6, 10.5, 7.5], "texture": "#0"},
				"east": {"uv": [0, 12, 0.75, 13.5], "texture": "#0"},
				"south": {"uv": [8, 10, 10.5, 11.5], "texture": "#0"},
				"west": {"uv": [0.75, 12, 1.5, 13.5], "texture": "#0"},
				"up": {"uv": [10, 11.5, 12.5, 12.25], "texture": "#0"},
				"down": {"uv": [11.5, 0, 14, 0.75], "texture": "#0"}
			}
		},
		{
			"from": [6, 6, -4],
			"to": [10, 8.5, 0],
			"faces": {
				"north": {"uv": [11.5, 9.75, 12.5, 10.5], "texture": "#0"},
				"east": {"uv": [4.5, 12, 5.5, 12.75], "texture": "#0"},
				"south": {"uv": [5.5, 12, 6.5, 12.75], "texture": "#0"},
				"west": {"uv": [6.5, 12, 7.5, 12.75], "texture": "#0"},
				"up": {"uv": [1.5, 12, 2.5, 13], "texture": "#0"},
				"down": {"uv": [2.5, 12, 3.5, 13], "texture": "#0"}
			}
		},
		{
			"from": [2.75, 7.5, -1],
			"to": [5.75, 10.5, 0],
			"rotation": {"angle": 0, "axis": "y", "origin": [4.23212, 9.00827, -0.49038]},
			"faces": {
				"north": {"uv": [7.75, 13.5, 8.5, 14.25], "texture": "#0"},
				"east": {"uv": [13, 2.25, 13.25, 2.75], "texture": "#0"},
				"south": {"uv": [2.75, 13, 3.25, 13.5], "texture": "#0"},
				"west": {"uv": [13, 2.75, 13.25, 3.25], "texture": "#0"},
				"up": {"uv": [13, 3.25, 13.5, 3.5], "texture": "#0"},
				"down": {"uv": [13, 3.5, 13.5, 3.75], "texture": "#0"}
			}
		},
		{
			"from": [10.25, 7.5, -1],
			"to": [13.25, 10.5, 0],
			"rotation": {"angle": 0, "axis": "y", "origin": [8, 7.25, 8]},
			"faces": {
				"north": {"uv": [7.75, 13.5, 8.5, 14.25], "texture": "#0"},
				"east": {"uv": [13, 3.75, 13.25, 4.25], "texture": "#0"},
				"south": {"uv": [8, 13, 8.5, 13.5], "texture": "#0"},
				"west": {"uv": [13, 4.25, 13.25, 4.75], "texture": "#0"},
				"up": {"uv": [13, 4.75, 13.5, 5], "texture": "#0"},
				"down": {"uv": [13, 5, 13.5, 5.25], "texture": "#0"}
			}
		},
		{
			"from": [18.5, 19.25, 6],
			"to": [24.5, 21.25, 10],
			"rotation": {"angle": -45, "axis": "z", "origin": [13.97097, 22.63719, 7.01687]},
			"faces": {
				"north": {"uv": [8, 7.5, 9.5, 8], "texture": "#0"},
				"east": {"uv": [9.5, 7.5, 10.5, 8], "texture": "#0"},
				"south": {"uv": [11.5, 12.25, 13, 12.75], "texture": "#0"},
				"west": {"uv": [10.5, 10, 11.5, 10.5], "texture": "#0"},
				"up": {"uv": [11.5, 2.25, 13, 3.25], "texture": "#0"},
				"down": {"uv": [11.5, 3.25, 13, 4.25], "texture": "#0"}
			}
		},
		{
			"from": [17.5, 14.25, 6],
			"to": [19.5, 19.25, 7],
			"rotation": {"angle": -45, "axis": "z", "origin": [13.97097, 22.63719, 7.01687]},
			"faces": {
				"north": {"uv": [12.5, 9.75, 13, 11], "texture": "#0"},
				"east": {"uv": [1.75, 13, 2, 14.25], "texture": "#0"},
				"south": {"uv": [12.5, 11, 13, 12.25], "texture": "#0"},
				"west": {"uv": [2, 13, 2.25, 14.25], "texture": "#0"},
				"up": {"uv": [13, 8, 13.5, 8.25], "texture": "#0"},
				"down": {"uv": [13, 8.25, 13.5, 8.5], "texture": "#0"}
			}
		},
		{
			"from": [23.5, 15.25, 6],
			"to": [25.5, 19.25, 7],
			"rotation": {"angle": -45, "axis": "z", "origin": [13.97097, 22.63719, 7.01687]},
			"faces": {
				"north": {"uv": [5.5, 12.75, 6, 13.75], "texture": "#0"},
				"east": {"uv": [3.25, 13, 3.5, 14], "texture": "#0"},
				"south": {"uv": [6, 12.75, 6.5, 13.75], "texture": "#0"},
				"west": {"uv": [8.5, 13, 8.75, 14], "texture": "#0"},
				"up": {"uv": [13, 8.5, 13.5, 8.75], "texture": "#0"},
				"down": {"uv": [13, 8.75, 13.5, 9], "texture": "#0"}
			}
		},
		{
			"from": [17.5, 15.25, 7],
			"to": [25.5, 19.25, 10],
			"rotation": {"angle": -45, "axis": "z", "origin": [13.97097, 22.63719, 7.01687]},
			"faces": {
				"north": {"uv": [10.5, 10.5, 12.5, 11.5], "texture": "#0"},
				"east": {"uv": [10, 12.25, 10.75, 13.25], "texture": "#0"},
				"south": {"uv": [10.5, 6, 12.5, 7], "texture": "#0"},
				"west": {"uv": [10.75, 12.25, 11.5, 13.25], "texture": "#0"},
				"up": {"uv": [11.5, 0.75, 13.5, 1.5], "texture": "#0"},
				"down": {"uv": [11.5, 1.5, 13.5, 2.25], "texture": "#0"}
			}
		},
		{
			"from": [-8.5, 19.25, 6],
			"to": [-2.5, 21.25, 10],
			"rotation": {"angle": 45, "axis": "z", "origin": [2.02903, 22.63719, 7.01687]},
			"faces": {
				"north": {"uv": [7.5, 12.5, 9, 13], "texture": "#0"},
				"east": {"uv": [12.5, 7.5, 13.5, 8], "texture": "#0"},
				"south": {"uv": [12.5, 6, 14, 6.5], "texture": "#0"},
				"west": {"uv": [6.5, 12.75, 7.5, 13.25], "texture": "#0"},
				"up": {"uv": [11.5, 4.25, 13, 5.25], "texture": "#0"},
				"down": {"uv": [11.5, 8, 13, 9], "texture": "#0"}
			}
		},
		{
			"from": [-3.5, 14.25, 6],
			"to": [-1.5, 19.25, 7],
			"rotation": {"angle": 45, "axis": "z", "origin": [2.02903, 22.63719, 7.01687]},
			"faces": {
				"north": {"uv": [4.5, 12.75, 5, 14], "texture": "#0"},
				"east": {"uv": [2.25, 13, 2.5, 14.25], "texture": "#0"},
				"south": {"uv": [5, 12.75, 5.5, 14], "texture": "#0"},
				"west": {"uv": [2.5, 13, 2.75, 14.25], "texture": "#0"},
				"up": {"uv": [13, 9.75, 13.5, 10], "texture": "#0"},
				"down": {"uv": [13, 10, 13.5, 10.25], "texture": "#0"}
			}
		},
		{
			"from": [-9.5, 15.25, 6],
			"to": [-7.5, 19.25, 7],
			"rotation": {"angle": 45, "axis": "z", "origin": [2.02903, 22.63719, 7.01687]},
			"faces": {
				"north": {"uv": [11.5, 12.75, 12, 13.75], "texture": "#0"},
				"east": {"uv": [8.75, 13, 9, 14], "texture": "#0"},
				"south": {"uv": [12, 12.75, 12.5, 13.75], "texture": "#0"},
				"west": {"uv": [13, 13, 13.25, 14], "texture": "#0"},
				"up": {"uv": [13, 10.25, 13.5, 10.5], "texture": "#0"},
				"down": {"uv": [13, 10.5, 13.5, 10.75], "texture": "#0"}
			}
		},
		{
			"from": [-9.5, 15.25, 7],
			"to": [-1.5, 19.25, 10],
			"rotation": {"angle": 45, "axis": "z", "origin": [2.02903, 22.63719, 7.01687]},
			"faces": {
				"north": {"uv": [10.5, 7, 12.5, 8], "texture": "#0"},
				"east": {"uv": [9, 12.5, 9.75, 13.5], "texture": "#0"},
				"south": {"uv": [8, 11.5, 10, 12.5], "texture": "#0"},
				"west": {"uv": [12.5, 6.5, 13.25, 7.5], "texture": "#0"},
				"up": {"uv": [11.5, 5.25, 13.5, 6], "texture": "#0"},
				"down": {"uv": [11.5, 9, 13.5, 9.75], "texture": "#0"}
			}
		}
	],
	"display": {
		"thirdperson_righthand": {
			"rotation": [69, 21, 0],
			"translation": [0, -1.5, -2],
			"scale": [0.5, 0.5, 0.5]
		},
		"thirdperson_lefthand": {
			"rotation": [57, 12, 0],
			"translation": [-0.25, -2, -2.25],
			"scale": [0.5, 0.5, 0.5]
		},
		"firstperson_righthand": {
			"rotation": [-12, 111, -12],
			"translation": [3.5, 2.25, -3.75],
			"scale": [0.5, 0.5, 0.5]
		},
		"firstperson_lefthand": {
			"rotation": [-26, 123, 15],
			"translation": [3.5, 1.75, -3.75],
			"scale": [0.5, 0.5, 0.5]
		},
		"ground": {
			"translation": [0, 3, 0],
			"scale": [0.5, 0.5, 0.5]
		},
		"gui": {
			"rotation": [15, 154, 0],
			"translation": [0.25, 0, 0],
			"scale": [0.7, 0.7, 0.7]
		},
		"head": {
			"scale": [0.91, 0.91, 0.91]
		},
		"fixed": {
			"scale": [0.7, 0.7, 0.7]
		}
	},
	"groups": [0, 1, 2, 3, 4, 5, 6,
		{
			"name": "group",
			"origin": [13.97097, 23.63719, 7.01687],
			"children": [7, 8, 9, 10]
		},
		{
			"name": "group",
			"origin": [13.97097, 23.63719, 7.01687],
			"children": [11, 12, 13, 14]
		}
	]
}