{
	"credit": "Made with Blockbench",
	"textures": {
		"0": "item/kingdom/spawners/cores/pigcore",
		"particle": "item/kingdom/spawners/cores/pigcore"
	},
	"elements": [
		{
			"from": [0, 0, 0],
			"to": [16, 16, 0],
			"faces": {
				"north": {"uv": [0, 0, 16, 16], "texture": "#0"},
				"east": {"uv": [0, 0, 16, 16], "texture": "#0"},
				"south": {"uv": [0, 0, 16, 16], "texture": "#0"},
				"west": {"uv": [0, 0, 16, 16], "texture": "#0"},
				"up": {"uv": [0, 0, 16, 16], "texture": "#0"},
				"down": {"uv": [0, 0, 16, 16], "texture": "#0"}
			}
		}
	],
	"gui_light": "front",
	"display": {
		"thirdperson_righthand": {
			"translation": [0, 0, 4.25],
			"scale": [0.5, 0.5, 0.5]
		},
		"thirdperson_lefthand": {
			"translation": [0, 0, 4.25],
			"scale": [0.5, 0.5, 0.5]
		},
		"firstperson_righthand": {
			"rotation": [0, -44, 0],
			"translation": [5.5, 0, 0]
		},
		"firstperson_lefthand": {
			"rotation": [0, -44, 0],
			"translation": [5.5, 0, 0]
		},
		"ground": {
			"translation": [0, 5.75, 0]
		},
		"fixed": {
			"translation": [0, 0, 7.25]
		}
	}
}