{
	"credit": "Made with Blockbench",
	"textures": {
		"0": "newyear20_crate/wings",
		"particle": "newyear20_crate/wings"
	},
	"elements": [
		{
			"name": "wings_0",
			"from": [5, 0, 2.5],
			"to": [5.5, 0.5, 12],
			"faces": {
				"north": {"uv": [5.5, 2.5, 5, 3], "texture": "#0"},
				"east": {"uv": [5, 2.5, 5.5, 12], "rotation": 90, "texture": "#0"},
				"south": {"uv": [5, 11.5, 5.5, 12], "texture": "#0"},
				"west": {"uv": [5, 2.5, 5.5, 12], "rotation": 270, "texture": "#0"},
				"up": {"uv": [5, 2.5, 5.5, 12], "texture": "#0"},
				"down": {"uv": [5, 12, 5.5, 2.5], "texture": "#0"}
			}
		},
		{
			"name": "wings_1",
			"from": [10.5, 0, 2.5],
			"to": [11, 0.5, 12],
			"faces": {
				"north": {"uv": [11, 2.5, 10.5, 3], "texture": "#0"},
				"east": {"uv": [10.5, 2.5, 11, 12], "rotation": 90, "texture": "#0"},
				"south": {"uv": [10.5, 11.5, 11, 12], "texture": "#0"},
				"west": {"uv": [10.5, 2.5, 11, 12], "rotation": 270, "texture": "#0"},
				"up": {"uv": [10.5, 2.5, 11, 12], "texture": "#0"},
				"down": {"uv": [10.5, 12, 11, 2.5], "texture": "#0"}
			}
		},
		{
			"name": "wings_2",
			"from": [4.5, 0, 3],
			"to": [5, 0.5, 13],
			"faces": {
				"north": {"uv": [5, 3, 4.5, 3.5], "texture": "#0"},
				"east": {"uv": [4.5, 3, 5, 13], "rotation": 90, "texture": "#0"},
				"south": {"uv": [4.5, 12.5, 5, 13], "texture": "#0"},
				"west": {"uv": [4.5, 3, 5, 13], "rotation": 270, "texture": "#0"},
				"up": {"uv": [4.5, 3, 5, 13], "texture": "#0"},
				"down": {"uv": [4.5, 13, 5, 3], "texture": "#0"}
			}
		},
		{
			"name": "wings_3",
			"from": [5.5, 0, 3],
			"to": [6, 0.5, 11.5],
			"faces": {
				"north": {"uv": [6, 3, 5.5, 3.5], "texture": "#0"},
				"east": {"uv": [5.5, 3, 6, 11.5], "rotation": 90, "texture": "#0"},
				"south": {"uv": [5.5, 11, 6, 11.5], "texture": "#0"},
				"west": {"uv": [5.5, 3, 6, 11.5], "rotation": 270, "texture": "#0"},
				"up": {"uv": [5.5, 3, 6, 11.5], "texture": "#0"},
				"down": {"uv": [5.5, 11.5, 6, 3], "texture": "#0"}
			}
		},
		{
			"name": "wings_4",
			"from": [10, 0, 3],
			"to": [10.5, 0.5, 11.5],
			"faces": {
				"north": {"uv": [10.5, 3, 10, 3.5], "texture": "#0"},
				"east": {"uv": [10, 3, 10.5, 11.5], "rotation": 90, "texture": "#0"},
				"south": {"uv": [10, 11, 10.5, 11.5], "texture": "#0"},
				"west": {"uv": [10, 3, 10.5, 11.5], "rotation": 270, "texture": "#0"},
				"up": {"uv": [10, 3, 10.5, 11.5], "texture": "#0"},
				"down": {"uv": [10, 11.5, 10.5, 3], "texture": "#0"}
			}
		},
		{
			"name": "wings_5",
			"from": [11, 0, 3],
			"to": [11.5, 0.5, 13],
			"faces": {
				"north": {"uv": [11.5, 3, 11, 3.5], "texture": "#0"},
				"east": {"uv": [11, 3, 11.5, 13], "rotation": 90, "texture": "#0"},
				"south": {"uv": [11, 12.5, 11.5, 13], "texture": "#0"},
				"west": {"uv": [11, 3, 11.5, 13], "rotation": 270, "texture": "#0"},
				"up": {"uv": [11, 3, 11.5, 13], "texture": "#0"},
				"down": {"uv": [11, 13, 11.5, 3], "texture": "#0"}
			}
		},
		{
			"name": "wings_6",
			"from": [4, 0, 3.5],
			"to": [4.5, 0.5, 10.5],
			"faces": {
				"north": {"uv": [4.5, 3.5, 4, 4], "texture": "#0"},
				"east": {"uv": [4, 3.5, 4.5, 10.5], "rotation": 90, "texture": "#0"},
				"south": {"uv": [4, 10, 4.5, 10.5], "texture": "#0"},
				"west": {"uv": [4, 3.5, 4.5, 10.5], "rotation": 270, "texture": "#0"},
				"up": {"uv": [4, 3.5, 4.5, 10.5], "texture": "#0"},
				"down": {"uv": [4, 10.5, 4.5, 3.5], "texture": "#0"}
			}
		},
		{
			"name": "wings_7",
			"from": [11.5, 0, 3.5],
			"to": [12, 0.5, 10.5],
			"faces": {
				"north": {"uv": [12, 3.5, 11.5, 4], "texture": "#0"},
				"east": {"uv": [11.5, 3.5, 12, 10.5], "rotation": 90, "texture": "#0"},
				"south": {"uv": [11.5, 10, 12, 10.5], "texture": "#0"},
				"west": {"uv": [11.5, 3.5, 12, 10.5], "rotation": 270, "texture": "#0"},
				"up": {"uv": [11.5, 3.5, 12, 10.5], "texture": "#0"},
				"down": {"uv": [11.5, 10.5, 12, 3.5], "texture": "#0"}
			}
		},
		{
			"name": "wings_8",
			"from": [3.5, 0, 4],
			"to": [4, 0.5, 11],
			"faces": {
				"north": {"uv": [4, 4, 3.5, 4.5], "texture": "#0"},
				"east": {"uv": [3.5, 4, 4, 11], "rotation": 90, "texture": "#0"},
				"south": {"uv": [3.5, 10.5, 4, 11], "texture": "#0"},
				"west": {"uv": [3.5, 4, 4, 11], "rotation": 270, "texture": "#0"},
				"up": {"uv": [3.5, 4, 4, 11], "texture": "#0"},
				"down": {"uv": [3.5, 11, 4, 4], "texture": "#0"}
			}
		},
		{
			"name": "wings_9",
			"from": [6, 0, 4],
			"to": [6.5, 0.5, 9.5],
			"faces": {
				"north": {"uv": [6.5, 4, 6, 4.5], "texture": "#0"},
				"east": {"uv": [6, 4, 6.5, 9.5], "rotation": 90, "texture": "#0"},
				"south": {"uv": [6, 9, 6.5, 9.5], "texture": "#0"},
				"west": {"uv": [6, 4, 6.5, 9.5], "rotation": 270, "texture": "#0"},
				"up": {"uv": [6, 4, 6.5, 9.5], "texture": "#0"},
				"down": {"uv": [6, 9.5, 6.5, 4], "texture": "#0"}
			}
		},
		{
			"name": "wings_10",
			"from": [9.5, 0, 4],
			"to": [10, 0.5, 9.5],
			"faces": {
				"north": {"uv": [10, 4, 9.5, 4.5], "texture": "#0"},
				"east": {"uv": [9.5, 4, 10, 9.5], "rotation": 90, "texture": "#0"},
				"south": {"uv": [9.5, 9, 10, 9.5], "texture": "#0"},
				"west": {"uv": [9.5, 4, 10, 9.5], "rotation": 270, "texture": "#0"},
				"up": {"uv": [9.5, 4, 10, 9.5], "texture": "#0"},
				"down": {"uv": [9.5, 9.5, 10, 4], "texture": "#0"}
			}
		},
		{
			"name": "wings_11",
			"from": [12, 0, 4],
			"to": [12.5, 0.5, 11],
			"faces": {
				"north": {"uv": [12.5, 4, 12, 4.5], "texture": "#0"},
				"east": {"uv": [12, 4, 12.5, 11], "rotation": 90, "texture": "#0"},
				"south": {"uv": [12, 10.5, 12.5, 11], "texture": "#0"},
				"west": {"uv": [12, 4, 12.5, 11], "rotation": 270, "texture": "#0"},
				"up": {"uv": [12, 4, 12.5, 11], "texture": "#0"},
				"down": {"uv": [12, 11, 12.5, 4], "texture": "#0"}
			}
		},
		{
			"name": "wings_12",
			"from": [3, 0, 4.5],
			"to": [3.5, 0.5, 11.5],
			"faces": {
				"north": {"uv": [3.5, 4.5, 3, 5], "texture": "#0"},
				"east": {"uv": [3, 4.5, 3.5, 11.5], "rotation": 90, "texture": "#0"},
				"south": {"uv": [3, 11, 3.5, 11.5], "texture": "#0"},
				"west": {"uv": [3, 4.5, 3.5, 11.5], "rotation": 270, "texture": "#0"},
				"up": {"uv": [3, 4.5, 3.5, 11.5], "texture": "#0"},
				"down": {"uv": [3, 11.5, 3.5, 4.5], "texture": "#0"}
			}
		},
		{
			"name": "wings_13",
			"from": [6.5, 0, 4.5],
			"to": [7, 0.5, 6],
			"faces": {
				"north": {"uv": [7, 4.5, 6.5, 5], "texture": "#0"},
				"east": {"uv": [6.5, 4.5, 7, 6], "rotation": 90, "texture": "#0"},
				"south": {"uv": [6.5, 5.5, 7, 6], "texture": "#0"},
				"west": {"uv": [6.5, 4.5, 7, 6], "rotation": 270, "texture": "#0"},
				"up": {"uv": [6.5, 4.5, 7, 6], "texture": "#0"},
				"down": {"uv": [6.5, 6, 7, 4.5], "texture": "#0"}
			}
		},
		{
			"name": "wings_14",
			"from": [9, 0, 4.5],
			"to": [9.5, 0.5, 6],
			"faces": {
				"north": {"uv": [9.5, 4.5, 9, 5], "texture": "#0"},
				"east": {"uv": [9, 4.5, 9.5, 6], "rotation": 90, "texture": "#0"},
				"south": {"uv": [9, 5.5, 9.5, 6], "texture": "#0"},
				"west": {"uv": [9, 4.5, 9.5, 6], "rotation": 270, "texture": "#0"},
				"up": {"uv": [9, 4.5, 9.5, 6], "texture": "#0"},
				"down": {"uv": [9, 6, 9.5, 4.5], "texture": "#0"}
			}
		},
		{
			"name": "wings_15",
			"from": [12.5, 0, 4.5],
			"to": [13, 0.5, 11.5],
			"faces": {
				"north": {"uv": [13, 4.5, 12.5, 5], "texture": "#0"},
				"east": {"uv": [12.5, 4.5, 13, 11.5], "rotation": 90, "texture": "#0"},
				"south": {"uv": [12.5, 11, 13, 11.5], "texture": "#0"},
				"west": {"uv": [12.5, 4.5, 13, 11.5], "rotation": 270, "texture": "#0"},
				"up": {"uv": [12.5, 4.5, 13, 11.5], "texture": "#0"},
				"down": {"uv": [12.5, 11.5, 13, 4.5], "texture": "#0"}
			}
		},
		{
			"name": "wings_16",
			"from": [2.5, 0, 5],
			"to": [3, 0.5, 9.5],
			"faces": {
				"north": {"uv": [3, 5, 2.5, 5.5], "texture": "#0"},
				"east": {"uv": [2.5, 5, 3, 9.5], "rotation": 90, "texture": "#0"},
				"south": {"uv": [2.5, 9, 3, 9.5], "texture": "#0"},
				"west": {"uv": [2.5, 5, 3, 9.5], "rotation": 270, "texture": "#0"},
				"up": {"uv": [2.5, 5, 3, 9.5], "texture": "#0"},
				"down": {"uv": [2.5, 9.5, 3, 5], "texture": "#0"}
			}
		},
		{
			"name": "wings_17",
			"from": [7, 0, 5],
			"to": [9, 0.5, 6.5],
			"faces": {
				"north": {"uv": [9, 5, 7, 5.5], "texture": "#0"},
				"east": {"uv": [8.5, 5, 9, 6.5], "rotation": 90, "texture": "#0"},
				"south": {"uv": [7, 6, 9, 6.5], "texture": "#0"},
				"west": {"uv": [7, 5, 7.5, 6.5], "rotation": 270, "texture": "#0"},
				"up": {"uv": [7, 5, 9, 6.5], "texture": "#0"},
				"down": {"uv": [7, 6.5, 9, 5], "texture": "#0"}
			}
		},
		{
			"name": "wings_18",
			"from": [13, 0, 5],
			"to": [13.5, 0.5, 9.5],
			"faces": {
				"north": {"uv": [13.5, 5, 13, 5.5], "texture": "#0"},
				"east": {"uv": [13, 5, 13.5, 9.5], "rotation": 90, "texture": "#0"},
				"south": {"uv": [13, 9, 13.5, 9.5], "texture": "#0"},
				"west": {"uv": [13, 5, 13.5, 9.5], "rotation": 270, "texture": "#0"},
				"up": {"uv": [13, 5, 13.5, 9.5], "texture": "#0"},
				"down": {"uv": [13, 9.5, 13.5, 5], "texture": "#0"}
			}
		},
		{
			"name": "wings_19",
			"from": [2, 0, 5.5],
			"to": [2.5, 0.5, 10.5],
			"faces": {
				"north": {"uv": [2.5, 5.5, 2, 6], "texture": "#0"},
				"east": {"uv": [2, 5.5, 2.5, 10.5], "rotation": 90, "texture": "#0"},
				"south": {"uv": [2, 10, 2.5, 10.5], "texture": "#0"},
				"west": {"uv": [2, 5.5, 2.5, 10.5], "rotation": 270, "texture": "#0"},
				"up": {"uv": [2, 5.5, 2.5, 10.5], "texture": "#0"},
				"down": {"uv": [2, 10.5, 2.5, 5.5], "texture": "#0"}
			}
		},
		{
			"name": "wings_20",
			"from": [13.5, 0, 5.5],
			"to": [14, 0.5, 10.5],
			"faces": {
				"north": {"uv": [14, 5.5, 13.5, 6], "texture": "#0"},
				"east": {"uv": [13.5, 5.5, 14, 10.5], "rotation": 90, "texture": "#0"},
				"south": {"uv": [13.5, 10, 14, 10.5], "texture": "#0"},
				"west": {"uv": [13.5, 5.5, 14, 10.5], "rotation": 270, "texture": "#0"},
				"up": {"uv": [13.5, 5.5, 14, 10.5], "texture": "#0"},
				"down": {"uv": [13.5, 10.5, 14, 5.5], "texture": "#0"}
			}
		},
		{
			"name": "wings_21",
			"from": [1.5, 0, 6],
			"to": [2, 0.5, 11],
			"faces": {
				"north": {"uv": [2, 6, 1.5, 6.5], "texture": "#0"},
				"east": {"uv": [1.5, 6, 2, 11], "rotation": 90, "texture": "#0"},
				"south": {"uv": [1.5, 10.5, 2, 11], "texture": "#0"},
				"west": {"uv": [1.5, 6, 2, 11], "rotation": 270, "texture": "#0"},
				"up": {"uv": [1.5, 6, 2, 11], "texture": "#0"},
				"down": {"uv": [1.5, 11, 2, 6], "texture": "#0"}
			}
		},
		{
			"name": "wings_22",
			"from": [14, 0, 6],
			"to": [14.5, 0.5, 11],
			"faces": {
				"north": {"uv": [14.5, 6, 14, 6.5], "texture": "#0"},
				"east": {"uv": [14, 6, 14.5, 11], "rotation": 90, "texture": "#0"},
				"south": {"uv": [14, 10.5, 14.5, 11], "texture": "#0"},
				"west": {"uv": [14, 6, 14.5, 11], "rotation": 270, "texture": "#0"},
				"up": {"uv": [14, 6, 14.5, 11], "texture": "#0"},
				"down": {"uv": [14, 11, 14.5, 6], "texture": "#0"}
			}
		},
		{
			"name": "wings_23",
			"from": [7.5, 0, 6.5],
			"to": [8.5, 0.5, 7],
			"faces": {
				"north": {"uv": [8.5, 6.5, 7.5, 7], "texture": "#0"},
				"east": {"uv": [8, 6.5, 8.5, 7], "rotation": 90, "texture": "#0"},
				"south": {"uv": [7.5, 6.5, 8.5, 7], "texture": "#0"},
				"west": {"uv": [7.5, 6.5, 8, 7], "rotation": 270, "texture": "#0"},
				"up": {"uv": [7.5, 6.5, 8.5, 7], "texture": "#0"},
				"down": {"uv": [7.5, 7, 8.5, 6.5], "texture": "#0"}
			}
		},
		{
			"name": "wings_24",
			"from": [1, 0, 7],
			"to": [1.5, 0.5, 11.5],
			"faces": {
				"north": {"uv": [1.5, 7, 1, 7.5], "texture": "#0"},
				"east": {"uv": [1, 7, 1.5, 11.5], "rotation": 90, "texture": "#0"},
				"south": {"uv": [1, 11, 1.5, 11.5], "texture": "#0"},
				"west": {"uv": [1, 7, 1.5, 11.5], "rotation": 270, "texture": "#0"},
				"up": {"uv": [1, 7, 1.5, 11.5], "texture": "#0"},
				"down": {"uv": [1, 11.5, 1.5, 7], "texture": "#0"}
			}
		},
		{
			"name": "wings_25",
			"from": [14.5, 0, 7],
			"to": [15, 0.5, 11.5],
			"faces": {
				"north": {"uv": [15, 7, 14.5, 7.5], "texture": "#0"},
				"east": {"uv": [14.5, 7, 15, 11.5], "rotation": 90, "texture": "#0"},
				"south": {"uv": [14.5, 11, 15, 11.5], "texture": "#0"},
				"west": {"uv": [14.5, 7, 15, 11.5], "rotation": 270, "texture": "#0"},
				"up": {"uv": [14.5, 7, 15, 11.5], "texture": "#0"},
				"down": {"uv": [14.5, 11.5, 15, 7], "texture": "#0"}
			}
		},
		{
			"name": "wings_26",
			"from": [0.5, 0, 8],
			"to": [1, 0.5, 12],
			"faces": {
				"north": {"uv": [1, 8, 0.5, 8.5], "texture": "#0"},
				"east": {"uv": [0.5, 8, 1, 12], "rotation": 90, "texture": "#0"},
				"south": {"uv": [0.5, 11.5, 1, 12], "texture": "#0"},
				"west": {"uv": [0.5, 8, 1, 12], "rotation": 270, "texture": "#0"},
				"up": {"uv": [0.5, 8, 1, 12], "texture": "#0"},
				"down": {"uv": [0.5, 12, 1, 8], "texture": "#0"}
			}
		},
		{
			"name": "wings_27",
			"from": [15, 0, 8],
			"to": [15.5, 0.5, 12],
			"faces": {
				"north": {"uv": [15.5, 8, 15, 8.5], "texture": "#0"},
				"east": {"uv": [15, 8, 15.5, 12], "rotation": 90, "texture": "#0"},
				"south": {"uv": [15, 11.5, 15.5, 12], "texture": "#0"},
				"west": {"uv": [15, 8, 15.5, 12], "rotation": 270, "texture": "#0"},
				"up": {"uv": [15, 8, 15.5, 12], "texture": "#0"},
				"down": {"uv": [15, 12, 15.5, 8], "texture": "#0"}
			}
		},
		{
			"name": "wings_28",
			"from": [0, 0, 9],
			"to": [0.5, 0.5, 13],
			"faces": {
				"north": {"uv": [0.5, 9, 0, 9.5], "texture": "#0"},
				"east": {"uv": [0, 9, 0.5, 13], "rotation": 90, "texture": "#0"},
				"south": {"uv": [0, 12.5, 0.5, 13], "texture": "#0"},
				"west": {"uv": [0, 9, 0.5, 13], "rotation": 270, "texture": "#0"},
				"up": {"uv": [0, 9, 0.5, 13], "texture": "#0"},
				"down": {"uv": [0, 13, 0.5, 9], "texture": "#0"}
			}
		},
		{
			"name": "wings_29",
			"from": [15.5, 0, 9],
			"to": [16, 0.5, 13],
			"faces": {
				"north": {"uv": [16, 9, 15.5, 9.5], "texture": "#0"},
				"east": {"uv": [15.5, 9, 16, 13], "rotation": 90, "texture": "#0"},
				"south": {"uv": [15.5, 12.5, 16, 13], "texture": "#0"},
				"west": {"uv": [15.5, 9, 16, 13], "rotation": 270, "texture": "#0"},
				"up": {"uv": [15.5, 9, 16, 13], "texture": "#0"},
				"down": {"uv": [15.5, 13, 16, 9], "texture": "#0"}
			}
		},
		{
			"name": "wings_30",
			"from": [2.5, 0, 11.5],
			"to": [3, 0.5, 12],
			"faces": {
				"north": {"uv": [3, 11.5, 2.5, 12], "texture": "#0"},
				"east": {"uv": [2.5, 11.5, 3, 12], "rotation": 90, "texture": "#0"},
				"south": {"uv": [2.5, 11.5, 3, 12], "texture": "#0"},
				"west": {"uv": [2.5, 11.5, 3, 12], "rotation": 270, "texture": "#0"},
				"up": {"uv": [2.5, 11.5, 3, 12], "texture": "#0"},
				"down": {"uv": [2.5, 12, 3, 11.5], "texture": "#0"}
			}
		},
		{
			"name": "wings_31",
			"from": [13, 0, 11.5],
			"to": [13.5, 0.5, 12],
			"faces": {
				"north": {"uv": [13.5, 11.5, 13, 12], "texture": "#0"},
				"east": {"uv": [13, 11.5, 13.5, 12], "rotation": 90, "texture": "#0"},
				"south": {"uv": [13, 11.5, 13.5, 12], "texture": "#0"},
				"west": {"uv": [13, 11.5, 13.5, 12], "rotation": 270, "texture": "#0"},
				"up": {"uv": [13, 11.5, 13.5, 12], "texture": "#0"},
				"down": {"uv": [13, 12, 13.5, 11.5], "texture": "#0"}
			}
		}
	],
	"gui_light": "front",
	"display": {
		"thirdperson_righthand": {
			"rotation": [90, 0, 0],
			"translation": [0, -0.75, 6],
			"scale": [0.7, 0.7, 0.7]
		},
		"thirdperson_lefthand": {
			"rotation": [90, 0, 0],
			"translation": [0, -0.75, 6],
			"scale": [0.7, 0.7, 0.7]
		},
		"firstperson_righthand": {
			"rotation": [61, 16, 59]
		},
		"firstperson_lefthand": {
			"rotation": [61, 16, 59]
		},
		"ground": {
			"translation": [0, 5, 0]
		},
		"gui": {
			"rotation": [100, 0, 0],
			"translation": [0, -1, 0]
		}
	},
	"groups": [
		{
			"name": "wings",
			"origin": [8, 8, 8],
			"children": [0, 1, 2, 3, 4, 5, 6, 7, 8, 9, 10, 11, 12, 13, 14, 15, 16, 17, 18, 19, 20, 21, 22, 23, 24, 25, 26, 27, 28, 29, 30, 31]
		}
	]
}