{
  "file_name": "leg",
  "texture_size": [
    64,
    64
  ],
  "textures": {
    "layer0": "manamodels:entity/easter_bunny"
  },
  "elements": [
    {
      "name": "leg_0",
      "from": [
        7.444424,
        5.376668,
        6.8
      ],
      "to": [
        11.644424,
        5.976668,
        8.0
      ],
      "rotation": {
        "angle": 0.0,
        "axis": "z",
        "origin": [
          8.0,
          8.0,
          8.0
        ]
      },
      "faces": {
        "east": {
          "uv": [
            1.75,
            3.5,
            2.25,
            3.75
          ],
          "texture": "#layer0",
          "tintindex": 0
        },
        "south": {
          "uv": [
            8.75,
            3.25,
            10.5,
            3.5
          ],
          "texture": "#layer0",
          "tintindex": 0
        },
        "north": {
          "uv": [
            7.5,
            7.0,
            9.25,
            7.25
          ],
          "texture": "#layer0",
          "tintindex": 0
        },
        "west": {
          "uv": [
            1.0,
            10.25,
            1.5,
            10.5
          ],
          "texture": "#layer0",
          "tintindex": 0
        },
        "up": {
          "uv": [
            4.25,
            2.0,
            2.5,
            1.5
          ],
          "texture": "#layer0",
          "tintindex": 0
        },
        "down": {
          "uv": [
            7.5,
            7.5,
            9.25,
            8.0
          ],
          "texture": "#layer0",
          "tintindex": 0
        }
      }
    },
    {
      "name": "leg_1",
      "from": [
        7.4,
        7.4,
        6.8
      ],
      "to": [
        10.4,
        9.8,
        8.0
      ],
      "rotation": {
        "angle": 22.5,
        "axis": "z",
        "origin": [
          11.0,
          6.8,
          6.8
        ]
      },
      "faces": {
        "east": {
          "uv": [
            8.75,
            2.0,
            9.25,
            3.0
          ],
          "texture": "#layer0",
          "tintindex": 0
        },
        "south": {
          "uv": [
            4.5,
            6.5,
            5.75,
            7.5
          ],
          "texture": "#layer0",
          "tintindex": 0
        },
        "north": {
          "uv": [
            0.0,
            6.5,
            1.25,
            7.5
          ],
          "texture": "#layer0",
          "tintindex": 0
        },
        "west": {
          "uv": [
            1.5,
            9.0,
            2.0,
            10.0
          ],
          "texture": "#layer0",
          "tintindex": 0
        },
        "up": {
          "uv": [
            9.25,
            5.25,
            8.0,
            4.75
          ],
          "texture": "#layer0",
          "tintindex": 0
        },
        "down": {
          "uv": [
            8.0,
            5.5,
            9.25,
            6.0
          ],
          "texture": "#layer0",
          "tintindex": 0
        }
      }
    },
    {
      "name": "leg_2",
      "from": [
        7.4,
        6.8,
        7.1
      ],
      "to": [
        8.6,
        7.4,
        7.7
      ],
      "rotation": {
        "angle": 22.5,
        "axis": "z",
        "origin": [
          11.0,
          6.8,
          6.8
        ]
      },
      "faces": {
        "east": {
          "uv": [
            7.0,
            7.75,
            7.25,
            8.0
          ],
          "texture": "#layer0",
          "tintindex": 0
        },
        "south": {
          "uv": [
            6.75,
            10.25,
            7.25,
            10.5
          ],
          "texture": "#layer0",
          "tintindex": 0
        },
        "north": {
          "uv": [
            1.75,
            10.25,
            2.25,
            10.5
          ],
          "texture": "#layer0",
          "tintindex": 0
        },
        "west": {
          "uv": [
            1.0,
            9.75,
            1.25,
            10.0
          ],
          "texture": "#layer0",
          "tintindex": 0
        },
        "up": {
          "uv": [
            10.75,
            2.25,
            10.25,
            2.0
          ],
          "texture": "#layer0",
          "tintindex": 0
        },
        "down": {
          "uv": [
            10.25,
            2.5,
            10.75,
            2.75
          ],
          "texture": "#layer0",
          "tintindex": 0
        }
      }
    }
  ],
  "display": {
    "head": {
      "translation": [
        0.0,
        -6.4,
        0.0
      ],
      "rotation": [
        0.0,
        0.0,
        0.0
      ],
      "scale": [
        3.8095,
        3.8095,
        3.8095
      ]
    },
    "gui": {
      "translation": [
        0.0,
        0.0,
        0.0
      ],
      "rotation": [
        35.0,
        225.0,
        0.0
      ],
      "scale": [
        0.625,
        0.625,
        0.625
      ]
    }
  }
}