{
	"credit": "Made with Blockbench",
	"texture_size": [128, 128],
	"textures": {
		"1": "furniture/livingroom/bookshelf/traditional/bookeshelf"
	},
	"elements": [
		{
			"from": [3.825, 13, 6.375],
			"to": [4.325, 16.5, 8.875],
			"rotation": {"angle": 0, "axis": "y", "origin": [4.325, 13, 8.875]},
			"faces": {
				"north": {"uv": [12.375, 5.125, 12.5, 6], "texture": "#1"},
				"east": {"uv": [11.75, 5.125, 12.375, 6], "texture": "#1"},
				"south": {"uv": [13.125, 5.125, 13.25, 6], "texture": "#1"},
				"west": {"uv": [12.5, 5.125, 13.125, 6], "texture": "#1"},
				"up": {"uv": [12.5, 5.125, 12.375, 4.5], "texture": "#1"},
				"down": {"uv": [12.625, 4.5, 12.5, 5.125], "texture": "#1"}
			}
		},
		{
			"from": [4.325, 13, 6.75],
			"to": [5.325, 17, 9.25],
			"rotation": {"angle": 0, "axis": "y", "origin": [4.825, 13, 9.25]},
			"faces": {
				"north": {"uv": [10.75, 6, 11, 7], "texture": "#1"},
				"east": {"uv": [10.125, 6, 10.75, 7], "texture": "#1"},
				"south": {"uv": [11.625, 6, 11.875, 7], "texture": "#1"},
				"west": {"uv": [11, 6, 11.625, 7], "texture": "#1"},
				"up": {"uv": [11, 6, 10.75, 5.375], "texture": "#1"},
				"down": {"uv": [11.25, 5.375, 11, 6], "texture": "#1"}
			}
		},
		{
			"from": [5.325, 13, 6.25],
			"to": [6.325, 16.5, 8.75],
			"rotation": {"angle": 0, "axis": "y", "origin": [5.825, 13, 8.75]},
			"faces": {
				"north": {"uv": [10.75, 8.5, 11, 9.375], "texture": "#1"},
				"east": {"uv": [10.125, 8.5, 10.75, 9.375], "texture": "#1"},
				"south": {"uv": [11.625, 8.5, 11.875, 9.375], "texture": "#1"},
				"west": {"uv": [11, 8.5, 11.625, 9.375], "texture": "#1"},
				"up": {"uv": [11, 8.5, 10.75, 7.875], "texture": "#1"},
				"down": {"uv": [11.25, 7.875, 11, 8.5], "texture": "#1"}
			}
		},
		{
			"from": [6.25, 13, 6],
			"to": [6.75, 17, 8.5],
			"rotation": {"angle": 0, "axis": "y", "origin": [6.75, 13, 6]},
			"faces": {
				"north": {"uv": [11.875, 12, 12, 13], "texture": "#1"},
				"east": {"uv": [11.25, 12, 11.875, 13], "texture": "#1"},
				"south": {"uv": [12.625, 12, 12.75, 13], "texture": "#1"},
				"west": {"uv": [12, 12, 12.625, 13], "texture": "#1"},
				"up": {"uv": [12, 12, 11.875, 11.375], "texture": "#1"},
				"down": {"uv": [12.125, 11.375, 12, 12], "texture": "#1"}
			}
		},
		{
			"from": [6.75, 13, 6.25],
			"to": [7.75, 17.5, 8.75],
			"rotation": {"angle": 0, "axis": "y", "origin": [7.25, 13, 6.25]},
			"faces": {
				"north": {"uv": [9.625, 7.375, 9.875, 8.5], "texture": "#1"},
				"east": {"uv": [9, 7.375, 9.625, 8.5], "texture": "#1"},
				"south": {"uv": [10.5, 7.375, 10.75, 8.5], "texture": "#1"},
				"west": {"uv": [9.875, 7.375, 10.5, 8.5], "texture": "#1"},
				"up": {"uv": [9.875, 7.375, 9.625, 6.75], "texture": "#1"},
				"down": {"uv": [10.125, 6.75, 9.875, 7.375], "texture": "#1"}
			}
		},
		{
			"from": [7.75, 13, 6.625],
			"to": [8.25, 16, 9.125],
			"rotation": {"angle": 0, "axis": "y", "origin": [8.25, 13, 6.625]},
			"faces": {
				"north": {"uv": [13.375, 11.375, 13.5, 12.125], "texture": "#1"},
				"east": {"uv": [12.75, 11.375, 13.375, 12.125], "texture": "#1"},
				"south": {"uv": [14.125, 11.375, 14.25, 12.125], "texture": "#1"},
				"west": {"uv": [13.5, 11.375, 14.125, 12.125], "texture": "#1"},
				"up": {"uv": [13.5, 11.375, 13.375, 10.75], "texture": "#1"},
				"down": {"uv": [13.625, 10.75, 13.5, 11.375], "texture": "#1"}
			}
		},
		{
			"from": [8.25, 13, 6.125],
			"to": [8.75, 16.5, 8.625],
			"rotation": {"angle": 0, "axis": "y", "origin": [8.75, 13, 6.125]},
			"faces": {
				"north": {"uv": [8.5, 12.375, 8.625, 13.25], "texture": "#1"},
				"east": {"uv": [7.875, 12.375, 8.5, 13.25], "texture": "#1"},
				"south": {"uv": [9.25, 12.375, 9.375, 13.25], "texture": "#1"},
				"west": {"uv": [8.625, 12.375, 9.25, 13.25], "texture": "#1"},
				"up": {"uv": [8.625, 12.375, 8.5, 11.75], "texture": "#1"},
				"down": {"uv": [8.75, 11.75, 8.625, 12.375], "texture": "#1"}
			}
		},
		{
			"from": [12.5, 15, 6.625],
			"to": [16.5, 15.5, 9.625],
			"rotation": {"angle": 0, "axis": "y", "origin": [16, 15, 7.125]},
			"faces": {
				"north": {"uv": [0.75, 7, 1.75, 7.125], "texture": "#1"},
				"east": {"uv": [0, 7, 0.75, 7.125], "texture": "#1"},
				"south": {"uv": [2.5, 7, 3.5, 7.125], "texture": "#1"},
				"west": {"uv": [1.75, 7, 2.5, 7.125], "texture": "#1"},
				"up": {"uv": [1.75, 7, 0.75, 6.25], "texture": "#1"},
				"down": {"uv": [2.75, 6.25, 1.75, 7], "texture": "#1"}
			}
		},
		{
			"from": [11.5, 14.5, 6.625],
			"to": [15, 15, 8.625],
			"rotation": {"angle": 0, "axis": "y", "origin": [14.5, 14.5, 6.125]},
			"faces": {
				"north": {"uv": [9, 4, 9.875, 4.125], "texture": "#1"},
				"east": {"uv": [8.5, 4, 9, 4.125], "texture": "#1"},
				"south": {"uv": [10.375, 4, 11.25, 4.125], "texture": "#1"},
				"west": {"uv": [9.875, 4, 10.375, 4.125], "texture": "#1"},
				"up": {"uv": [9.875, 4, 9, 3.5], "texture": "#1"},
				"down": {"uv": [10.75, 3.5, 9.875, 4], "texture": "#1"}
			}
		},
		{
			"from": [12.5, 14, 6.125],
			"to": [16.5, 14.5, 9.125],
			"rotation": {"angle": 0, "axis": "y", "origin": [16, 14, 6.625]},
			"faces": {
				"north": {"uv": [6.5, 4.75, 7.5, 4.875], "texture": "#1"},
				"east": {"uv": [5.75, 4.75, 6.5, 4.875], "texture": "#1"},
				"south": {"uv": [8.25, 4.75, 9.25, 4.875], "texture": "#1"},
				"west": {"uv": [7.5, 4.75, 8.25, 4.875], "texture": "#1"},
				"up": {"uv": [7.5, 4.75, 6.5, 4], "texture": "#1"},
				"down": {"uv": [8.5, 4, 7.5, 4.75], "texture": "#1"}
			}
		},
		{
			"from": [12.5, 13, 6.625],
			"to": [16.5, 14, 9.625],
			"rotation": {"angle": 0, "axis": "y", "origin": [16, 13, 7.125]},
			"faces": {
				"north": {"uv": [0.75, 6, 1.75, 6.25], "texture": "#1"},
				"east": {"uv": [0, 6, 0.75, 6.25], "texture": "#1"},
				"south": {"uv": [2.5, 6, 3.5, 6.25], "texture": "#1"},
				"west": {"uv": [1.75, 6, 2.5, 6.25], "texture": "#1"},
				"up": {"uv": [1.75, 6, 0.75, 5.25], "texture": "#1"},
				"down": {"uv": [2.75, 5.25, 1.75, 6], "texture": "#1"}
			}
		},
		{
			"from": [11.5, 7, 6.5],
			"to": [12.5, 10, 9],
			"rotation": {"angle": 0, "axis": "y", "origin": [12, 7, 6.5]},
			"faces": {
				"north": {"uv": [11.875, 7, 12.125, 7.75], "texture": "#1"},
				"east": {"uv": [11.25, 7, 11.875, 7.75], "texture": "#1"},
				"south": {"uv": [12.75, 7, 13, 7.75], "texture": "#1"},
				"west": {"uv": [12.125, 7, 12.75, 7.75], "texture": "#1"},
				"up": {"uv": [12.125, 7, 11.875, 6.375], "texture": "#1"},
				"down": {"uv": [12.375, 6.375, 12.125, 7], "texture": "#1"}
			}
		},
		{
			"from": [11, 7, 6],
			"to": [11.5, 9, 8.5],
			"rotation": {"angle": 0, "axis": "y", "origin": [11, 7, 6]},
			"faces": {
				"north": {"uv": [12.875, 10.25, 13, 10.75], "texture": "#1"},
				"east": {"uv": [12.25, 10.25, 12.875, 10.75], "texture": "#1"},
				"south": {"uv": [13.625, 10.25, 13.75, 10.75], "texture": "#1"},
				"west": {"uv": [13, 10.25, 13.625, 10.75], "texture": "#1"},
				"up": {"uv": [13, 10.25, 12.875, 9.625], "texture": "#1"},
				"down": {"uv": [13.125, 9.625, 13, 10.25], "texture": "#1"}
			}
		},
		{
			"from": [9.5, 7, 5.875],
			"to": [11, 11, 8.375],
			"rotation": {"angle": 0, "axis": "y", "origin": [10, 7, 5.875]},
			"faces": {
				"north": {"uv": [0.625, 9.125, 1, 10.125], "texture": "#1"},
				"east": {"uv": [0, 9.125, 0.625, 10.125], "texture": "#1"},
				"south": {"uv": [1.625, 9.125, 2, 10.125], "texture": "#1"},
				"west": {"uv": [1, 9.125, 1.625, 10.125], "texture": "#1"},
				"up": {"uv": [1, 9.125, 0.625, 8.5], "texture": "#1"},
				"down": {"uv": [1.375, 8.5, 1, 9.125], "texture": "#1"}
			}
		},
		{
			"from": [9, 7, 6.125],
			"to": [9.5, 10, 8.625],
			"rotation": {"angle": 0, "axis": "y", "origin": [9.5, 7, 6.125]},
			"faces": {
				"north": {"uv": [12.5, 2.125, 12.625, 2.875], "texture": "#1"},
				"east": {"uv": [11.875, 2.125, 12.5, 2.875], "texture": "#1"},
				"south": {"uv": [13.25, 2.125, 13.375, 2.875], "texture": "#1"},
				"west": {"uv": [12.625, 2.125, 13.25, 2.875], "texture": "#1"},
				"up": {"uv": [12.625, 2.125, 12.5, 1.5], "texture": "#1"},
				"down": {"uv": [12.75, 1.5, 12.625, 2.125], "texture": "#1"}
			}
		},
		{
			"from": [8, 7, 6.25],
			"to": [9, 11, 8.75],
			"rotation": {"angle": 0, "axis": "y", "origin": [8.5, 7, 6.25]},
			"faces": {
				"north": {"uv": [0.625, 10.75, 0.875, 11.75], "texture": "#1"},
				"east": {"uv": [0, 10.75, 0.625, 11.75], "texture": "#1"},
				"south": {"uv": [1.5, 10.75, 1.75, 11.75], "texture": "#1"},
				"west": {"uv": [0.875, 10.75, 1.5, 11.75], "texture": "#1"},
				"up": {"uv": [0.875, 10.75, 0.625, 10.125], "texture": "#1"},
				"down": {"uv": [1.125, 10.125, 0.875, 10.75], "texture": "#1"}
			}
		},
		{
			"from": [6.5, 7, 5.875],
			"to": [8, 11.5, 8.375],
			"rotation": {"angle": 0, "axis": "y", "origin": [7, 7, 5.875]},
			"faces": {
				"north": {"uv": [8, 8.625, 8.375, 9.75], "texture": "#1"},
				"east": {"uv": [7.375, 8.625, 8, 9.75], "texture": "#1"},
				"south": {"uv": [9, 8.625, 9.375, 9.75], "texture": "#1"},
				"west": {"uv": [8.375, 8.625, 9, 9.75], "texture": "#1"},
				"up": {"uv": [8.375, 8.625, 8, 8], "texture": "#1"},
				"down": {"uv": [8.75, 8, 8.375, 8.625], "texture": "#1"}
			}
		},
		{
			"from": [6, 7, 6.625],
			"to": [6.5, 10.5, 9.125],
			"rotation": {"angle": 0, "axis": "y", "origin": [6.5, 7, 6.625]},
			"faces": {
				"north": {"uv": [12, 9.375, 12.125, 10.25], "texture": "#1"},
				"east": {"uv": [11.375, 9.375, 12, 10.25], "texture": "#1"},
				"south": {"uv": [12.75, 9.375, 12.875, 10.25], "texture": "#1"},
				"west": {"uv": [12.125, 9.375, 12.75, 10.25], "texture": "#1"},
				"up": {"uv": [12.125, 9.375, 12, 8.75], "texture": "#1"},
				"down": {"uv": [12.25, 8.75, 12.125, 9.375], "texture": "#1"}
			}
		},
		{
			"from": [5, 7, 6.25],
			"to": [6, 11, 8.75],
			"rotation": {"angle": 0, "axis": "y", "origin": [5.5, 7, 6.25]},
			"faces": {
				"north": {"uv": [2.375, 10.75, 2.625, 11.75], "texture": "#1"},
				"east": {"uv": [1.75, 10.75, 2.375, 11.75], "texture": "#1"},
				"south": {"uv": [3.25, 10.75, 3.5, 11.75], "texture": "#1"},
				"west": {"uv": [2.625, 10.75, 3.25, 11.75], "texture": "#1"},
				"up": {"uv": [2.625, 10.75, 2.375, 10.125], "texture": "#1"},
				"down": {"uv": [2.875, 10.125, 2.625, 10.75], "texture": "#1"}
			}
		},
		{
			"from": [4.5, 7, 6],
			"to": [5, 10.5, 8.5],
			"rotation": {"angle": 0, "axis": "y", "origin": [5, 7, 6]},
			"faces": {
				"north": {"uv": [0.625, 12.375, 0.75, 13.25], "texture": "#1"},
				"east": {"uv": [0, 12.375, 0.625, 13.25], "texture": "#1"},
				"south": {"uv": [1.375, 12.375, 1.5, 13.25], "texture": "#1"},
				"west": {"uv": [0.75, 12.375, 1.375, 13.25], "texture": "#1"},
				"up": {"uv": [0.75, 12.375, 0.625, 11.75], "texture": "#1"},
				"down": {"uv": [0.875, 11.75, 0.75, 12.375], "texture": "#1"}
			}
		},
		{
			"from": [4, 7, 6.5],
			"to": [4.5, 9.5, 8],
			"rotation": {"angle": 0, "axis": "y", "origin": [4, 7, 6.5]},
			"faces": {
				"north": {"uv": [0.375, 1.875, 0.5, 2.5], "texture": "#1"},
				"east": {"uv": [0, 1.875, 0.375, 2.5], "texture": "#1"},
				"south": {"uv": [0.875, 1.875, 1, 2.5], "texture": "#1"},
				"west": {"uv": [0.5, 1.875, 0.875, 2.5], "texture": "#1"},
				"up": {"uv": [0.5, 1.875, 0.375, 1.5], "texture": "#1"},
				"down": {"uv": [0.625, 1.5, 0.5, 1.875], "texture": "#1"}
			}
		},
		{
			"from": [3, 7, 6.5],
			"to": [4, 11, 9],
			"rotation": {"angle": 0, "axis": "y", "origin": [3.5, 7, 6.5]},
			"faces": {
				"north": {"uv": [4.125, 10.75, 4.375, 11.75], "texture": "#1"},
				"east": {"uv": [3.5, 10.75, 4.125, 11.75], "texture": "#1"},
				"south": {"uv": [5, 10.75, 5.25, 11.75], "texture": "#1"},
				"west": {"uv": [4.375, 10.75, 5, 11.75], "texture": "#1"},
				"up": {"uv": [4.375, 10.75, 4.125, 10.125], "texture": "#1"},
				"down": {"uv": [4.625, 10.125, 4.375, 10.75], "texture": "#1"}
			}
		},
		{
			"from": [2.5, 7, 6],
			"to": [3, 10.5, 8.5],
			"rotation": {"angle": 0, "axis": "y", "origin": [2.5, 7, 6]},
			"faces": {
				"north": {"uv": [2.125, 12.375, 2.25, 13.25], "texture": "#1"},
				"east": {"uv": [1.5, 12.375, 2.125, 13.25], "texture": "#1"},
				"south": {"uv": [2.875, 12.375, 3, 13.25], "texture": "#1"},
				"west": {"uv": [2.25, 12.375, 2.875, 13.25], "texture": "#1"},
				"up": {"uv": [2.25, 12.375, 2.125, 11.75], "texture": "#1"},
				"down": {"uv": [2.375, 11.75, 2.25, 12.375], "texture": "#1"}
			}
		},
		{
			"from": [1, 7, 5.875],
			"to": [2.5, 11, 8.375],
			"rotation": {"angle": 0, "axis": "y", "origin": [1.5, 7, 5.875]},
			"faces": {
				"north": {"uv": [2.625, 9.125, 3, 10.125], "texture": "#1"},
				"east": {"uv": [2, 9.125, 2.625, 10.125], "texture": "#1"},
				"south": {"uv": [3.625, 9.125, 4, 10.125], "texture": "#1"},
				"west": {"uv": [3, 9.125, 3.625, 10.125], "texture": "#1"},
				"up": {"uv": [3, 9.125, 2.625, 8.5], "texture": "#1"},
				"down": {"uv": [3.375, 8.5, 3, 9.125], "texture": "#1"}
			}
		},
		{
			"from": [0.5, 7, 6.125],
			"to": [1, 10, 8.625],
			"rotation": {"angle": 0, "axis": "y", "origin": [1, 7, 6.125]},
			"faces": {
				"north": {"uv": [13.25, 6, 13.375, 6.75], "texture": "#1"},
				"east": {"uv": [12.625, 6, 13.25, 6.75], "texture": "#1"},
				"south": {"uv": [14, 6, 14.125, 6.75], "texture": "#1"},
				"west": {"uv": [13.375, 6, 14, 6.75], "texture": "#1"},
				"up": {"uv": [13.375, 6, 13.25, 5.375], "texture": "#1"},
				"down": {"uv": [13.5, 5.375, 13.375, 6], "texture": "#1"}
			}
		},
		{
			"from": [0, 7, 6.625],
			"to": [0.5, 10.5, 9.125],
			"rotation": {"angle": 0, "axis": "y", "origin": [0.5, 7, 6.625]},
			"faces": {
				"north": {"uv": [3.625, 12.375, 3.75, 13.25], "texture": "#1"},
				"east": {"uv": [3, 12.375, 3.625, 13.25], "texture": "#1"},
				"south": {"uv": [4.375, 12.375, 4.5, 13.25], "texture": "#1"},
				"west": {"uv": [3.75, 12.375, 4.375, 13.25], "texture": "#1"},
				"up": {"uv": [3.75, 12.375, 3.625, 11.75], "texture": "#1"},
				"down": {"uv": [3.875, 11.75, 3.75, 12.375], "texture": "#1"}
			}
		},
		{
			"from": [-1, 7, 6.25],
			"to": [0, 11.5, 8.75],
			"rotation": {"angle": 0, "axis": "y", "origin": [-0.5, 7, 6.25]},
			"faces": {
				"north": {"uv": [9.25, 4.875, 9.5, 6], "texture": "#1"},
				"east": {"uv": [8.625, 4.875, 9.25, 6], "texture": "#1"},
				"south": {"uv": [10.125, 4.875, 10.375, 6], "texture": "#1"},
				"west": {"uv": [9.5, 4.875, 10.125, 6], "texture": "#1"},
				"up": {"uv": [9.5, 4.875, 9.25, 4.25], "texture": "#1"},
				"down": {"uv": [9.75, 4.25, 9.5, 4.875], "texture": "#1"}
			}
		},
		{
			"from": [-1.5, 7, 6],
			"to": [-1, 10.5, 8.5],
			"rotation": {"angle": 0, "axis": "y", "origin": [-1, 7, 6]},
			"faces": {
				"north": {"uv": [7, 12.375, 7.125, 13.25], "texture": "#1"},
				"east": {"uv": [6.375, 12.375, 7, 13.25], "texture": "#1"},
				"south": {"uv": [7.75, 12.375, 7.875, 13.25], "texture": "#1"},
				"west": {"uv": [7.125, 12.375, 7.75, 13.25], "texture": "#1"},
				"up": {"uv": [7.125, 12.375, 7, 11.75], "texture": "#1"},
				"down": {"uv": [7.25, 11.75, 7.125, 12.375], "texture": "#1"}
			}
		},
		{
			"from": [-2.5, 7, 6.5],
			"to": [-1.5, 11, 9],
			"rotation": {"angle": 0, "axis": "y", "origin": [-2, 7, 6.5]},
			"faces": {
				"north": {"uv": [8.375, 10.75, 8.625, 11.75], "texture": "#1"},
				"east": {"uv": [7.75, 10.75, 8.375, 11.75], "texture": "#1"},
				"south": {"uv": [9.25, 10.75, 9.5, 11.75], "texture": "#1"},
				"west": {"uv": [8.625, 10.75, 9.25, 11.75], "texture": "#1"},
				"up": {"uv": [8.625, 10.75, 8.375, 10.125], "texture": "#1"},
				"down": {"uv": [8.875, 10.125, 8.625, 10.75], "texture": "#1"}
			}
		},
		{
			"from": [3, 3, 6.5],
			"to": [6.5, 3.5, 8.5],
			"rotation": {"angle": 0, "axis": "y", "origin": [6, 3, 9]},
			"faces": {
				"north": {"uv": [9.5, 2, 10.375, 2.125], "texture": "#1"},
				"east": {"uv": [9, 2, 9.5, 2.125], "texture": "#1"},
				"south": {"uv": [10.875, 2, 11.75, 2.125], "texture": "#1"},
				"west": {"uv": [10.375, 2, 10.875, 2.125], "texture": "#1"},
				"up": {"uv": [10.375, 2, 9.5, 1.5], "texture": "#1"},
				"down": {"uv": [11.25, 1.5, 10.375, 2], "texture": "#1"}
			}
		},
		{
			"from": [4.5, 2.5, 5.5],
			"to": [8.5, 3, 8.5],
			"rotation": {"angle": 0, "axis": "y", "origin": [8, 2.5, 8]},
			"faces": {
				"north": {"uv": [4.25, 7, 5.25, 7.125], "texture": "#1"},
				"east": {"uv": [3.5, 7, 4.25, 7.125], "texture": "#1"},
				"south": {"uv": [6, 7, 7, 7.125], "texture": "#1"},
				"west": {"uv": [5.25, 7, 6, 7.125], "texture": "#1"},
				"up": {"uv": [5.25, 7, 4.25, 6.25], "texture": "#1"},
				"down": {"uv": [6.25, 6.25, 5.25, 7], "texture": "#1"}
			}
		},
		{
			"from": [4.5, 1.5, 6],
			"to": [8.5, 2.5, 9],
			"rotation": {"angle": 0, "axis": "y", "origin": [8, 1.5, 8.5]},
			"faces": {
				"north": {"uv": [5.75, 6, 6.75, 6.25], "texture": "#1"},
				"east": {"uv": [5, 6, 5.75, 6.25], "texture": "#1"},
				"south": {"uv": [7.5, 6, 8.5, 6.25], "texture": "#1"},
				"west": {"uv": [6.75, 6, 7.5, 6.25], "texture": "#1"},
				"up": {"uv": [6.75, 6, 5.75, 5.25], "texture": "#1"},
				"down": {"uv": [7.75, 5.25, 6.75, 6], "texture": "#1"}
			}
		},
		{
			"from": [4.5, 1, 6],
			"to": [8.5, 1.5, 9],
			"rotation": {"angle": 0, "axis": "y", "origin": [8, 1, 8.5]},
			"faces": {
				"north": {"uv": [7, 2.25, 8, 2.375], "texture": "#1"},
				"east": {"uv": [6.25, 2.25, 7, 2.375], "texture": "#1"},
				"south": {"uv": [8.75, 2.25, 9.75, 2.375], "texture": "#1"},
				"west": {"uv": [8, 2.25, 8.75, 2.375], "texture": "#1"},
				"up": {"uv": [8, 2.25, 7, 1.5], "texture": "#1"},
				"down": {"uv": [9, 1.5, 8, 2.25], "texture": "#1"}
			}
		},
		{
			"from": [10.125, 1, 6.25],
			"to": [11.125, 4.5, 8.75],
			"rotation": {"angle": 0, "axis": "y", "origin": [10.625, 1, 6.25]},
			"faces": {
				"north": {"uv": [5.875, 11.5, 6.125, 12.375], "texture": "#1"},
				"east": {"uv": [5.25, 11.5, 5.875, 12.375], "texture": "#1"},
				"south": {"uv": [6.75, 11.5, 7, 12.375], "texture": "#1"},
				"west": {"uv": [6.125, 11.5, 6.75, 12.375], "texture": "#1"},
				"up": {"uv": [6.125, 11.5, 5.875, 10.875], "texture": "#1"},
				"down": {"uv": [6.375, 10.875, 6.125, 11.5], "texture": "#1"}
			}
		},
		{
			"from": [11.125, 1, 5.75],
			"to": [12.125, 5, 8.25],
			"rotation": {"angle": 0, "axis": "y", "origin": [11.625, 1, 5.75]},
			"faces": {
				"north": {"uv": [11.25, 4.125, 11.5, 5.125], "texture": "#1"},
				"east": {"uv": [10.625, 4.125, 11.25, 5.125], "texture": "#1"},
				"south": {"uv": [12.125, 4.125, 12.375, 5.125], "texture": "#1"},
				"west": {"uv": [11.5, 4.125, 12.125, 5.125], "texture": "#1"},
				"up": {"uv": [11.5, 4.125, 11.25, 3.5], "texture": "#1"},
				"down": {"uv": [11.75, 3.5, 11.5, 4.125], "texture": "#1"}
			}
		},
		{
			"from": [12.125, 1, 6.125],
			"to": [12.625, 4.5, 8.625],
			"rotation": {"angle": 0, "axis": "y", "origin": [12.125, 1, 6.125]},
			"faces": {
				"north": {"uv": [12.875, 8.375, 13, 9.25], "texture": "#1"},
				"east": {"uv": [12.25, 8.375, 12.875, 9.25], "texture": "#1"},
				"south": {"uv": [13.625, 8.375, 13.75, 9.25], "texture": "#1"},
				"west": {"uv": [13, 8.375, 13.625, 9.25], "texture": "#1"},
				"up": {"uv": [13, 8.375, 12.875, 7.75], "texture": "#1"},
				"down": {"uv": [13.125, 7.75, 13, 8.375], "texture": "#1"}
			}
		},
		{
			"from": [12.75, 1, 5.875],
			"to": [14.25, 5, 8.375],
			"rotation": {"angle": 0, "axis": "y", "origin": [13.75, 1, 5.875]},
			"faces": {
				"north": {"uv": [4.625, 9.125, 5, 10.125], "texture": "#1"},
				"east": {"uv": [4, 9.125, 4.625, 10.125], "texture": "#1"},
				"south": {"uv": [5.625, 9.125, 6, 10.125], "texture": "#1"},
				"west": {"uv": [5, 9.125, 5.625, 10.125], "texture": "#1"},
				"up": {"uv": [5, 9.125, 4.625, 8.5], "texture": "#1"},
				"down": {"uv": [5.375, 8.5, 5, 9.125], "texture": "#1"}
			}
		},
		{
			"from": [14.25, 1, 6.125],
			"to": [14.75, 4.5, 8.625],
			"rotation": {"angle": 0, "axis": "y", "origin": [14.25, 1, 6.125]},
			"faces": {
				"north": {"uv": [5.125, 13, 5.25, 13.875], "texture": "#1"},
				"east": {"uv": [4.5, 13, 5.125, 13.875], "texture": "#1"},
				"south": {"uv": [5.875, 13, 6, 13.875], "texture": "#1"},
				"west": {"uv": [5.25, 13, 5.875, 13.875], "texture": "#1"},
				"up": {"uv": [5.25, 13, 5.125, 12.375], "texture": "#1"},
				"down": {"uv": [5.375, 12.375, 5.25, 13], "texture": "#1"}
			}
		},
		{
			"from": [14.75, 1, 6.625],
			"to": [15.25, 4.5, 9.125],
			"rotation": {"angle": 0, "axis": "y", "origin": [14.75, 1, 6.625]},
			"faces": {
				"north": {"uv": [10, 13, 10.125, 13.875], "texture": "#1"},
				"east": {"uv": [9.375, 13, 10, 13.875], "texture": "#1"},
				"south": {"uv": [10.75, 13, 10.875, 13.875], "texture": "#1"},
				"west": {"uv": [10.125, 13, 10.75, 13.875], "texture": "#1"},
				"up": {"uv": [10.125, 13, 10, 12.375], "texture": "#1"},
				"down": {"uv": [10.25, 12.375, 10.125, 13], "texture": "#1"}
			}
		},
		{
			"from": [15.25, 1, 6.25],
			"to": [16.25, 5.5, 8.75],
			"rotation": {"angle": 0, "axis": "y", "origin": [15.75, 1, 6.25]},
			"faces": {
				"north": {"uv": [6.625, 9.75, 6.875, 10.875], "texture": "#1"},
				"east": {"uv": [6, 9.75, 6.625, 10.875], "texture": "#1"},
				"south": {"uv": [7.5, 9.75, 7.75, 10.875], "texture": "#1"},
				"west": {"uv": [6.875, 9.75, 7.5, 10.875], "texture": "#1"},
				"up": {"uv": [6.875, 9.75, 6.625, 9.125], "texture": "#1"},
				"down": {"uv": [7.125, 9.125, 6.875, 9.75], "texture": "#1"}
			}
		},
		{
			"from": [16.25, 1, 6],
			"to": [16.75, 4.5, 8.5],
			"rotation": {"angle": 0, "axis": "y", "origin": [16.25, 1, 6]},
			"faces": {
				"north": {"uv": [13, 3.5, 13.125, 4.375], "texture": "#1"},
				"east": {"uv": [12.375, 3.5, 13, 4.375], "texture": "#1"},
				"south": {"uv": [13.75, 3.5, 13.875, 4.375], "texture": "#1"},
				"west": {"uv": [13.125, 3.5, 13.75, 4.375], "texture": "#1"},
				"up": {"uv": [13.125, 3.5, 13, 2.875], "texture": "#1"},
				"down": {"uv": [13.25, 2.875, 13.125, 3.5], "texture": "#1"}
			}
		},
		{
			"from": [16.75, 1, 6.5],
			"to": [17.75, 5, 9],
			"rotation": {"angle": 0, "axis": "y", "origin": [17.25, 1, 6.5]},
			"faces": {
				"north": {"uv": [10.125, 11.375, 10.375, 12.375], "texture": "#1"},
				"east": {"uv": [9.5, 11.375, 10.125, 12.375], "texture": "#1"},
				"south": {"uv": [11, 11.375, 11.25, 12.375], "texture": "#1"},
				"west": {"uv": [10.375, 11.375, 11, 12.375], "texture": "#1"},
				"up": {"uv": [10.375, 11.375, 10.125, 10.75], "texture": "#1"},
				"down": {"uv": [10.625, 10.75, 10.375, 11.375], "texture": "#1"}
			}
		},
		{
			"from": [17.75, 1, 6],
			"to": [18.25, 4.5, 8.5],
			"rotation": {"angle": 0, "axis": "y", "origin": [17.75, 1, 6]},
			"faces": {
				"north": {"uv": [12.75, 13, 12.875, 13.875], "texture": "#1"},
				"east": {"uv": [12.125, 13, 12.75, 13.875], "texture": "#1"},
				"south": {"uv": [13.5, 13, 13.625, 13.875], "texture": "#1"},
				"west": {"uv": [12.875, 13, 13.5, 13.875], "texture": "#1"},
				"up": {"uv": [12.875, 13, 12.75, 12.375], "texture": "#1"},
				"down": {"uv": [13, 12.375, 12.875, 13], "texture": "#1"}
			}
		},
		{
			"from": [-2.25, 4, 5.75],
			"to": [2.25, 5, 10.25],
			"rotation": {"angle": 0, "axis": "y", "origin": [0.25, 4.5, 8.75]},
			"faces": {
				"north": {"uv": [1.125, 2.625, 2.25, 2.875], "texture": "#1"},
				"east": {"uv": [0, 2.625, 1.125, 2.875], "texture": "#1"},
				"south": {"uv": [3.375, 2.625, 4.5, 2.875], "texture": "#1"},
				"west": {"uv": [2.25, 2.625, 3.375, 2.875], "texture": "#1"},
				"up": {"uv": [2.25, 2.625, 1.125, 1.5], "texture": "#1"},
				"down": {"uv": [3.375, 1.5, 2.25, 2.625], "texture": "#1"}
			}
		},
		{
			"from": [-2, 1, 6],
			"to": [2, 4.5, 10],
			"rotation": {"angle": 0, "axis": "y", "origin": [0, 1, 8.5]},
			"faces": {
				"north": {"uv": [1, 3.875, 2, 4.75], "texture": "#1"},
				"east": {"uv": [0, 3.875, 1, 4.75], "texture": "#1"},
				"south": {"uv": [3, 3.875, 4, 4.75], "texture": "#1"},
				"west": {"uv": [2, 3.875, 3, 4.75], "texture": "#1"},
				"up": {"uv": [2, 3.875, 1, 2.875], "texture": "#1"},
				"down": {"uv": [3, 2.875, 2, 3.875], "texture": "#1"}
			}
		},
		{
			"from": [13.5, 8, 8.25],
			"to": [18.5, 10.5, 8.25],
			"rotation": {"angle": 0, "axis": "y", "origin": [16, 9.25, 8.25]},
			"faces": {
				"north": {"uv": [10.625, 10.75, 11.875, 11.375], "texture": "#1"},
				"east": {"uv": [10.625, 10.75, 10.625, 11.375], "texture": "#1"},
				"south": {"uv": [11.875, 10.75, 13.125, 11.375], "texture": "#1"},
				"west": {"uv": [11.875, 10.75, 11.875, 11.375], "texture": "#1"},
				"up": {"uv": [11.875, 10.75, 10.625, 10.75], "texture": "#1"},
				"down": {"uv": [13.125, 10.75, 11.875, 10.75], "texture": "#1"}
			}
		},
		{
			"from": [13.5, 8, 8.25],
			"to": [18.5, 10.5, 8.25],
			"rotation": {"angle": 0, "axis": "y", "origin": [16, 9.25, 8.25]},
			"faces": {
				"north": {"uv": [10, 2.875, 11.25, 3.5], "texture": "#1"},
				"east": {"uv": [10, 2.875, 10, 3.5], "texture": "#1"},
				"south": {"uv": [11.25, 2.875, 12.5, 3.5], "texture": "#1"},
				"west": {"uv": [11.25, 2.875, 11.25, 3.5], "texture": "#1"},
				"up": {"uv": [11.25, 2.875, 10, 2.875], "texture": "#1"},
				"down": {"uv": [12.5, 2.875, 11.25, 2.875], "texture": "#1"}
			}
		},
		{
			"from": [14, 7, 7],
			"to": [18, 8, 9.5],
			"rotation": {"angle": 0, "axis": "y", "origin": [17, 5.5, 8]},
			"faces": {
				"north": {"uv": [7, 7.125, 8, 7.375], "texture": "#1"},
				"east": {"uv": [6.375, 7.125, 7, 7.375], "texture": "#1"},
				"south": {"uv": [8.625, 7.125, 9.625, 7.375], "texture": "#1"},
				"west": {"uv": [8, 7.125, 8.625, 7.375], "texture": "#1"},
				"up": {"uv": [8, 7.125, 7, 6.5], "texture": "#1"},
				"down": {"uv": [9, 6.5, 8, 7.125], "texture": "#1"}
			}
		},
		{
			"from": [-1.25, 13, 6.5],
			"to": [1.25, 15, 9],
			"rotation": {"angle": 0, "axis": "y", "origin": [-0.75, 13, 8]},
			"faces": {
				"north": {"uv": [8.125, 3, 8.75, 3.5], "texture": "#1"},
				"east": {"uv": [7.5, 3, 8.125, 3.5], "texture": "#1"},
				"south": {"uv": [9.375, 3, 10, 3.5], "texture": "#1"},
				"west": {"uv": [8.75, 3, 9.375, 3.5], "texture": "#1"},
				"up": {"uv": [8.75, 3, 8.125, 2.375], "texture": "#1"},
				"down": {"uv": [9.375, 2.375, 8.75, 3], "texture": "#1"}
			}
		},
		{
			"from": [-1, 15, 6.75],
			"to": [1, 15.5, 8.75],
			"rotation": {"angle": 0, "axis": "y", "origin": [-0.5, 15, 8.25]},
			"faces": {
				"north": {"uv": [3.875, 2, 4.375, 2.125], "texture": "#1"},
				"east": {"uv": [3.375, 2, 3.875, 2.125], "texture": "#1"},
				"south": {"uv": [4.875, 2, 5.375, 2.125], "texture": "#1"},
				"west": {"uv": [4.375, 2, 4.875, 2.125], "texture": "#1"},
				"up": {"uv": [4.375, 2, 3.875, 1.5], "texture": "#1"},
				"down": {"uv": [4.875, 1.5, 4.375, 2], "texture": "#1"}
			}
		},
		{
			"from": [-1.25, 15.5, 6.5],
			"to": [1.25, 16, 9],
			"rotation": {"angle": 0, "axis": "y", "origin": [-0.75, 15.5, 8]},
			"faces": {
				"north": {"uv": [10, 2.75, 10.625, 2.875], "texture": "#1"},
				"east": {"uv": [9.375, 2.75, 10, 2.875], "texture": "#1"},
				"south": {"uv": [11.25, 2.75, 11.875, 2.875], "texture": "#1"},
				"west": {"uv": [10.625, 2.75, 11.25, 2.875], "texture": "#1"},
				"up": {"uv": [10.625, 2.75, 10, 2.125], "texture": "#1"},
				"down": {"uv": [11.25, 2.125, 10.625, 2.75], "texture": "#1"}
			}
		},
		{
			"from": [2, 20.5, 8.25],
			"to": [7.5, 26, 8.25],
			"rotation": {"angle": 0, "axis": "y", "origin": [4.75, 22.75, 8.25]},
			"faces": {
				"north": {"uv": [2.75, 7.125, 4.125, 8.5], "texture": "#1"},
				"east": {"uv": [2.75, 7.125, 2.75, 8.5], "texture": "#1"},
				"south": {"uv": [4.125, 7.125, 5.5, 8.5], "texture": "#1"},
				"west": {"uv": [4.125, 7.125, 4.125, 8.5], "texture": "#1"},
				"up": {"uv": [4.125, 7.125, 2.75, 7.125], "texture": "#1"},
				"down": {"uv": [5.5, 7.125, 4.125, 7.125], "texture": "#1"}
			}
		},
		{
			"from": [2, 20.5, 8.25],
			"to": [7.5, 26, 8.25],
			"rotation": {"angle": 0, "axis": "y", "origin": [4.75, 22.75, 8.25]},
			"faces": {
				"north": {"uv": [0, 7.125, 1.375, 8.5], "texture": "#1"},
				"east": {"uv": [0, 7.125, 0, 8.5], "texture": "#1"},
				"south": {"uv": [1.375, 7.125, 2.75, 8.5], "texture": "#1"},
				"west": {"uv": [1.375, 7.125, 1.375, 8.5], "texture": "#1"},
				"up": {"uv": [1.375, 7.125, 0, 7.125], "texture": "#1"},
				"down": {"uv": [2.75, 7.125, 1.375, 7.125], "texture": "#1"}
			}
		},
		{
			"from": [3.5, 19, 7],
			"to": [6, 21.5, 9.5],
			"rotation": {"angle": 0, "axis": "y", "origin": [5.5, 19, 8]},
			"faces": {
				"north": {"uv": [6.125, 8, 6.75, 8.625], "texture": "#1"},
				"east": {"uv": [5.5, 8, 6.125, 8.625], "texture": "#1"},
				"south": {"uv": [7.375, 8, 8, 8.625], "texture": "#1"},
				"west": {"uv": [6.75, 8, 7.375, 8.625], "texture": "#1"},
				"up": {"uv": [6.75, 8, 6.125, 7.375], "texture": "#1"},
				"down": {"uv": [7.375, 7.375, 6.75, 8], "texture": "#1"}
			}
		},
		{
			"from": [13, 19, 7],
			"to": [16.5, 24, 7.5],
			"rotation": {"angle": 22.5, "axis": "x", "origin": [16, 19, 7]},
			"faces": {
				"north": {"uv": [9.5, 9.5, 10.375, 10.75], "texture": "#1"},
				"east": {"uv": [9.375, 9.5, 9.5, 10.75], "texture": "#1"},
				"south": {"uv": [10.5, 9.5, 11.375, 10.75], "texture": "#1"},
				"west": {"uv": [10.375, 9.5, 10.5, 10.75], "texture": "#1"},
				"up": {"uv": [10.375, 9.5, 9.5, 9.375], "texture": "#1"},
				"down": {"uv": [11.25, 9.375, 10.375, 9.5], "texture": "#1"}
			}
		},
		{
			"from": [14, 18.75, 9.6],
			"to": [15.5, 22.25, 10.1],
			"rotation": {"angle": -22.5, "axis": "x", "origin": [16, 18.75, 9.6]},
			"faces": {
				"north": {"uv": [0.125, 0.125, 0.5, 1], "texture": "#1"},
				"east": {"uv": [0, 0.125, 0.125, 1], "texture": "#1"},
				"south": {"uv": [0.625, 0.125, 1, 1], "texture": "#1"},
				"west": {"uv": [0.5, 0.125, 0.625, 1], "texture": "#1"},
				"up": {"uv": [0.5, 0.125, 0.125, 0], "texture": "#1"},
				"down": {"uv": [0.875, 0, 0.5, 0.125], "texture": "#1"}
			}
		},
		{
			"from": [-4, 18, 5.5],
			"to": [20, 19, 10.5],
			"rotation": {"angle": 0, "axis": "y", "origin": [-4, 18.5, 5.5]},
			"faces": {
				"north": {"uv": [1.25, 1.25, 7.25, 1.5], "texture": "#1"},
				"east": {"uv": [0, 1.25, 1.25, 1.5], "texture": "#1"},
				"south": {"uv": [8.5, 1.25, 14.5, 1.5], "texture": "#1"},
				"west": {"uv": [7.25, 1.25, 8.5, 1.5], "texture": "#1"},
				"up": {"uv": [7.25, 1.25, 1.25, 0], "texture": "#1"},
				"down": {"uv": [13.25, 0, 7.25, 1.25], "texture": "#1"}
			}
		},
		{
			"from": [18.5, 13, 5.5],
			"to": [19.5, 18, 10.5],
			"shade": false,
			"rotation": {"angle": 0, "axis": "y", "origin": [19.5, 13, 5.5]},
			"faces": {
				"north": {"uv": [4.25, 4.75, 4, 6], "texture": "#1"},
				"east": {"uv": [5.5, 4.75, 4.25, 6], "texture": "#1"},
				"south": {"uv": [5.75, 4.75, 5.5, 6], "texture": "#1"},
				"west": {"uv": [4, 4.75, 2.75, 6], "texture": "#1"},
				"up": {"uv": [4, 4.75, 4.25, 3.5], "texture": "#1"},
				"down": {"uv": [4.25, 3.5, 4.5, 4.75], "texture": "#1"}
			}
		},
		{
			"from": [2.5, 13, 5.5],
			"to": [3.5, 18, 10.5],
			"rotation": {"angle": 0, "axis": "y", "origin": [2.5, 13, 5.5]},
			"faces": {
				"north": {"uv": [5.75, 2.75, 6, 4], "texture": "#1"},
				"east": {"uv": [4.5, 2.75, 5.75, 4], "texture": "#1"},
				"south": {"uv": [7.25, 2.75, 7.5, 4], "texture": "#1"},
				"west": {"uv": [6, 2.75, 7.25, 4], "texture": "#1"},
				"up": {"uv": [6, 2.75, 5.75, 1.5], "texture": "#1"},
				"down": {"uv": [6.25, 1.5, 6, 2.75], "texture": "#1"}
			}
		},
		{
			"from": [-3.5, 13, 5.5],
			"to": [-2.5, 18, 10.5],
			"rotation": {"angle": 0, "axis": "y", "origin": [-3.5, 13, 5.5]},
			"faces": {
				"north": {"uv": [4, 4.75, 4.25, 6], "texture": "#1"},
				"east": {"uv": [2.75, 4.75, 4, 6], "texture": "#1"},
				"south": {"uv": [5.5, 4.75, 5.75, 6], "texture": "#1"},
				"west": {"uv": [4.25, 4.75, 5.5, 6], "texture": "#1"},
				"up": {"uv": [4.25, 4.75, 4, 3.5], "texture": "#1"},
				"down": {"uv": [4.5, 3.5, 4.25, 4.75], "texture": "#1"}
			}
		},
		{
			"from": [-4, 12, 5.5],
			"to": [20, 13, 10.5],
			"rotation": {"angle": 0, "axis": "y", "origin": [-4, 12.5, 5.5]},
			"faces": {
				"north": {"uv": [1.25, 1.25, 7.25, 1.5], "texture": "#1"},
				"east": {"uv": [0, 1.25, 1.25, 1.5], "texture": "#1"},
				"south": {"uv": [8.5, 1.25, 14.5, 1.5], "texture": "#1"},
				"west": {"uv": [7.25, 1.25, 8.5, 1.5], "texture": "#1"},
				"up": {"uv": [7.25, 1.25, 1.25, 0], "texture": "#1"},
				"down": {"uv": [13.25, 0, 7.25, 1.25], "texture": "#1"}
			}
		},
		{
			"from": [-3.5, 7, 5.5],
			"to": [-2.5, 12, 10.5],
			"rotation": {"angle": 0, "axis": "y", "origin": [-3.5, 7, 5.5]},
			"faces": {
				"north": {"uv": [4, 4.75, 4.25, 6], "texture": "#1"},
				"east": {"uv": [2.75, 4.75, 4, 6], "texture": "#1"},
				"south": {"uv": [5.5, 4.75, 5.75, 6], "texture": "#1"},
				"west": {"uv": [4.25, 4.75, 5.5, 6], "texture": "#1"},
				"up": {"uv": [4.25, 4.75, 4, 3.5], "texture": "#1"},
				"down": {"uv": [4.5, 3.5, 4.25, 4.75], "texture": "#1"}
			}
		},
		{
			"from": [12.5, 7, 5.5],
			"to": [13.5, 12, 10.5],
			"rotation": {"angle": 0, "axis": "y", "origin": [12.5, 7, 5.5]},
			"faces": {
				"north": {"uv": [5.75, 2.75, 6, 4], "texture": "#1"},
				"east": {"uv": [4.5, 2.75, 5.75, 4], "texture": "#1"},
				"south": {"uv": [7.25, 2.75, 7.5, 4], "texture": "#1"},
				"west": {"uv": [6, 2.75, 7.25, 4], "texture": "#1"},
				"up": {"uv": [6, 2.75, 5.75, 1.5], "texture": "#1"},
				"down": {"uv": [6.25, 1.5, 6, 2.75], "texture": "#1"}
			}
		},
		{
			"from": [18.5, 7, 5.5],
			"to": [19.5, 12, 10.5],
			"shade": false,
			"rotation": {"angle": 0, "axis": "y", "origin": [19.5, 7, 5.5]},
			"faces": {
				"north": {"uv": [4.25, 4.75, 4, 6], "texture": "#1"},
				"east": {"uv": [5.5, 4.75, 4.25, 6], "texture": "#1"},
				"south": {"uv": [5.75, 4.75, 5.5, 6], "texture": "#1"},
				"west": {"uv": [4, 4.75, 2.75, 6], "texture": "#1"},
				"up": {"uv": [4, 4.75, 4.25, 3.5], "texture": "#1"},
				"down": {"uv": [4.25, 3.5, 4.5, 4.75], "texture": "#1"}
			}
		},
		{
			"from": [-4, 6, 5.5],
			"to": [20, 7, 10.5],
			"shade": false,
			"rotation": {"angle": 0, "axis": "y", "origin": [20, 6.5, 5.5]},
			"faces": {
				"north": {"uv": [7.25, 1.25, 1.25, 1.5], "texture": "#1"},
				"east": {"uv": [8.5, 1.25, 7.25, 1.5], "texture": "#1"},
				"south": {"uv": [14.5, 1.25, 8.5, 1.5], "texture": "#1"},
				"west": {"uv": [1.25, 1.25, 0, 1.5], "texture": "#1"},
				"up": {"uv": [1.25, 1.25, 7.25, 0], "texture": "#1"},
				"down": {"uv": [7.25, 0, 13.25, 1.25], "texture": "#1"}
			}
		},
		{
			"from": [-3.5, 1, 5.5],
			"to": [-2.5, 6, 10.5],
			"rotation": {"angle": 0, "axis": "y", "origin": [-3.5, 1, 5.5]},
			"faces": {
				"north": {"uv": [4, 4.75, 4.25, 6], "texture": "#1"},
				"east": {"uv": [2.75, 4.75, 4, 6], "texture": "#1"},
				"south": {"uv": [5.5, 4.75, 5.75, 6], "texture": "#1"},
				"west": {"uv": [4.25, 4.75, 5.5, 6], "texture": "#1"},
				"up": {"uv": [4.25, 4.75, 4, 3.5], "texture": "#1"},
				"down": {"uv": [4.5, 3.5, 4.25, 4.75], "texture": "#1"}
			}
		},
		{
			"from": [2.5, 1, 5.5],
			"to": [3.5, 6, 10.5],
			"rotation": {"angle": 0, "axis": "y", "origin": [2.5, 1, 5.5]},
			"faces": {
				"north": {"uv": [5.75, 2.75, 6, 4], "texture": "#1"},
				"east": {"uv": [4.5, 2.75, 5.75, 4], "texture": "#1"},
				"south": {"uv": [7.25, 2.75, 7.5, 4], "texture": "#1"},
				"west": {"uv": [6, 2.75, 7.25, 4], "texture": "#1"},
				"up": {"uv": [6, 2.75, 5.75, 1.5], "texture": "#1"},
				"down": {"uv": [6.25, 1.5, 6, 2.75], "texture": "#1"}
			}
		},
		{
			"from": [18.5, 1, 5.5],
			"to": [19.5, 6, 10.5],
			"shade": false,
			"rotation": {"angle": 0, "axis": "y", "origin": [19.5, 1, 5.5]},
			"faces": {
				"north": {"uv": [4.25, 4.75, 4, 6], "texture": "#1"},
				"east": {"uv": [5.5, 4.75, 4.25, 6], "texture": "#1"},
				"south": {"uv": [5.75, 4.75, 5.5, 6], "texture": "#1"},
				"west": {"uv": [4, 4.75, 2.75, 6], "texture": "#1"},
				"up": {"uv": [4, 4.75, 4.25, 3.5], "texture": "#1"},
				"down": {"uv": [4.25, 3.5, 4.5, 4.75], "texture": "#1"}
			}
		},
		{
			"from": [-4, 0, 5.5],
			"to": [20, 1, 10.5],
			"rotation": {"angle": 0, "axis": "y", "origin": [-4, 0.5, 5.5]},
			"faces": {
				"north": {"uv": [1.25, 1.25, 7.25, 1.5], "texture": "#1"},
				"east": {"uv": [0, 1.25, 1.25, 1.5], "texture": "#1"},
				"south": {"uv": [8.5, 1.25, 14.5, 1.5], "texture": "#1"},
				"west": {"uv": [7.25, 1.25, 8.5, 1.5], "texture": "#1"},
				"up": {"uv": [7.25, 1.25, 1.25, 0], "texture": "#1"},
				"down": {"uv": [13.25, 0, 7.25, 1.25], "texture": "#1"}
			}
		}
	],
	"gui_light": "front",
	"display": {
		"firstperson_righthand": {
			"rotation": [0, -53, 0],
			"translation": [6.5, 0, 0],
			"scale": [0.7, 0.7, 0.7]
		},
		"gui": {
			"rotation": [25, -145, 0],
			"translation": [0, -1.5, 0],
			"scale": [0.7, 0.7, 0.7]
		},
		"head": {
			"translation": [0, -17.75, 0],
			"scale": [3.2, 3.2, 3.2]
		}
	},
	"groups": [
		{
			"name": "Books",
			"origin": [0, 0, 0],
			"children": [
				{
					"name": "TopShelf",
					"origin": [0, 0, 0],
					"children": [0, 1, 2, 3, 4, 5, 6, 7, 8, 9, 10]
				},
				{
					"name": "MiddleShelf",
					"origin": [0, 0, 0],
					"children": [11, 12, 13, 14, 15, 16, 17, 18, 19, 20, 21, 22, 23, 24, 25, 26, 27, 28]
				},
				{
					"name": "BottomShelf",
					"origin": [0, 0, 0],
					"children": [29, 30, 31, 32, 33, 34, 35, 36, 37, 38, 39, 40, 41, 42]
				}
			]
		},
		{
			"name": "ornaments",
			"origin": [16, 37.5, 1],
			"children": [
				{
					"name": "box",
					"origin": [-16, 2, 1],
					"children": [43, 44]
				},
				{
					"name": "MidFlower",
					"origin": [18, 11, 0],
					"children": [45, 46, 47]
				},
				{
					"name": "vase",
					"origin": [-17.5, 31, 0],
					"children": [48, 49, 50]
				},
				{
					"name": "TopFlower",
					"origin": [-5, 38, 0],
					"children": [51, 52, 53]
				},
				{
					"name": "PictureFrame",
					"origin": [16, 37.5, 1],
					"children": [54, 55]
				}
			]
		},
		{
			"name": "Bookshelf",
			"origin": [-24, 1, -5],
			"children": [56, 57, 58, 59, 60, 61, 62, 63, 64, 65, 66, 67, 68]
		}
	]
}