{
	"credit": "Made with Blockbench",
	"texture_size": [32, 32],
	"textures": {
		"0": "thanksgiving20_crate/fork",
		"particle": "thanksgiving20_crate/fork"
	},
	"elements": [
		{
			"from": [6.5, 1.25, -9.5],
			"to": [9.5, 2, -6.5],
			"rotation": {"angle": 0, "axis": "y", "origin": [15.5, 9, -2.5]},
			"faces": {
				"north": {"uv": [2, 7, 3.5, 7.5], "texture": "#0"},
				"east": {"uv": [5, 7, 6.5, 7.5], "texture": "#0"},
				"south": {"uv": [6.5, 7, 8, 7.5], "texture": "#0"},
				"west": {"uv": [7, 1, 8.5, 1.5], "texture": "#0"},
				"up": {"uv": [3.5, 5.5, 2, 4], "texture": "#0"},
				"down": {"uv": [5, 4, 3.5, 5.5], "texture": "#0"}
			}
		},
		{
			"from": [6.5, 1.25, -5.75],
			"to": [9.5, 2, -3.75],
			"rotation": {"angle": 0, "axis": "y", "origin": [15.5, 9, 2.25]},
			"faces": {
				"north": {"uv": [7, 1.5, 8.5, 2], "texture": "#0"},
				"east": {"uv": [1, 0, 2, 0.5], "texture": "#0"},
				"south": {"uv": [7, 3, 8.5, 3.5], "texture": "#0"},
				"west": {"uv": [1, 0.5, 2, 1], "texture": "#0"},
				"up": {"uv": [6, 1, 4.5, 0], "texture": "#0"},
				"down": {"uv": [6, 2, 4.5, 3], "texture": "#0"}
			}
		},
		{
			"from": [7, 1.25, -3.75],
			"to": [9, 2, 0.25],
			"rotation": {"angle": 0, "axis": "y", "origin": [15.5, 9, 4.25]},
			"faces": {
				"north": {"uv": [2.5, 8, 3.5, 8.5], "texture": "#0"},
				"east": {"uv": [6, 0.5, 8, 1], "texture": "#0"},
				"south": {"uv": [7, 8, 8, 8.5], "texture": "#0"},
				"west": {"uv": [6, 2, 8, 2.5], "texture": "#0"},
				"up": {"uv": [1, 7, 0, 5], "texture": "#0"},
				"down": {"uv": [6, 5, 5, 7], "texture": "#0"}
			}
		},
		{
			"from": [6.25, 0.25, 12.5],
			"to": [9.75, 0.75, 13.5],
			"rotation": {"angle": 0, "axis": "y", "origin": [15.5, 8, 8.75]},
			"faces": {
				"north": {"uv": [6, 2.5, 8, 3], "texture": "#0"},
				"east": {"uv": [8.5, 8.5, 9, 9], "texture": "#0"},
				"south": {"uv": [6, 5, 8, 5.5], "texture": "#0"},
				"west": {"uv": [8.5, 0, 9, 0.5], "texture": "#0"},
				"up": {"uv": [8, 6, 6, 5.5], "texture": "#0"},
				"down": {"uv": [8, 6.5, 6, 7], "texture": "#0"}
			}
		},
		{
			"from": [5.75, 0.25, 13.5],
			"to": [10.25, 0.75, 16.75],
			"rotation": {"angle": 0, "axis": "y", "origin": [15.5, 8, 8.75]},
			"faces": {
				"north": {"uv": [4.5, 1, 7, 1.5], "texture": "#0"},
				"east": {"uv": [7, 3.5, 8.5, 4], "texture": "#0"},
				"south": {"uv": [4.5, 3, 7, 3.5], "texture": "#0"},
				"west": {"uv": [2, 7.5, 3.5, 8], "texture": "#0"},
				"up": {"uv": [4.5, 3.5, 2, 2], "texture": "#0"},
				"down": {"uv": [4.5, 0, 2, 1.5], "texture": "#0"}
			}
		},
		{
			"from": [5.75, 0.25, 19],
			"to": [6.25, 0.75, 22],
			"rotation": {"angle": -22.5, "axis": "x", "origin": [8, 0.5, 16.75]},
			"faces": {
				"north": {"uv": [8.5, 1, 9, 1.5], "texture": "#0"},
				"east": {"uv": [5, 7.5, 6.5, 8], "texture": "#0"},
				"south": {"uv": [8.5, 1.5, 9, 2], "texture": "#0"},
				"west": {"uv": [6.5, 7.5, 8, 8], "texture": "#0"},
				"up": {"uv": [0.5, 8.5, 0, 7], "texture": "#0"},
				"down": {"uv": [1, 7, 0.5, 8.5], "texture": "#0"}
			}
		},
		{
			"from": [7.05, 0.25, 16.75],
			"to": [7.55, 0.75, 22],
			"rotation": {"angle": -22.5, "axis": "x", "origin": [8, 0.5, 16.75]},
			"faces": {
				"north": {"uv": [8.5, 2, 9, 2.5], "texture": "#0"},
				"east": {"uv": [5, 4, 7.5, 4.5], "texture": "#0"},
				"south": {"uv": [8.5, 2.5, 9, 3], "texture": "#0"},
				"west": {"uv": [5, 4.5, 7.5, 5], "texture": "#0"},
				"up": {"uv": [4.5, 8, 4, 5.5], "texture": "#0"},
				"down": {"uv": [5, 5.5, 4.5, 8], "texture": "#0"}
			}
		},
		{
			"from": [9.75, 0.25, 19],
			"to": [10.25, 0.75, 22],
			"rotation": {"angle": -22.5, "axis": "x", "origin": [8, 0.5, 16.75]},
			"faces": {
				"north": {"uv": [8.5, 3, 9, 3.5], "texture": "#0"},
				"east": {"uv": [7.5, 4, 9, 4.5], "texture": "#0"},
				"south": {"uv": [8.5, 3.5, 9, 4], "texture": "#0"},
				"west": {"uv": [7.5, 4.5, 9, 5], "texture": "#0"},
				"up": {"uv": [4, 8.5, 3.5, 7], "texture": "#0"},
				"down": {"uv": [2.5, 8, 2, 9.5], "texture": "#0"}
			}
		},
		{
			"from": [8.45, 0.25, 16.75],
			"to": [8.95, 0.75, 22],
			"rotation": {"angle": -22.5, "axis": "x", "origin": [8, 0.5, 16.75]},
			"faces": {
				"north": {"uv": [8.5, 5, 9, 5.5], "texture": "#0"},
				"east": {"uv": [6, 6, 8.5, 6.5], "texture": "#0"},
				"south": {"uv": [8.5, 5.5, 9, 6], "texture": "#0"},
				"west": {"uv": [6, 0, 8.5, 0.5], "texture": "#0"},
				"up": {"uv": [1.5, 8.5, 1, 6], "texture": "#0"},
				"down": {"uv": [2, 6, 1.5, 8.5], "texture": "#0"}
			}
		},
		{
			"from": [5.75, 0.25, 16.75],
			"to": [6.5, 0.75, 19],
			"rotation": {"angle": -22.5, "axis": "x", "origin": [8, 0.5, 16.75]},
			"faces": {
				"north": {"uv": [8.5, 6, 9, 6.5], "texture": "#0"},
				"east": {"uv": [8, 8, 9, 8.5], "texture": "#0"},
				"south": {"uv": [1, 9, 1.5, 9.5], "texture": "#0"},
				"west": {"uv": [8, 0.5, 9, 1], "texture": "#0"},
				"up": {"uv": [8.5, 3, 8, 2], "texture": "#0"},
				"down": {"uv": [8.5, 5, 8, 6], "texture": "#0"}
			}
		},
		{
			"from": [9.5, 0.25, 16.75],
			"to": [10.25, 0.75, 19],
			"rotation": {"angle": -22.5, "axis": "x", "origin": [8, 0.5, 16.75]},
			"faces": {
				"north": {"uv": [1.5, 9, 2, 9.5], "texture": "#0"},
				"east": {"uv": [8, 6.5, 9, 7], "texture": "#0"},
				"south": {"uv": [2.5, 9, 3, 9.5], "texture": "#0"},
				"west": {"uv": [8, 7, 9, 7.5], "texture": "#0"},
				"up": {"uv": [0.5, 9.5, 0, 8.5], "texture": "#0"},
				"down": {"uv": [1, 8.5, 0.5, 9.5], "texture": "#0"}
			}
		},
		{
			"from": [7.25, 1.25, 0.25],
			"to": [8.75, 2, 10.25],
			"rotation": {"angle": 0, "axis": "y", "origin": [15.5, 9, 8.25]},
			"faces": {
				"north": {"uv": [8, 7.5, 9, 8], "texture": "#0"},
				"east": {"uv": [2, 1.5, 7, 2], "texture": "#0"},
				"south": {"uv": [1, 8.5, 2, 9], "texture": "#0"},
				"west": {"uv": [2, 3.5, 7, 4], "texture": "#0"},
				"up": {"uv": [1, 5, 0, 0], "texture": "#0"},
				"down": {"uv": [2, 1, 1, 6], "texture": "#0"}
			}
		},
		{
			"from": [7.25, 0.25, 12.75],
			"to": [8.75, 1.1, 15.75],
			"rotation": {"angle": 22.5, "axis": "x", "origin": [15.5, 8.25, 13.75]},
			"faces": {
				"north": {"uv": [2.5, 8.5, 3.5, 9], "texture": "#0"},
				"east": {"uv": [4, 8, 5.5, 8.5], "texture": "#0"},
				"south": {"uv": [3.5, 8.5, 4.5, 9], "texture": "#0"},
				"west": {"uv": [5.5, 8, 7, 8.5], "texture": "#0"},
				"up": {"uv": [3, 7, 2, 5.5], "texture": "#0"},
				"down": {"uv": [4, 5.5, 3, 7], "texture": "#0"}
			}
		},
		{
			"from": [7, 1.25, -6.5],
			"to": [9, 2, -5.75],
			"rotation": {"angle": 0, "axis": "y", "origin": [15.5, 9, 1.5]},
			"faces": {
				"north": {"uv": [4.5, 8.5, 5.5, 9], "texture": "#0"},
				"east": {"uv": [3, 9, 3.5, 9.5], "texture": "#0"},
				"south": {"uv": [5.5, 8.5, 6.5, 9], "texture": "#0"},
				"west": {"uv": [3.5, 9, 4, 9.5], "texture": "#0"},
				"up": {"uv": [7.5, 9, 6.5, 8.5], "texture": "#0"},
				"down": {"uv": [8.5, 8.5, 7.5, 9], "texture": "#0"}
			}
		}
	],
	"display": {
		"thirdperson_righthand": {
			"rotation": [-90, 0, -90],
			"translation": [6.75, 5, 1.25]
		},
		"thirdperson_lefthand": {
			"rotation": [-90, 0, -90],
			"translation": [6.75, 5, 1.25]
		},
		"firstperson_righthand": {
			"rotation": [44, -180, -78],
			"translation": [0, 2.25, -1.5]
		},
		"firstperson_lefthand": {
			"rotation": [44, -180, -78],
			"translation": [0, 2.25, -1.5]
		},
		"ground": {
			"translation": [0, 6, 3.75]
		},
		"gui": {
			"rotation": [90, 135, 0],
			"translation": [1, 1, 0],
			"scale": [0.7, 0.7, 0.7]
		},
		"fixed": {
			"rotation": [-90, -45, 0],
			"translation": [-1.75, 1.5, -8]
		}
	},
	"groups": [
		{
			"name": "main",
			"origin": [8, 8, 8],
			"children": [0, 1, 2, 3, 4, 5, 6, 7, 8, 9, 10, 11, 12, 13]
		}
	]
}