{
	"credit": "Made with Blockbench",
	"texture_size": [32, 32],
	"textures": {
		"0": "thanksgiving20_crate/turkey",
		"particle": "thanksgiving20_crate/turkey"
	},
	"elements": [
		{
			"from": [5.5, 8, 5],
			"to": [10.5, 11, 8.25],
			"rotation": {"angle": -45, "axis": "x", "origin": [8.5, 8, 10]},
			"faces": {
				"north": {"uv": [5, 3.5, 7.5, 5], "texture": "#0"},
				"east": {"uv": [1, 12.5, 2.5, 14], "texture": "#0"},
				"south": {"uv": [11, 11, 13.5, 12.5], "texture": "#0"},
				"west": {"uv": [2.5, 12.5, 4, 14], "texture": "#0"},
				"up": {"uv": [13.5, 1.5, 11, 0], "texture": "#0"},
				"down": {"uv": [13.5, 1.5, 11, 3], "texture": "#0"}
			}
		},
		{
			"from": [5.25, 4.5, 6.25],
			"to": [10.75, 9, 13.25],
			"rotation": {"angle": 0, "axis": "y", "origin": [15.5, 12.5, 14.25]},
			"faces": {
				"north": {"uv": [8, 0, 11, 2.5], "texture": "#0"},
				"east": {"uv": [11.5, 8, 8, 10.5], "texture": "#0"},
				"south": {"uv": [8, 2.5, 11, 5], "texture": "#0"},
				"west": {"uv": [8, 8, 11.5, 10.5], "texture": "#0"},
				"up": {"uv": [8, 8.5, 5, 5], "texture": "#0"},
				"down": {"uv": [8, 0, 5, 3.5], "texture": "#0"}
			}
		},
		{
			"from": [7.14, 6.52, 4.56],
			"to": [8.86, 11.68, 6.28],
			"rotation": {"angle": 0, "axis": "x", "origin": [8, 6.52, 6.28]},
			"faces": {
				"north": {"uv": [11.5, 3, 12.5, 5.5], "texture": "#0"},
				"east": {"uv": [11.5, 5.5, 12.5, 8], "texture": "#0"},
				"south": {"uv": [11.5, 8, 12.5, 10.5], "texture": "#0"},
				"west": {"uv": [0, 12.5, 1, 15], "texture": "#0"},
				"up": {"uv": [9, 8, 8, 7], "texture": "#0"},
				"down": {"uv": [8, 8.5, 7, 9.5], "texture": "#0"}
			}
		},
		{
			"from": [4.75, 3, 10],
			"to": [5.75, 6, 11],
			"rotation": {"angle": 0, "axis": "x", "origin": [5.75, 1, 11]},
			"faces": {
				"north": {"uv": [7.5, 3.5, 8, 5], "texture": "#0"},
				"east": {"uv": [11, 3, 11.5, 4.5], "texture": "#0"},
				"south": {"uv": [11, 13, 11.5, 14.5], "texture": "#0"},
				"west": {"uv": [11.5, 13, 12, 14.5], "texture": "#0"},
				"up": {"uv": [5, 8.5, 4.5, 8], "texture": "#0"},
				"down": {"uv": [11.5, 4.5, 11, 5], "texture": "#0"}
			}
		},
		{
			"from": [4.5, 2.5, 9.5],
			"to": [6, 3, 11],
			"rotation": {"angle": 0, "axis": "x", "origin": [5.75, 0, 11]},
			"faces": {
				"north": {"uv": [3.5, 8, 4.5, 8.5], "texture": "#0"},
				"east": {"uv": [12.5, 10, 13.5, 10.5], "texture": "#0"},
				"south": {"uv": [13, 10.5, 14, 11], "texture": "#0"},
				"west": {"uv": [13, 12.5, 14, 13], "texture": "#0"},
				"up": {"uv": [10, 8, 9, 7], "texture": "#0"},
				"down": {"uv": [8, 9.5, 7, 10.5], "texture": "#0"}
			}
		},
		{
			"from": [10, 2.5, 9.5],
			"to": [11.5, 3, 11],
			"rotation": {"angle": 0, "axis": "x", "origin": [10.25, 0, 11]},
			"faces": {
				"north": {"uv": [5.5, 13.5, 6.5, 14], "texture": "#0"},
				"east": {"uv": [6.5, 13.5, 7.5, 14], "texture": "#0"},
				"south": {"uv": [7.5, 13.5, 8.5, 14], "texture": "#0"},
				"west": {"uv": [8.5, 13.5, 9.5, 14], "texture": "#0"},
				"up": {"uv": [11, 8, 10, 7], "texture": "#0"},
				"down": {"uv": [6, 12.5, 5, 13.5], "texture": "#0"}
			}
		},
		{
			"from": [10.25, 3, 10],
			"to": [11.25, 6, 11],
			"rotation": {"angle": 0, "axis": "x", "origin": [10.25, 1, 11]},
			"faces": {
				"north": {"uv": [12, 13, 12.5, 14.5], "texture": "#0"},
				"east": {"uv": [12.5, 13, 13, 14.5], "texture": "#0"},
				"south": {"uv": [13, 13, 13.5, 14.5], "texture": "#0"},
				"west": {"uv": [5, 13.5, 5.5, 15], "texture": "#0"},
				"up": {"uv": [14, 0.5, 13.5, 0], "texture": "#0"},
				"down": {"uv": [14, 0.5, 13.5, 1], "texture": "#0"}
			}
		},
		{
			"from": [6, 6, 12.75],
			"to": [10, 12, 13.25],
			"rotation": {"angle": 22.5, "axis": "x", "origin": [8, 6, 13.25]},
			"faces": {
				"north": {"uv": [7, 10.5, 9, 13.5], "texture": "#0"},
				"east": {"uv": [4, 12.5, 4.5, 15.5], "texture": "#0"},
				"south": {"uv": [9, 10.5, 7, 13.5], "texture": "#0"},
				"west": {"uv": [4.5, 12.5, 5, 15.5], "texture": "#0"},
				"up": {"uv": [13, 11, 11, 10.5], "texture": "#0"},
				"down": {"uv": [13, 12.5, 11, 13], "texture": "#0"}
			}
		},
		{
			"from": [3, 8, 13],
			"to": [13, 16, 13],
			"rotation": {"angle": 22.5, "axis": "x", "origin": [8, 6, 13.25]},
			"faces": {
				"north": {"uv": [0, 0, 5, 4], "texture": "#0"},
				"east": {"uv": [0, 0, 0, 4], "texture": "#0"},
				"south": {"uv": [5, 0, 0, 4], "texture": "#0"},
				"west": {"uv": [0, 0, 0, 4], "texture": "#0"},
				"up": {"uv": [5, 0, 0, 0], "texture": "#0"},
				"down": {"uv": [5, 0, 0, 0], "texture": "#0"}
			}
		},
		{
			"from": [6.925, 11.68, 3.915],
			"to": [9.075, 13.4, 6.28],
			"rotation": {"angle": 0, "axis": "x", "origin": [8, 11.68, 6.28]},
			"faces": {
				"north": {"uv": [6, 12.5, 7, 13.5], "texture": "#0"},
				"east": {"uv": [12.5, 3, 13.5, 4], "texture": "#0"},
				"south": {"uv": [12.5, 4, 13.5, 5], "texture": "#0"},
				"west": {"uv": [12.5, 5, 13.5, 6], "texture": "#0"},
				"up": {"uv": [13.5, 7, 12.5, 6], "texture": "#0"},
				"down": {"uv": [13.5, 7, 12.5, 8], "texture": "#0"}
			}
		},
		{
			"from": [7.355, 11.68, 2.41],
			"to": [8.645, 12.54, 3.915],
			"rotation": {"angle": 0, "axis": "x", "origin": [8, 11.68, 3.915]},
			"faces": {
				"north": {"uv": [13.5, 1, 14, 1.5], "texture": "#0"},
				"east": {"uv": [9.5, 13.5, 10.5, 14], "texture": "#0"},
				"south": {"uv": [13.5, 1.5, 14, 2], "texture": "#0"},
				"west": {"uv": [13.5, 13.5, 14.5, 14], "texture": "#0"},
				"up": {"uv": [11.5, 8, 11, 7], "texture": "#0"},
				"down": {"uv": [11, 13.5, 10.5, 14.5], "texture": "#0"}
			}
		},
		{
			"from": [8, 9.96, 3.27],
			"to": [8, 11.68, 4.775],
			"rotation": {"angle": 0, "axis": "x", "origin": [8, 10.82, 4.775]},
			"faces": {
				"north": {"uv": [0, 0, 0, 1], "texture": "#0"},
				"east": {"uv": [12.5, 8, 13.5, 9], "texture": "#0"},
				"south": {"uv": [0, 0, 0, 1], "texture": "#0"},
				"west": {"uv": [12.5, 9, 13.5, 10], "texture": "#0"},
				"up": {"uv": [0, 1, 0, 0], "texture": "#0"},
				"down": {"uv": [0, 0, 0, 1], "texture": "#0"}
			}
		},
		{
			"from": [2.5, 5, 8],
			"to": [2.5, 9, 15],
			"rotation": {"angle": -22.5, "axis": "y", "origin": [8, 12, 16]},
			"faces": {
				"north": {"uv": [0, 0, 0, 2], "texture": "#0"},
				"east": {"uv": [7, 8.5, 3.5, 10.5], "texture": "#0"},
				"south": {"uv": [0, 0, 0, 2], "texture": "#0"},
				"west": {"uv": [3.5, 8.5, 7, 10.5], "texture": "#0"},
				"up": {"uv": [0, 3.5, 0, 0], "texture": "#0"},
				"down": {"uv": [0, 0, 0, 3.5], "texture": "#0"}
			}
		},
		{
			"from": [13.5, 5, 8],
			"to": [13.5, 9, 15],
			"rotation": {"angle": 22.5, "axis": "y", "origin": [8, 12, 16]},
			"faces": {
				"north": {"uv": [0, 0, 0, 2], "texture": "#0"},
				"east": {"uv": [7, 8.5, 3.5, 10.5], "texture": "#0"},
				"south": {"uv": [0, 0, 0, 2], "texture": "#0"},
				"west": {"uv": [3.5, 8.5, 7, 10.5], "texture": "#0"},
				"up": {"uv": [0, 3.5, 0, 0], "texture": "#0"},
				"down": {"uv": [0, 0, 0, 3.5], "texture": "#0"}
			}
		}
	],
	"display": {
		"ground": {
			"translation": [0, 1.75, 0]
		},
		"gui": {
			"rotation": [0, -152, 0],
			"translation": [2.5, -0.5, 0],
			"scale": [1.35, 1.35, 1.35]
		},
		"head": {
			"translation": [0, 9.5, -4.5],
			"scale": [2.7, 2.7, 2.7]
		},
		"fixed": {
			"translation": [0, 0, -0.5],
			"scale": [2, 2, 2]
		}
	},
	"groups": [
		{
			"name": "main",
			"origin": [8, 8, 8],
			"children": [0, 1, 2, 3, 4, 5, 6, 7, 8, 9, 10, 11, 12, 13]
		}
	]
}