{
	"credit": "Made with Blockbench",
	"texture_size": [64, 64],
	"textures": {
		"0": "cybermonday_crate/cybermask",
		"particle": "cybermonday_crate/cybermask"
	},
	"elements": [
		{
			"from": [-0.75, 3.5, -1],
			"to": [1.75, 5.5, 15.5],
			"rotation": {"angle": -22.5, "axis": "x", "origin": [8, 11.5, 4]},
			"faces": {
				"north": {"uv": [0, 8.5, 4.5, 9], "texture": "#0"},
				"east": {"uv": [9, 1, 13.25, 1.5], "texture": "#0"},
				"south": {"uv": [0, 9, 4.5, 9.5], "texture": "#0"},
				"west": {"uv": [9, 1.5, 13.25, 2], "texture": "#0"},
				"up": {"uv": [4.5, 4.25, 0, 0], "texture": "#0"},
				"down": {"uv": [4.5, 4.25, 0, 8.5], "texture": "#0"}
			}
		},
		{
			"from": [14.25, 3.5, -1],
			"to": [16.75, 5.5, 15.5],
			"rotation": {"angle": -22.5, "axis": "x", "origin": [8, 11.5, 4]},
			"faces": {
				"north": {"uv": [0, 8.5, 4.5, 9], "texture": "#0"},
				"east": {"uv": [9, 1, 13.25, 1.5], "texture": "#0"},
				"south": {"uv": [0, 9, 4.5, 9.5], "texture": "#0"},
				"west": {"uv": [9, 1.5, 13.25, 2], "texture": "#0"},
				"up": {"uv": [4.5, 4.25, 0, 0], "texture": "#0"},
				"down": {"uv": [4.5, 4.25, 0, 8.5], "texture": "#0"}
			}
		},
		{
			"from": [1.75, 3.5, 13],
			"to": [14.25, 5.5, 15.5],
			"rotation": {"angle": -22.5, "axis": "x", "origin": [5.5, 11.5, 4]},
			"faces": {
				"north": {"uv": [0, 8.5, 4.5, 9], "texture": "#0"},
				"east": {"uv": [9, 1, 13.25, 1.5], "texture": "#0"},
				"south": {"uv": [0, 9, 4.5, 9.5], "texture": "#0"},
				"west": {"uv": [9, 1.5, 13.25, 2], "texture": "#0"},
				"up": {"uv": [4.5, 4.25, 0, 0], "texture": "#0"},
				"down": {"uv": [4.5, 4.25, 0, 8.5], "texture": "#0"}
			}
		},
		{
			"from": [-1, 0, -1],
			"to": [17, 7, 3],
			"rotation": {"angle": 0, "axis": "y", "origin": [8, 10, 8]},
			"faces": {
				"north": {"uv": [4.5, 4.5, 9, 6.25], "texture": "#0"},
				"east": {"uv": [9, 2, 10, 3.75], "texture": "#0"},
				"south": {"uv": [4.5, 0, 9, 1.75], "texture": "#0"},
				"west": {"uv": [9, 3.75, 10, 5.5], "texture": "#0"},
				"up": {"uv": [9, 2.75, 4.5, 1.75], "texture": "#0"},
				"down": {"uv": [9, 2.75, 4.5, 3.75], "texture": "#0"}
			}
		},
		{
			"from": [-1, 0, 3],
			"to": [17, 4, 6],
			"rotation": {"angle": 0, "axis": "y", "origin": [8, 10, 11]},
			"faces": {
				"north": {"uv": [4.5, 6.25, 9, 7.25], "texture": "#0"},
				"east": {"uv": [10, 2, 10.75, 3], "texture": "#0"},
				"south": {"uv": [4.5, 7.25, 9, 8.25], "texture": "#0"},
				"west": {"uv": [10, 3, 10.75, 4], "texture": "#0"},
				"up": {"uv": [9, 4.5, 4.5, 3.75], "texture": "#0"},
				"down": {"uv": [12.5, 8.25, 8, 9], "texture": "#0"}
			}
		},
		{
			"from": [3.5, 7, -1],
			"to": [12.5, 9, 3],
			"rotation": {"angle": 0, "axis": "y", "origin": [8.5, 15, 8]},
			"faces": {
				"north": {"uv": [9, 7.75, 11.25, 8.25], "texture": "#0"},
				"east": {"uv": [10.25, 9, 11.25, 9.5], "texture": "#0"},
				"south": {"uv": [9.75, 5.5, 12, 6], "texture": "#0"},
				"west": {"uv": [10.25, 9.5, 11.25, 10], "texture": "#0"},
				"up": {"uv": [10.25, 10, 8, 9], "texture": "#0"},
				"down": {"uv": [11.25, 0, 9, 1], "texture": "#0"}
			}
		},
		{
			"from": [4.5, -0.75, -2],
			"to": [11.5, 8, 1],
			"rotation": {"angle": 0, "axis": "y", "origin": [8.5, 15, 6]},
			"faces": {
				"north": {"uv": [4.5, 8.25, 6.25, 10.5], "texture": "#0"},
				"east": {"uv": [9, 5.5, 9.75, 7.75], "texture": "#0"},
				"south": {"uv": [6.25, 8.25, 8, 10.5], "texture": "#0"},
				"west": {"uv": [0, 9.5, 0.75, 11.75], "texture": "#0"},
				"up": {"uv": [2.5, 10.25, 0.75, 9.5], "texture": "#0"},
				"down": {"uv": [4.25, 9.5, 2.5, 10.25], "texture": "#0"}
			}
		},
		{
			"from": [0.5, 1.5, -2],
			"to": [3.5, 4.5, 0],
			"rotation": {"angle": 22.5, "axis": "y", "origin": [2, 3, -1]},
			"faces": {
				"north": {"uv": [9.75, 7, 10.5, 7.75], "texture": "#0"},
				"east": {"uv": [10.75, 3.5, 11.25, 4.25], "texture": "#0"},
				"south": {"uv": [10, 4, 10.75, 4.75], "texture": "#0"},
				"west": {"uv": [10.75, 4.25, 11.25, 5], "texture": "#0"},
				"up": {"uv": [11.5, 5.5, 10.75, 5], "texture": "#0"},
				"down": {"uv": [11.5, 6, 10.75, 6.5], "texture": "#0"}
			}
		},
		{
			"from": [12.5, 1.5, -2],
			"to": [15.5, 4.5, 0],
			"rotation": {"angle": -22.5, "axis": "y", "origin": [14, 3, -1]},
			"faces": {
				"north": {"uv": [10, 4.75, 10.75, 5.5], "texture": "#0"},
				"east": {"uv": [0.75, 11, 1.25, 11.75], "texture": "#0"},
				"south": {"uv": [0.75, 10.25, 1.5, 11], "texture": "#0"},
				"west": {"uv": [1.25, 11, 1.75, 11.75], "texture": "#0"},
				"up": {"uv": [11.5, 7, 10.75, 6.5], "texture": "#0"},
				"down": {"uv": [2.5, 11, 1.75, 11.5], "texture": "#0"}
			}
		},
		{
			"from": [0, 1, -3.5],
			"to": [4, 5, -2],
			"rotation": {"angle": 22.5, "axis": "y", "origin": [2, 3, -1]},
			"faces": {
				"north": {"uv": [9.75, 6, 10.75, 7], "texture": "#0"},
				"east": {"uv": [4.5, 10.5, 5, 11.5], "texture": "#0"},
				"south": {"uv": [8, 10, 9, 11], "texture": "#0"},
				"west": {"uv": [5, 10.5, 5.5, 11.5], "texture": "#0"},
				"up": {"uv": [6.5, 11, 5.5, 10.5], "texture": "#0"},
				"down": {"uv": [7.5, 10.5, 6.5, 11], "texture": "#0"}
			}
		},
		{
			"from": [-2, 0.5, 0],
			"to": [-1, 3.5, 3],
			"rotation": {"angle": 0, "axis": "y", "origin": [0, 2.5, 1]},
			"faces": {
				"north": {"uv": [4.25, 9.5, 4.5, 10.25], "texture": "#0"},
				"east": {"uv": [1.5, 10.25, 2.25, 11], "texture": "#0"},
				"south": {"uv": [2.5, 11, 2.75, 11.75], "texture": "#0"},
				"west": {"uv": [2.25, 10.25, 3, 11], "texture": "#0"},
				"up": {"uv": [3, 11.75, 2.75, 11], "texture": "#0"},
				"down": {"uv": [3.25, 11, 3, 11.75], "texture": "#0"}
			}
		},
		{
			"from": [17, 0.5, 0],
			"to": [18, 3.5, 3],
			"rotation": {"angle": 0, "axis": "y", "origin": [16, 2.5, 1]},
			"faces": {
				"north": {"uv": [3.25, 11, 3.5, 11.75], "texture": "#0"},
				"east": {"uv": [3, 10.25, 3.75, 11], "texture": "#0"},
				"south": {"uv": [3.5, 11, 3.75, 11.75], "texture": "#0"},
				"west": {"uv": [3.75, 10.25, 4.5, 11], "texture": "#0"},
				"up": {"uv": [4, 11.75, 3.75, 11], "texture": "#0"},
				"down": {"uv": [4.25, 11, 4, 11.75], "texture": "#0"}
			}
		},
		{
			"from": [12, 1, -3.5],
			"to": [16, 5, -2],
			"rotation": {"angle": -22.5, "axis": "y", "origin": [14, 3, -1]},
			"faces": {
				"north": {"uv": [9, 10, 10, 11], "texture": "#0"},
				"east": {"uv": [7.5, 10.5, 8, 11.5], "texture": "#0"},
				"south": {"uv": [10, 10, 11, 11], "texture": "#0"},
				"west": {"uv": [10.75, 2, 11.25, 3], "texture": "#0"},
				"up": {"uv": [11.5, 7.5, 10.5, 7], "texture": "#0"},
				"down": {"uv": [11.75, 3, 10.75, 3.5], "texture": "#0"}
			}
		}
	],
	"display": {
		"thirdperson_righthand": {
			"scale": [0.5, 0.5, 0.5]
		},
		"thirdperson_lefthand": {
			"scale": [0.5, 0.5, 0.5]
		},
		"ground": {
			"scale": [0.5, 0.5, 0.5]
		},
		"gui": {
			"rotation": [0, -158, 0],
			"translation": [0, 1.75, 0],
			"scale": [0.7, 0.7, 0.7]
		},
		"head": {
			"translation": [0, -0.5, -1],
			"scale": [0.85, 0.85, 0.85]
		},
		"fixed": {
			"translation": [0, 3.75, 4.75]
		}
	},
	"groups": [
		{
			"name": "main",
			"origin": [8, 8, 8],
			"children": [0, 1, 2, 3, 4, 5, 6, 7, 8, 9, 10, 11, 12]
		}
	]
}