{
	"credit": "Made with Blockbench",
	"textures": {
		"0": "item/water/sailor",
		"particle": "item/water/sailor"
	},
	"elements": [
		{
			"from": [4, -5, 6],
			"to": [8, 7, 10],
			"rotation": {"angle": 0, "axis": "x", "origin": [12, 6, 15]},
			"faces": {
				"north": {"uv": [5, 11, 6, 14], "texture": "#0"},
				"east": {"uv": [4, 11, 5, 14], "texture": "#0"},
				"south": {"uv": [7, 11, 8, 14], "texture": "#0"},
				"west": {"uv": [6, 11, 7, 14], "texture": "#0"},
				"up": {"uv": [6, 11, 5, 10], "texture": "#0"},
				"down": {"uv": [7, 10, 6, 11], "texture": "#0"}
			}
		},
		{
			"from": [8, -5, 6],
			"to": [12, 7, 10],
			"faces": {
				"north": {"uv": [9, 12, 10, 15], "texture": "#0"},
				"east": {"uv": [8, 12, 9, 15], "texture": "#0"},
				"south": {"uv": [11, 12, 12, 15], "texture": "#0"},
				"west": {"uv": [10, 12, 11, 15], "texture": "#0"},
				"up": {"uv": [10, 12, 9, 11], "texture": "#0"},
				"down": {"uv": [11, 11, 10, 12], "texture": "#0"}
			}
		},
		{
			"from": [11, 15, -1],
			"to": [15, 19, 11],
			"rotation": {"angle": 45, "axis": "x", "origin": [13, 17, 8]},
			"faces": {
				"north": {"uv": [12, 2.5, 11, 3.5], "rotation": 180, "texture": "#0"},
				"east": {"uv": [9, 3.5, 10, 6.5], "rotation": 270, "texture": "#0"},
				"south": {"uv": [11, 3.5, 10, 2.5], "texture": "#0"},
				"west": {"uv": [11, 3.5, 12, 6.5], "rotation": 90, "texture": "#0"},
				"up": {"uv": [10, 3.5, 11, 6.5], "rotation": 180, "texture": "#0"},
				"down": {"uv": [12, 3.5, 13, 6.5], "texture": "#0"}
			}
		},
		{
			"from": [0, 7, 6],
			"to": [4, 19, 10],
			"faces": {
				"north": {"uv": [1, 8.5, 2, 11.5], "texture": "#0"},
				"east": {"uv": [0, 8.5, 1, 11.5], "texture": "#0"},
				"south": {"uv": [3, 8.5, 4, 11.5], "texture": "#0"},
				"west": {"uv": [2, 8.5, 3, 11.5], "texture": "#0"},
				"up": {"uv": [2, 8.5, 1, 7.5], "texture": "#0"},
				"down": {"uv": [3, 7.5, 2, 8.5], "texture": "#0"}
			}
		},
		{
			"from": [-0.3, 10, 5.7],
			"to": [4.2, 13, 10.2],
			"faces": {
				"north": {"uv": [1, 10, 2, 10.75], "texture": "#0"},
				"east": {"uv": [0, 10, 1, 10.75], "texture": "#0"},
				"south": {"uv": [3, 10, 4, 10.75], "texture": "#0"},
				"west": {"uv": [3, 10, 4, 10.75], "texture": "#0"},
				"up": {"uv": [6.75, 1.75, 5.75, 0.75], "texture": "#0"},
				"down": {"uv": [6.75, 0.75, 5.75, 1.75], "texture": "#0"}
			}
		},
		{
			"from": [10.7, 22.2, -1.6],
			"to": [15.2, 25.2, 2.9],
			"rotation": {"angle": -45, "axis": "x", "origin": [19, 27, 7]},
			"faces": {
				"north": {"uv": [1, 10, 2, 10.75], "texture": "#0"},
				"east": {"uv": [0, 10, 1, 10.75], "texture": "#0"},
				"south": {"uv": [3, 10, 4, 10.75], "texture": "#0"},
				"west": {"uv": [3, 10, 4, 10.75], "texture": "#0"},
				"up": {"uv": [6.75, 1.75, 5.75, 0.75], "texture": "#0"},
				"down": {"uv": [6.75, 0.75, 5.75, 1.75], "texture": "#0"}
			}
		},
		{
			"from": [4, 7, 6],
			"to": [12, 19, 10],
			"faces": {
				"north": {"uv": [8, 8, 10, 11], "texture": "#0"},
				"east": {"uv": [7, 8, 8, 11], "texture": "#0"},
				"south": {"uv": [11, 8, 13, 11], "texture": "#0"},
				"west": {"uv": [10, 8, 11, 11], "texture": "#0"},
				"up": {"uv": [10, 8, 8, 7], "texture": "#0"},
				"down": {"uv": [12, 7, 10, 8], "texture": "#0"}
			}
		},
		{
			"from": [9, 14, 5.6],
			"to": [10, 18, 9.6],
			"rotation": {"angle": 22.5, "axis": "z", "origin": [13, 14, 13]},
			"faces": {
				"north": {"uv": [5.75, 0.75, 6.75, 1.25], "texture": "#0"},
				"east": {"uv": [5.75, 0.75, 6.25, 2], "texture": "#0"},
				"south": {"uv": [11, 8, 13, 11], "texture": "#0"},
				"west": {"uv": [6.25, 0.5, 7, 1.75], "texture": "#0"},
				"up": {"uv": [6.75, 1.75, 5.5, 1.25], "texture": "#0"},
				"down": {"uv": [6.75, 0.75, 6, 1.5], "texture": "#0"}
			}
		},
		{
			"from": [6, 14, 5.6],
			"to": [7, 18, 9.6],
			"rotation": {"angle": -22.5, "axis": "z", "origin": [3, 14, 13]},
			"faces": {
				"north": {"uv": [7.25, 0.5, 5.5, 1], "texture": "#0"},
				"east": {"uv": [6.75, 0.75, 5.75, 1.75], "texture": "#0"},
				"south": {"uv": [13, 8, 11, 11], "texture": "#0"},
				"west": {"uv": [7, 0.75, 6, 2], "texture": "#0"},
				"up": {"uv": [5.5, 1.5, 6.75, 1], "texture": "#0"},
				"down": {"uv": [5.75, 0.75, 6.5, 1.75], "texture": "#0"}
			}
		},
		{
			"from": [4, 19, 4],
			"to": [12, 27, 12],
			"faces": {
				"north": {"uv": [2, 5.5, 4, 7.5], "texture": "#0"},
				"east": {"uv": [0, 5.5, 2, 7.5], "texture": "#0"},
				"south": {"uv": [6, 5.5, 8, 7.5], "texture": "#0"},
				"west": {"uv": [4, 5.5, 6, 7.5], "texture": "#0"},
				"up": {"uv": [4, 5.5, 2, 3.5], "texture": "#0"},
				"down": {"uv": [6, 3.5, 4, 5.5], "texture": "#0"}
			}
		},
		{
			"from": [3, 25, 4],
			"to": [13, 29, 14],
			"rotation": {"angle": 22.5, "axis": "x", "origin": [7.96422, 27.49994, 8.03584]},
			"faces": {
				"north": {"uv": [2.5, 2.5, 5, 3.5], "texture": "#0"},
				"east": {"uv": [0, 2.5, 2.5, 3.5], "texture": "#0"},
				"south": {"uv": [7.5, 2.5, 10, 3.5], "texture": "#0"},
				"west": {"uv": [5, 2.5, 7.5, 3.5], "texture": "#0"},
				"up": {"uv": [5, 2.5, 2.5, 0], "texture": "#0"},
				"down": {"uv": [7.5, 0, 5, 2.5], "texture": "#0"}
			}
		},
		{
			"from": [7, 27, 4],
			"to": [9, 29, 13],
			"rotation": {"angle": 22.5, "axis": "x", "origin": [7.96422, 28.49994, 7.03584]},
			"faces": {
				"north": {"uv": [7.75, 0.5, 9.5, 2.25], "texture": "#0"},
				"east": {"uv": [0, 2.5, 2.75, 3.25], "texture": "#0"},
				"south": {"uv": [7.5, 2.5, 10, 3.5], "texture": "#0"},
				"west": {"uv": [5, 2.5, 7.5, 3.25], "texture": "#0"},
				"up": {"uv": [5, 2.5, 2.5, 0], "texture": "#0"},
				"down": {"uv": [7, 2.5, 4.5, 3.25], "texture": "#0"}
			}
		},
		{
			"from": [2.92838, 16.53572, 11.5359],
			"to": [6.92838, 23.53572, 12.5359],
			"faces": {
				"north": {"uv": [0.25, 0.25, 1.25, 2], "texture": "#0"},
				"east": {"uv": [0, 0.25, 0.25, 2], "texture": "#0"},
				"south": {"uv": [1.5, 0.25, 2.5, 2], "texture": "#0"},
				"west": {"uv": [1.25, 0.25, 1.5, 2], "texture": "#0"},
				"up": {"uv": [1.25, 0.25, 0.25, 0], "texture": "#0"},
				"down": {"uv": [2.25, 0, 1.25, 0.25], "texture": "#0"}
			}
		},
		{
			"from": [10, 22, -4],
			"to": [12.5, 24.5, 3],
			"faces": {
				"north": {"uv": [0, 0, 2.5, 2.5], "texture": "#0"},
				"east": {"uv": [12.5, 12.75, 13.25, 13.75], "texture": "#0"},
				"south": {"uv": [12.25, 14, 13.25, 15], "texture": "#0"},
				"west": {"uv": [12.75, 13, 13.25, 14], "rotation": 90, "texture": "#0"},
				"up": {"uv": [12.75, 12.75, 13.25, 13.75], "texture": "#0"},
				"down": {"uv": [12.75, 12.75, 13.25, 13.75], "texture": "#0"}
			}
		},
		{
			"from": [9.1, 21.2, -8],
			"to": [13.1, 25.2, -2],
			"faces": {
				"north": {"uv": [12.25, 14, 13.25, 15], "texture": "#0"},
				"east": {"uv": [12.25, 12.5, 13.25, 14], "rotation": 90, "texture": "#0"},
				"south": {"uv": [12.25, 13.25, 13.25, 14], "texture": "#0"},
				"west": {"uv": [12.25, 12.5, 13.25, 14], "rotation": 90, "texture": "#0"},
				"up": {"uv": [12.25, 12.5, 13.25, 14], "texture": "#0"},
				"down": {"uv": [12.25, 12.5, 13.25, 14], "texture": "#0"}
			}
		}
	],
	"display": {
		"thirdperson_righthand": {
			"rotation": [75, 0, -9.8],
			"translation": [1.5, 10.5, 53.75],
			"scale": [1.85, 1.7, 1.85]
		},
		"firstperson_righthand": {
			"rotation": [13.75, 0, 0],
			"scale": [0.5, 0.5, 0.5]
		},
		"gui": {
			"rotation": [-1, -180, 11],
			"translation": [-0.25, -1.5, 0],
			"scale": [0.5, 0.5, 0.5]
		},
		"head": {
			"rotation": [3.5, -6.25, 0],
			"translation": [0.25, -4.75, 1.5],
			"scale": [3.5, 3, 3.5]
		}
	}
}