{
	"credit": "Made with Blockbench",
	"texture_size": [64, 64],
	"textures": {
		"1": "christmas20_crate/santa_stockings"
	},
	"elements": [
		{
			"from": [2, 2.75, 6.99219],
			"to": [7.25, 7.25, 9.00781],
			"rotation": {"angle": 0, "axis": "y", "origin": [9, 8, 8.00781]},
			"faces": {
				"north": {"uv": [0.5, 5.5, 1.75, 6.5], "texture": "#1"},
				"east": {"uv": [0, 5.5, 0.5, 6.5], "texture": "#1"},
				"south": {"uv": [2.25, 5.5, 3.5, 6.5], "texture": "#1"},
				"west": {"uv": [1.75, 5.5, 2.25, 6.5], "texture": "#1"},
				"up": {"uv": [1.75, 5.5, 0.5, 5], "texture": "#1"},
				"down": {"uv": [3, 5, 1.75, 5.5], "texture": "#1"}
			}
		},
		{
			"from": [10.39878, 2.86959, 7],
			"to": [11.64878, 4.61959, 9],
			"rotation": {"angle": -45, "axis": "z", "origin": [9.30503, 8.11959, 8]},
			"faces": {
				"north": {"uv": [1.5, 8, 1.75, 8.25], "texture": "#1"},
				"east": {"uv": [1, 8, 1.5, 8.25], "texture": "#1"},
				"south": {"uv": [2.25, 8, 2.5, 8.25], "texture": "#1"},
				"west": {"uv": [1.75, 8, 2.25, 8.25], "texture": "#1"},
				"up": {"uv": [1.75, 8, 1.5, 7.5], "texture": "#1"},
				"down": {"uv": [2, 7.5, 1.75, 8], "texture": "#1"}
			}
		},
		{
			"from": [3.63388, 4.55546, 6.96875],
			"to": [6.13388, 5.80546, 9.03125],
			"rotation": {"angle": -45, "axis": "z", "origin": [8.13388, 3.30546, 7.98438]},
			"faces": {
				"north": {"uv": [4, 6.25, 4.5, 6.5], "texture": "#1"},
				"east": {"uv": [3.5, 6.25, 4, 6.5], "texture": "#1"},
				"south": {"uv": [5, 6.25, 5.5, 6.5], "texture": "#1"},
				"west": {"uv": [4.5, 6.25, 5, 6.5], "texture": "#1"},
				"up": {"uv": [4.5, 6.25, 4, 5.75], "texture": "#1"},
				"down": {"uv": [5, 5.75, 4.5, 6.25], "texture": "#1"}
			}
		},
		{
			"from": [6.98744, 3.98744, 6.98828],
			"to": [8.48744, 6.48744, 9.01172],
			"rotation": {"angle": 0, "axis": "y", "origin": [8.98744, 7.73744, 8.01172]},
			"faces": {
				"north": {"uv": [2, 7, 2.25, 7.5], "texture": "#1"},
				"east": {"uv": [1.5, 7, 2, 7.5], "texture": "#1"},
				"south": {"uv": [2.75, 7, 3, 7.5], "texture": "#1"},
				"west": {"uv": [2.25, 7, 2.75, 7.5], "texture": "#1"},
				"up": {"uv": [2.25, 7, 2, 6.5], "texture": "#1"},
				"down": {"uv": [2.5, 6.5, 2.25, 7], "texture": "#1"}
			}
		},
		{
			"from": [1, 8, 7],
			"to": [7, 19, 9],
			"rotation": {"angle": 22.5, "axis": "z", "origin": [8, 8, 8]},
			"faces": {
				"north": {"uv": [0.5, 0.5, 2, 3.25], "texture": "#1"},
				"east": {"uv": [0, 0.5, 0.5, 3.25], "texture": "#1"},
				"south": {"uv": [2.5, 0.5, 4, 3.25], "texture": "#1"},
				"west": {"uv": [2, 0.5, 2.5, 3.25], "texture": "#1"},
				"up": {"uv": [2, 0.5, 0.5, 0], "texture": "#1"},
				"down": {"uv": [3.5, 0, 2, 0.5], "texture": "#1"}
			}
		},
		{
			"from": [2.94922, 7.52734, 6.90625],
			"to": [8.94922, 10.52734, 9.04297],
			"rotation": {"angle": 45, "axis": "z", "origin": [8, 8, 8]},
			"faces": {
				"north": {"uv": [0.5, 11.75, 2, 12.5], "texture": "#1"},
				"east": {"uv": [0, 11.75, 0.5, 12.5], "texture": "#1"},
				"south": {"uv": [2.5, 11.75, 4, 12.5], "texture": "#1"},
				"west": {"uv": [2, 11.75, 2.5, 12.5], "texture": "#1"},
				"up": {"uv": [2, 11.75, 0.5, 11.25], "texture": "#1"},
				"down": {"uv": [3.5, 11.25, 2, 11.75], "texture": "#1"}
			}
		},
		{
			"from": [-2.05078, 8.52734, 6.90625],
			"to": [3.94922, 11.52734, 9.04297],
			"rotation": {"angle": 45, "axis": "z", "origin": [8, 8, 8]},
			"faces": {
				"north": {"uv": [0.5, 11.75, 2, 12.5], "texture": "#1"},
				"east": {"uv": [0, 11.75, 0.5, 12.5], "texture": "#1"},
				"south": {"uv": [2.5, 11.75, 4, 12.5], "texture": "#1"},
				"west": {"uv": [2, 11.75, 2.5, 12.5], "texture": "#1"},
				"up": {"uv": [2, 11.75, 0.5, 11.25], "texture": "#1"},
				"down": {"uv": [3.5, 11.25, 2, 11.75], "texture": "#1"}
			}
		},
		{
			"from": [2.94922, 13.52734, 6.98047],
			"to": [8.94922, 16.52734, 9.01953],
			"rotation": {"angle": 45, "axis": "z", "origin": [8, 8, 8]},
			"faces": {
				"north": {"uv": [0.5, 11.75, 2, 12.5], "texture": "#1"},
				"east": {"uv": [0, 11.75, 0.5, 12.5], "texture": "#1"},
				"south": {"uv": [2.5, 11.75, 4, 12.5], "texture": "#1"},
				"west": {"uv": [2, 11.75, 2.5, 12.5], "texture": "#1"},
				"up": {"uv": [2, 11.75, 0.5, 11.25], "texture": "#1"},
				"down": {"uv": [3.5, 11.25, 2, 11.75], "texture": "#1"}
			}
		},
		{
			"from": [0.25, 15.75, 6.5],
			"to": [7.75, 20, 9.5],
			"rotation": {"angle": 22.5, "axis": "z", "origin": [8, 8, 8]},
			"faces": {
				"north": {"uv": [0.75, 4, 2.5, 5], "texture": "#1"},
				"east": {"uv": [0, 4, 0.75, 5], "texture": "#1"},
				"south": {"uv": [3.25, 4, 5, 5], "texture": "#1"},
				"west": {"uv": [2.5, 4, 3.25, 5], "texture": "#1"},
				"up": {"uv": [2.5, 4, 0.75, 3.25], "texture": "#1"},
				"down": {"uv": [4.25, 3.25, 2.5, 4], "texture": "#1"}
			}
		},
		{
			"from": [2.14907, 17.88727, 7.5],
			"to": [3.64907, 22.13727, 8.5],
			"rotation": {"angle": 0, "axis": "y", "origin": [2.14907, 19.51227, 9]},
			"faces": {
				"north": {"uv": [0.25, 7.75, 0.5, 8.75], "texture": "#1"},
				"east": {"uv": [0, 7.75, 0.25, 8.75], "texture": "#1"},
				"south": {"uv": [0.75, 7.75, 1, 8.75], "texture": "#1"},
				"west": {"uv": [0.5, 7.75, 0.75, 8.75], "texture": "#1"},
				"up": {"uv": [0.5, 7.75, 0.25, 7.5], "texture": "#1"},
				"down": {"uv": [0.75, 7.5, 0.5, 7.75], "texture": "#1"}
			}
		},
		{
			"from": [-2.88672, 4, 6.98047],
			"to": [4, 8, 9.01953],
			"rotation": {"angle": 22.5, "axis": "z", "origin": [8, 8, 8.01953]},
			"faces": {
				"north": {"uv": [5.5, 3.75, 7, 4.75], "texture": "#1"},
				"east": {"uv": [5, 3.75, 5.5, 4.75], "texture": "#1"},
				"south": {"uv": [7.5, 3.75, 9, 4.75], "texture": "#1"},
				"west": {"uv": [7, 3.75, 7.5, 4.75], "texture": "#1"},
				"up": {"uv": [7, 3.75, 5.5, 3.25], "texture": "#1"},
				"down": {"uv": [8.5, 3.25, 7, 3.75], "texture": "#1"}
			}
		},
		{
			"from": [-1.99138, 7.95665, 6.98438],
			"to": [1.89534, 8.95665, 9],
			"rotation": {"angle": 22.5, "axis": "z", "origin": [7.89534, 7.95665, 8]},
			"faces": {
				"north": {"uv": [4, 5.5, 4.75, 5.75], "texture": "#1"},
				"east": {"uv": [3.5, 5.5, 4, 5.75], "texture": "#1"},
				"south": {"uv": [5.25, 5.5, 6, 5.75], "texture": "#1"},
				"west": {"uv": [4.75, 5.5, 5.25, 5.75], "texture": "#1"},
				"up": {"uv": [4.75, 5.5, 4, 5], "texture": "#1"},
				"down": {"uv": [5.5, 5, 4.75, 5.5], "texture": "#1"}
			}
		},
		{
			"from": [-1.85088, 3.44376, 7],
			"to": [-0.85088, 4.94376, 9],
			"rotation": {"angle": -22.5, "axis": "z", "origin": [-1.35088, 4.44376, 8]},
			"faces": {
				"north": {"uv": [6.5, 7, 6.75, 7.25], "texture": "#1"},
				"east": {"uv": [6, 7, 6.5, 7.25], "texture": "#1"},
				"south": {"uv": [7.25, 7, 7.5, 7.25], "texture": "#1"},
				"west": {"uv": [6.75, 7, 7.25, 7.25], "texture": "#1"},
				"up": {"uv": [6.75, 7, 6.5, 6.5], "texture": "#1"},
				"down": {"uv": [7, 6.5, 6.75, 7], "texture": "#1"}
			}
		},
		{
			"from": [-0.35088, 6.44376, 6.98828],
			"to": [0.64912, 7.94376, 9.01172],
			"rotation": {"angle": -22.5, "axis": "z", "origin": [-1.35088, 4.44376, 8.01172]},
			"faces": {
				"north": {"uv": [5, 7, 5.25, 7.25], "texture": "#1"},
				"east": {"uv": [4.5, 7, 5, 7.25], "texture": "#1"},
				"south": {"uv": [5.75, 7, 6, 7.25], "texture": "#1"},
				"west": {"uv": [5.25, 7, 5.75, 7.25], "texture": "#1"},
				"up": {"uv": [5.25, 7, 5, 6.5], "texture": "#1"},
				"down": {"uv": [5.5, 6.5, 5.25, 7], "texture": "#1"}
			}
		},
		{
			"from": [-0.75615, 1.16583, 7],
			"to": [1.07588, 2.16583, 9],
			"rotation": {"angle": -22.5, "axis": "z", "origin": [-2.25615, 4.66583, 8]},
			"faces": {
				"north": {"uv": [3.5, 7, 3.75, 7.25], "texture": "#1"},
				"east": {"uv": [3, 7, 3.5, 7.25], "texture": "#1"},
				"south": {"uv": [4.25, 7, 4.5, 7.25], "texture": "#1"},
				"west": {"uv": [3.75, 7, 4.25, 7.25], "texture": "#1"},
				"up": {"uv": [3.75, 7, 3.5, 6.5], "texture": "#1"},
				"down": {"uv": [4, 6.5, 3.75, 7], "texture": "#1"}
			}
		},
		{
			"from": [-2.20972, 0.85822, 7],
			"to": [-1.1355, 3.73322, 9],
			"rotation": {"angle": 0, "axis": "y", "origin": [-1.14917, 2.58869, 8]},
			"faces": {
				"north": {"uv": [0.5, 7, 0.75, 7.5], "texture": "#1"},
				"east": {"uv": [0, 7, 0.5, 7.5], "texture": "#1"},
				"south": {"uv": [1.25, 7, 1.5, 7.5], "texture": "#1"},
				"west": {"uv": [0.75, 7, 1.25, 7.5], "texture": "#1"},
				"up": {"uv": [0.75, 7, 0.5, 6.5], "texture": "#1"},
				"down": {"uv": [1, 6.5, 0.75, 7], "texture": "#1"}
			}
		}
	],
	"display": {
		"thirdperson_righthand": {
			"rotation": [29, 0, 0],
			"translation": [3, 2.5, 2.75],
			"scale": [0.5, 0.5, 0.5]
		},
		"thirdperson_lefthand": {
			"rotation": [29, 0, 0],
			"translation": [-2.75, 2.5, 2.75],
			"scale": [0.5, 0.5, 0.5]
		},
		"firstperson_righthand": {
			"rotation": [12.75, 12, 0],
			"translation": [3, 4, 1],
			"scale": [0.5, 0.5, 0.5]
		},
		"firstperson_lefthand": {
			"rotation": [38.5, 500, -15.5],
			"translation": [3, 3.25, 1],
			"scale": [0.5, 0.5, 0.5]
		},
		"ground": {
			"translation": [5.5, 4.75, 0]
		},
		"gui": {
			"rotation": [12.75, 21, 0],
			"translation": [4, -1.75, 1],
			"scale": [0.7, 0.7, 0.7]
		},
		"head": {
			"translation": [6.25, 0.5, -7.5]
		},
		"fixed": {
			"translation": [5.75, -2.5, -0.75],
			"scale": [0.9, 0.9, 0.9]
		}
	},
	"groups": [
		{
			"name": "group",
			"origin": [8, 8, 8],
			"children": [0, 1, 2, 3, 4,
				{
					"name": "group",
					"origin": [8, 8, 8],
					"children": [5, 6, 7]
				}, 8, 9, 10, 11, 12, 13, 14, 15]
		}
	]
}