{
	"credit": "Made with Blockbench",
	"texture_size": [128, 128],
	"textures": {
		"0": "manamodels:entity/rhino",
		"particle": "manamodels:entity/rhino"
	},
	"elements": [
		{
			"name": "head_0",
			"from": [5, 4.4, 3.2],
			"to": [11, 11.6, 8],
			"faces": {
				"north": {"uv": [4.75, 8.5, 6, 10], "texture": "#0", "tintindex": 0},
				"east": {"uv": [8.5, 1.5, 9.5, 3], "texture": "#0", "tintindex": 0},
				"south": {"uv": [8.5, 0, 9.75, 1.5], "texture": "#0", "tintindex": 0},
				"west": {"uv": [8.5, 3, 9.5, 4.5], "texture": "#0", "tintindex": 0},
				"up": {"uv": [8, 6, 6.75, 5], "texture": "#0", "tintindex": 0},
				"down": {"uv": [8.5, 6.5, 9.75, 7.5], "texture": "#0", "tintindex": 0}
			}
		},
		{
			"name": "head_1",
			"from": [5, 4.4, -1.6],
			"to": [11, 9.2, 3.2],
			"faces": {
				"north": {"uv": [9, 9.25, 10.25, 10.25], "texture": "#0", "tintindex": 0},
				"east": {"uv": [9.5, 7.5, 10.5, 8.5], "texture": "#0", "tintindex": 0},
				"south": {"uv": [6, 9.5, 7.25, 10.5], "texture": "#0", "tintindex": 0},
				"west": {"uv": [9.75, 0, 10.75, 1], "texture": "#0", "tintindex": 0},
				"up": {"uv": [10.75, 2.5, 9.5, 1.5], "texture": "#0", "tintindex": 0},
				"down": {"uv": [9.5, 2.5, 10.75, 3.5], "texture": "#0", "tintindex": 0}
			}
		},
		{
			"name": "horn_0",
			"from": [6.8, 7.3, -0.3],
			"to": [9.2, 9.7, 2.1],
			"rotation": {"angle": 45, "axis": "x", "origin": [8, 8.5, 0.9]},
			"faces": {
				"north": {"uv": [11, 8.5, 10.5, 8], "rotation": 180, "texture": "#0", "tintindex": 0},
				"east": {"uv": [10.25, 1, 10.75, 1.5], "rotation": 90, "texture": "#0", "tintindex": 0},
				"south": {"uv": [6.875, 10.75, 7.375, 11.25], "texture": "#0", "tintindex": 0},
				"west": {"uv": [10.5, 7.5, 11, 8], "rotation": 270, "texture": "#0", "tintindex": 0},
				"up": {"uv": [6.375, 10.5, 6.875, 11], "texture": "#0", "tintindex": 0},
				"down": {"uv": [9.75, 1, 10.25, 1.5], "rotation": 180, "texture": "#0", "tintindex": 0}
			}
		},
		{
			"name": "horn_1",
			"from": [6.95, 7.15, -6.19558],
			"to": [9.05, 9.25, 0.10442],
			"rotation": {"angle": 45, "axis": "x", "origin": [8, 8.5, 1.3]},
			"faces": {
				"north": {"uv": [7.75, 11.125, 7.375, 10.75], "rotation": 180, "texture": "#0", "tintindex": 0},
				"east": {"uv": [8, 5, 8.375, 6.25], "rotation": 90, "texture": "#0", "tintindex": 0},
				"south": {"uv": [10.75, 0, 11.125, 0.375], "texture": "#0", "tintindex": 0},
				"west": {"uv": [5.625, 10, 6, 11.25], "rotation": 270, "texture": "#0", "tintindex": 0},
				"up": {"uv": [7.25, 9.5, 7.625, 10.75], "texture": "#0", "tintindex": 0},
				"down": {"uv": [6.25, 3.25, 6.625, 4.5], "rotation": 180, "texture": "#0", "tintindex": 0}
			}
		},
		{
			"name": "ear_left_0",
			"from": [4.18952, 10.07905, 7.21937],
			"to": [5.98952, 13.67905, 7.81937],
			"rotation": {"angle": 0, "axis": "y", "origin": [5, 11, 7]},
			"faces": {
				"north": {"uv": [10.375, 6.75, 10.75, 7.5], "texture": "#0", "tintindex": 0},
				"east": {"uv": [6, 8.5, 6.125, 9.25], "texture": "#0", "tintindex": 0},
				"south": {"uv": [6, 10.5, 6.375, 11.25], "texture": "#0", "tintindex": 0},
				"west": {"uv": [6.125, 8.5, 6.25, 9.25], "texture": "#0", "tintindex": 0},
				"up": {"uv": [7.5, 6.125, 7.125, 6], "texture": "#0", "tintindex": 0},
				"down": {"uv": [7.125, 6.125, 7.5, 6.25], "texture": "#0", "tintindex": 0}
			}
		},
		{
			"name": "ear_right_0",
			"from": [10.01048, 10.07905, 7.21937],
			"to": [11.81048, 13.67905, 7.81937],
			"rotation": {"angle": 0, "axis": "y", "origin": [11, 11, 7]},
			"faces": {
				"north": {"uv": [2.5, 9, 2.875, 9.75], "texture": "#0", "tintindex": 0},
				"east": {"uv": [6.625, 3.25, 6.75, 4], "texture": "#0", "tintindex": 0},
				"south": {"uv": [10.375, 6, 10.75, 6.75], "texture": "#0", "tintindex": 0},
				"west": {"uv": [8.375, 5, 8.5, 5.75], "texture": "#0", "tintindex": 0},
				"up": {"uv": [7.125, 6.125, 6.75, 6], "texture": "#0", "tintindex": 0},
				"down": {"uv": [6.75, 6.125, 7.125, 6.25], "texture": "#0", "tintindex": 0}
			}
		}
	],
	"gui_light": "front",
	"display": {
		"gui": {
			"rotation": [35, -135, 0],
			"translation": [-4.25, 2, 0],
			"scale": [1.3, 1.3, 1.3]
		}
	}
}