{
	"credit": "Made with Blockbench",
	"texture_size": [32, 32],
	"textures": {
		"0": "furniture/livingroom/stool/traditional/traditional_lime",
		"particle": "furniture/livingroom/stool/traditional/traditional_lime"
	},
	"elements": [
		{
			"from": [3, 5, 3],
			"to": [13, 8, 13],
			"rotation": {"angle": 0, "axis": "y", "origin": [11, 13, 11]},
			"faces": {
				"north": {"uv": [5, 5, 10, 6.5], "texture": "#0"},
				"east": {"uv": [5, 0, 10, 1.5], "texture": "#0"},
				"south": {"uv": [5, 1.5, 10, 3], "texture": "#0"},
				"west": {"uv": [5, 3, 10, 4.5], "texture": "#0"},
				"up": {"uv": [5, 5, 0, 0], "texture": "#0"},
				"down": {"uv": [5, 5, 0, 10], "texture": "#0"}
			}
		},
		{
			"from": [3.75, 0, 3.75],
			"to": [5.25, 5, 5.25],
			"rotation": {"angle": 0, "axis": "y", "origin": [11, 10, 11]},
			"faces": {
				"north": {"uv": [5, 6.5, 6, 9], "texture": "#0"},
				"east": {"uv": [6, 6.5, 7, 9], "texture": "#0"},
				"south": {"uv": [7, 7, 8, 9.5], "texture": "#0"},
				"west": {"uv": [8, 8, 9, 10.5], "texture": "#0"},
				"up": {"uv": [9, 7.5, 8, 6.5], "texture": "#0"},
				"down": {"uv": [11, 2.5, 10, 3.5], "texture": "#0"}
			}
		},
		{
			"from": [3.75, 0, 10.75],
			"to": [5.25, 5, 12.25],
			"rotation": {"angle": 0, "axis": "y", "origin": [11, 10, 18]},
			"faces": {
				"north": {"uv": [5, 9, 6, 11.5], "texture": "#0"},
				"east": {"uv": [6, 9, 7, 11.5], "texture": "#0"},
				"south": {"uv": [9, 9, 10, 11.5], "texture": "#0"},
				"west": {"uv": [9, 6.5, 10, 9], "texture": "#0"},
				"up": {"uv": [11, 4.5, 10, 3.5], "texture": "#0"},
				"down": {"uv": [11, 4.5, 10, 5.5], "texture": "#0"}
			}
		},
		{
			"from": [10.75, 0, 3.75],
			"to": [12.25, 5, 5.25],
			"rotation": {"angle": 0, "axis": "y", "origin": [18, 10, 11]},
			"faces": {
				"north": {"uv": [7, 9.5, 8, 12], "texture": "#0"},
				"east": {"uv": [0, 10, 1, 12.5], "texture": "#0"},
				"south": {"uv": [1, 10, 2, 12.5], "texture": "#0"},
				"west": {"uv": [2, 10, 3, 12.5], "texture": "#0"},
				"up": {"uv": [11, 6.5, 10, 5.5], "texture": "#0"},
				"down": {"uv": [11, 6.5, 10, 7.5], "texture": "#0"}
			}
		},
		{
			"from": [10.75, 0, 10.75],
			"to": [12.25, 5, 12.25],
			"rotation": {"angle": 0, "axis": "y", "origin": [18, 10, 18]},
			"faces": {
				"north": {"uv": [3, 10, 4, 12.5], "texture": "#0"},
				"east": {"uv": [4, 10, 5, 12.5], "texture": "#0"},
				"south": {"uv": [10, 10, 11, 12.5], "texture": "#0"},
				"west": {"uv": [10, 0, 11, 2.5], "texture": "#0"},
				"up": {"uv": [11, 8.5, 10, 7.5], "texture": "#0"},
				"down": {"uv": [11, 8.5, 10, 9.5], "texture": "#0"}
			}
		}
	],
	"display": {
		"thirdperson_righthand": {
			"translation": [0, 1.75, 0]
		},
		"gui": {
			"rotation": [22.5, -45, 0],
			"translation": [0, 3, 0],
			"scale": [1.1, 1.1, 1.1]
		},
		"head": {
			"translation": [0, -27.25, 0],
			"scale": [2, 2, 2]
		}
	},
	"groups": [
		{
			"name": "main",
			"origin": [8, 8, 8],
			"children": [0, 1, 2, 3, 4]
		}
	]
}