{
	"credit": "Made with Blockbench",
	"texture_size": [64, 64],
	"textures": {
		"0": "newyear20_crate/partyhat",
		"particle": "newyear20_crate/partyhat"
	},
	"elements": [
		{
			"from": [2, 0, 2],
			"to": [14, 6, 14],
			"rotation": {"angle": 0, "axis": "y", "origin": [10, 8, 10]},
			"faces": {
				"north": {"uv": [8.00006, 8.50006, 10.99994, 9.99994], "texture": "#0"},
				"east": {"uv": [8.00006, 8.50006, 10.99994, 9.99994], "texture": "#0"},
				"south": {"uv": [9.00006, 10.00006, 11.99994, 11.49994], "texture": "#0"},
				"west": {"uv": [8.00006, 8.50006, 10.99994, 9.99994], "texture": "#0"},
				"up": {"uv": [13.99994, 8.49994, 11.00006, 5.50006], "texture": "#0"},
				"down": {"uv": [16.99994, 5.50006, 14.00006, 8.49994], "texture": "#0"}
			}
		},
		{
			"from": [4, 6, 4],
			"to": [12, 12, 12],
			"rotation": {"angle": 0, "axis": "y", "origin": [10, 13, 10]},
			"faces": {
				"north": {"uv": [6.00006, 6.50006, 7.99994, 7.99994], "texture": "#0"},
				"east": {"uv": [6.00006, 6.50006, 7.99994, 7.99994], "texture": "#0"},
				"south": {"uv": [6.00006, 6.50006, 7.99994, 7.99994], "texture": "#0"},
				"west": {"uv": [6.00006, 6.50006, 7.99994, 7.99994], "texture": "#0"},
				"up": {"uv": [3.99994, 6.49994, 2.00006, 4.50006], "texture": "#0"},
				"down": {"uv": [5.99994, 4.50006, 4.00006, 6.49994], "texture": "#0"}
			}
		},
		{
			"from": [6, 12, 6],
			"to": [10, 17, 10],
			"rotation": {"angle": 0, "axis": "y", "origin": [10, 18, 10]},
			"faces": {
				"north": {"uv": [6.00006, 3.75006, 6.99994, 4.99994], "texture": "#0"},
				"east": {"uv": [5.00006, 3.75006, 5.99994, 4.99994], "texture": "#0"},
				"south": {"uv": [8.00006, 3.75006, 8.99994, 4.99994], "texture": "#0"},
				"west": {"uv": [7.00006, 3.75006, 7.99994, 4.99994], "texture": "#0"},
				"up": {"uv": [6.99994, 3.74994, 6.00006, 2.75006], "texture": "#0"},
				"down": {"uv": [7.99994, 2.75006, 7.00006, 3.74994], "texture": "#0"}
			}
		},
		{
			"from": [7, 17, 7],
			"to": [9, 19, 9],
			"rotation": {"angle": 0, "axis": "y", "origin": [10, 20, 10]},
			"faces": {
				"north": {"uv": [5.00006, 10.25006, 5.49994, 10.74994], "texture": "#0"},
				"east": {"uv": [4.50006, 10.25006, 4.99994, 10.74994], "texture": "#0"},
				"south": {"uv": [6.00006, 10.25006, 6.49994, 10.74994], "texture": "#0"},
				"west": {"uv": [5.50006, 10.25006, 5.99994, 10.74994], "texture": "#0"},
				"up": {"uv": [5.49994, 10.24994, 5.00006, 9.75006], "texture": "#0"},
				"down": {"uv": [5.99994, 9.75006, 5.50006, 10.24994], "texture": "#0"}
			}
		},
		{
			"from": [0, 17, 8],
			"to": [16, 28, 8],
			"rotation": {"angle": 0, "axis": "y", "origin": [8, 23, 8]},
			"faces": {
				"north": {"uv": [0.00039, 0.00039, 3.99988, 2.74988], "texture": "#0"},
				"east": {"uv": [-0.03164, 0.00039, -0.06289, 2.74988], "texture": "#0"},
				"south": {"uv": [4.00039, 0.00039, 7.99988, 2.74988], "texture": "#0"},
				"west": {"uv": [4.00039, 0.00039, 4.00006, 2.74988], "texture": "#0"},
				"up": {"uv": [3.99988, -0.03164, 0.00039, -0.06289], "texture": "#0"},
				"down": {"uv": [7.99988, -0.03164, 4.00039, -0.06289], "texture": "#0"}
			}
		},
		{
			"from": [8, 17, 0],
			"to": [8, 28, 16],
			"rotation": {"angle": 0, "axis": "y", "origin": [8, 23, 8]},
			"faces": {
				"north": {"uv": [-0.03164, 0.00039, -0.06289, 2.74988], "texture": "#0"},
				"east": {"uv": [4.00039, 0.00039, 7.99988, 2.74988], "texture": "#0"},
				"south": {"uv": [4.00039, 0.00039, 4.00006, 2.74988], "texture": "#0"},
				"west": {"uv": [0.00039, 0.00039, 3.99988, 2.74988], "texture": "#0"},
				"up": {"uv": [3.99988, -0.03164, 0.00039, -0.06289], "rotation": 270, "texture": "#0"},
				"down": {"uv": [7.99988, -0.03164, 4.00039, -0.06289], "rotation": 90, "texture": "#0"}
			}
		}
	],
	"gui_light": "front",
	"display": {
		"thirdperson_righthand": {
			"scale": [0.55, 0.55, 0.55]
		},
		"thirdperson_lefthand": {
			"scale": [0.55, 0.55, 0.55]
		},
		"ground": {
			"scale": [0.55, 0.55, 0.55]
		},
		"gui": {
			"rotation": [10, 33, 0],
			"translation": [0, -1.75, 0],
			"scale": [0.8, 0.8, 0.8]
		},
		"head": {
			"rotation": [0, -180, 0],
			"translation": [0, 11.75, 0],
			"scale": [0.7, 0.7, 0.7]
		},
		"fixed": {
			"rotation": [0, -180, 0]
		}
	},
	"groups": [
		{
			"name": "main",
			"origin": [8, 8, 8],
			"children": [0, 1, 2, 3, 4, 5]
		}
	]
}