{
	"credit": "Made with Blockbench",
	"texture_size": [64, 64],
	"textures": {
		"0": "newyear20_crate/sword_animation",
		"particle": "newyear20_crate/sword_animation"
	},
	"elements": [
		{
			"from": [7.10044, -10.97277, 7.10044],
			"to": [8.89956, 0.62149, 8.89956],
			"rotation": {"angle": 0, "axis": "y", "origin": [15.19647, -3.8763, 14.29691]},
			"faces": {
				"north": {"uv": [3.75, 0, 4.25, 3], "texture": "#0"},
				"east": {"uv": [4, 4, 4.5, 7], "texture": "#0"},
				"south": {"uv": [4.25, 0, 4.75, 3], "texture": "#0"},
				"west": {"uv": [4.5, 4.5, 5, 7.5], "texture": "#0"},
				"up": {"uv": [5.5, 5, 5, 4.5], "texture": "#0"},
				"down": {"uv": [7.25, 3.5, 6.75, 4], "texture": "#0"}
			}
		},
		{
			"from": [6.20088, 1.52105, 7.55022],
			"to": [9.79912, 25.52801, 8.44978],
			"rotation": {"angle": 0, "axis": "y", "origin": [15.19647, 8.71752, 14.29691]},
			"faces": {
				"north": {"uv": [2, 1, 1, 7], "texture": "#0"},
				"east": {"uv": [5, 5, 5.25, 11], "texture": "#0"},
				"south": {"uv": [1, 1, 2, 7], "texture": "#0"},
				"west": {"uv": [5.25, 5.25, 5.5, 11.25], "texture": "#0"},
				"up": {"uv": [11.25, 2.5, 10.25, 2.25], "texture": "#0"},
				"down": {"uv": [11.5, 9.75, 10.5, 10], "texture": "#0"}
			}
		},
		{
			"from": [7.32533, 11.64108, 7.32533],
			"to": [8.67467, 24.12245, 8.67467],
			"rotation": {"angle": 0, "axis": "y", "origin": [15.19647, 8.71752, 14.0158]},
			"faces": {
				"north": {"uv": [1.25, 8.5, 1, 11.5], "texture": "#0"},
				"east": {"uv": [8.25, 0.5, 8.5, 3.5], "texture": "#0"},
				"south": {"uv": [1, 8.5, 1.25, 11.5], "texture": "#0"},
				"west": {"uv": [1.25, 8.5, 1.5, 11.5], "texture": "#0"},
				"up": {"uv": [5.5, 5.25, 5.25, 5], "texture": "#0"},
				"down": {"uv": [2.75, 9.75, 2.5, 10], "texture": "#0"}
			}
		},
		{
			"from": [7.04422, 6.86218, 7.32533],
			"to": [8.95578, 11.75353, 8.67467],
			"rotation": {"angle": 0, "axis": "y", "origin": [15.19647, 8.71752, 14.0158]},
			"faces": {
				"north": {"uv": [7, 9.25, 6.5, 10.5], "texture": "#0"},
				"east": {"uv": [2.5, 8.5, 2.75, 9.75], "texture": "#0"},
				"south": {"uv": [6.5, 9.25, 7, 10.5], "texture": "#0"},
				"west": {"uv": [0.5, 10.75, 0.75, 12], "texture": "#0"},
				"up": {"uv": [8, 7.5, 7.5, 7.25], "texture": "#0"},
				"down": {"uv": [9.75, 7.75, 9.25, 8], "texture": "#0"}
			}
		},
		{
			"from": [7.32533, 25.13446, 7.66267],
			"to": [8.67467, 27.4958, 8.33733],
			"rotation": {"angle": 0, "axis": "y", "origin": [15.19647, 12.09086, 14.0158]},
			"faces": {
				"north": {"uv": [12.5, 7.5, 12.25, 8], "texture": "#0"},
				"east": {"uv": [7.5, 0, 7.75, 0.5], "texture": "#0"},
				"south": {"uv": [12.25, 7.5, 12.5, 8], "texture": "#0"},
				"west": {"uv": [2.75, 12.5, 3, 13], "texture": "#0"},
				"up": {"uv": [5.25, 11.25, 5, 11], "texture": "#0"},
				"down": {"uv": [12.75, 10.5, 12.5, 10.75], "texture": "#0"}
			}
		},
		{
			"from": [5.7511, 11.52864, 7.12293],
			"to": [7.66267, 13.4402, 8.87707],
			"rotation": {"angle": 45, "axis": "z", "origin": [8, 13.77753, 6.65066]},
			"faces": {
				"north": {"uv": [4.5, 10.75, 4, 11.25], "texture": "#0"},
				"east": {"uv": [1.5, 10.75, 2, 11.25], "texture": "#0"},
				"south": {"uv": [4, 10.75, 4.5, 11.25], "texture": "#0"},
				"west": {"uv": [5.5, 10.75, 6, 11.25], "texture": "#0"},
				"up": {"uv": [8.5, 11.25, 8, 10.75], "texture": "#0"},
				"down": {"uv": [9, 10.75, 8.5, 11.25], "texture": "#0"}
			}
		},
		{
			"from": [8.56222, -12.70322, 6.56071],
			"to": [9.63045, -10.22943, 9.43929],
			"rotation": {"angle": 45, "axis": "z", "origin": [8, -11.85988, 6.65066]},
			"faces": {
				"north": {"uv": [3, 12.5, 3.25, 13], "texture": "#0"},
				"east": {"uv": [10, 0.5, 10.75, 1], "texture": "#0"},
				"south": {"uv": [4.5, 12.5, 4.75, 13], "texture": "#0"},
				"west": {"uv": [10, 2.5, 10.75, 3], "texture": "#0"},
				"up": {"uv": [6, 12.25, 5.75, 11.5], "texture": "#0"},
				"down": {"uv": [1, 11.75, 0.75, 12.5], "texture": "#0"}
			}
		},
		{
			"from": [8.56222, -2.70322, 6.56071],
			"to": [9.63045, -0.22943, 9.43929],
			"rotation": {"angle": 45, "axis": "z", "origin": [8, -1.85988, 6.65066]},
			"faces": {
				"north": {"uv": [4.75, 12.5, 4.5, 13], "texture": "#0"},
				"east": {"uv": [10, 0.5, 10.75, 1], "texture": "#0"},
				"south": {"uv": [4.5, 12.5, 4.75, 13], "texture": "#0"},
				"west": {"uv": [10, 2.5, 10.75, 3], "texture": "#0"},
				"up": {"uv": [6, 12.25, 5.75, 11.5], "texture": "#0"},
				"down": {"uv": [1, 11.75, 0.75, 12.5], "texture": "#0"}
			}
		},
		{
			"from": [7.15666, -11.29766, 6.56071],
			"to": [8.56222, -10.22943, 9.43929],
			"rotation": {"angle": 45, "axis": "z", "origin": [8, -11.85988, 6.65066]},
			"faces": {
				"north": {"uv": [12.5, 12.25, 12.75, 12.5], "texture": "#0"},
				"east": {"uv": [3, 2.75, 3.75, 3], "texture": "#0"},
				"south": {"uv": [9.25, 12.75, 9.5, 13], "texture": "#0"},
				"west": {"uv": [2.25, 11, 3, 11.25], "texture": "#0"},
				"up": {"uv": [2.25, 12.5, 2, 11.75], "texture": "#0"},
				"down": {"uv": [4.75, 11.75, 4.5, 12.5], "texture": "#0"}
			}
		},
		{
			"from": [7.15666, -1.29766, 6.56071],
			"to": [8.56222, -0.22943, 9.43929],
			"rotation": {"angle": 45, "axis": "z", "origin": [8, -1.85988, 6.65066]},
			"faces": {
				"north": {"uv": [9.5, 12.75, 9.25, 13], "texture": "#0"},
				"east": {"uv": [3, 2.75, 3.75, 3], "texture": "#0"},
				"south": {"uv": [9.25, 12.75, 9.5, 13], "texture": "#0"},
				"west": {"uv": [2.25, 11, 3, 11.25], "texture": "#0"},
				"up": {"uv": [2.25, 12.5, 2, 11.75], "texture": "#0"},
				"down": {"uv": [4.75, 11.75, 4.5, 12.5], "texture": "#0"}
			}
		},
		{
			"from": [4.62666, 4.88195, 7.12293],
			"to": [8.42167, 5.85017, 8.85207],
			"rotation": {"angle": 45, "axis": "z", "origin": [6.31333, 5.06306, 6.08844]},
			"faces": {
				"north": {"uv": [10.75, 0.5, 11.75, 0.75], "texture": "#0"},
				"east": {"uv": [9.5, 9.25, 10, 9.5], "texture": "#0"},
				"south": {"uv": [10.75, 0.75, 11.75, 1], "texture": "#0"},
				"west": {"uv": [7.5, 11, 8, 11.25], "texture": "#0"},
				"up": {"uv": [10.75, 8.5, 9.75, 8], "texture": "#0"},
				"down": {"uv": [11, 0, 10, 0.5], "texture": "#0"}
			}
		},
		{
			"from": [6.51011, 4.78195, 7.12293],
			"to": [11.37334, 5.85017, 8.87707],
			"rotation": {"angle": -45, "axis": "z", "origin": [9.68667, 5.06306, 6.08844]},
			"faces": {
				"north": {"uv": [8, 6, 9.25, 6.25], "texture": "#0"},
				"east": {"uv": [12.25, 2.25, 12.75, 2.5], "texture": "#0"},
				"south": {"uv": [8, 7.75, 9.25, 8], "texture": "#0"},
				"west": {"uv": [12.25, 9.75, 12.75, 10], "texture": "#0"},
				"up": {"uv": [10.25, 2, 9, 1.5], "texture": "#0"},
				"down": {"uv": [10.25, 2, 9, 2.5], "texture": "#0"}
			}
		},
		{
			"from": [10.43012, 2.81416, 7.15104],
			"to": [11.34523, 5.82206, 8.84896],
			"rotation": {"angle": -45, "axis": "z", "origin": [9.68667, 5.06306, 6.08844]},
			"faces": {
				"north": {"uv": [4.75, 11.75, 5, 12.5], "texture": "#0"},
				"east": {"uv": [10, 9.25, 10.5, 10], "texture": "#0"},
				"south": {"uv": [6, 11.75, 6.25, 12.5], "texture": "#0"},
				"west": {"uv": [10.25, 1.5, 10.75, 2.25], "texture": "#0"},
				"up": {"uv": [5, 13, 4.75, 12.5], "texture": "#0"},
				"down": {"uv": [5.25, 12.5, 5, 13], "texture": "#0"}
			}
		},
		{
			"from": [4.65477, 2.81416, 7.15104],
			"to": [5.51988, 5.82206, 8.84896],
			"rotation": {"angle": 45, "axis": "z", "origin": [6.31333, 5.06306, 6.08844]},
			"faces": {
				"north": {"uv": [6.25, 11.75, 6.5, 12.5], "texture": "#0"},
				"east": {"uv": [10.25, 8.5, 10.75, 9.25], "texture": "#0"},
				"south": {"uv": [11.75, 1.5, 12, 2.25], "texture": "#0"},
				"west": {"uv": [3, 10.5, 3.5, 11.25], "texture": "#0"},
				"up": {"uv": [5.5, 13, 5.25, 12.5], "texture": "#0"},
				"down": {"uv": [5.75, 12.5, 5.5, 13], "texture": "#0"}
			}
		},
		{
			"from": [7.747, 30.92536, 7.71327],
			"to": [8.59034, 31.7687, 8.28673],
			"rotation": {"angle": 45, "axis": "z", "origin": [8, 31.17837, 6.65066]},
			"faces": {
				"north": {"uv": [11.5, 12.75, 11.75, 13], "texture": "#0"},
				"east": {"uv": [11.25, 12.75, 11.5, 13], "texture": "#0"},
				"south": {"uv": [11.5, 12.75, 11.75, 13], "texture": "#0"},
				"west": {"uv": [12.5, 12.75, 12.75, 13], "texture": "#0"},
				"up": {"uv": [13, 13, 12.75, 12.75], "texture": "#0"},
				"down": {"uv": [13, 0, 12.75, 0.25], "texture": "#0"}
			}
		},
		{
			"from": [8, 27.83313, 7.43215],
			"to": [8.95578, 28.78891, 8.56785],
			"rotation": {"angle": 45, "axis": "z", "origin": [8, 27.83313, 6.65066]},
			"faces": {
				"north": {"uv": [13, 7.25, 12.75, 7.5], "texture": "#0"},
				"east": {"uv": [12.75, 2.25, 13, 2.5], "texture": "#0"},
				"south": {"uv": [12.75, 7.25, 13, 7.5], "texture": "#0"},
				"west": {"uv": [12.75, 8.75, 13, 9], "texture": "#0"},
				"up": {"uv": [13, 9.25, 12.75, 9], "texture": "#0"},
				"down": {"uv": [13, 9.25, 12.75, 9.5], "texture": "#0"}
			}
		},
		{
			"from": [8, -15.51434, 7.43215],
			"to": [8.95578, -14.55856, 8.56785],
			"rotation": {"angle": -45, "axis": "z", "origin": [8, -14.55856, 6.65066]},
			"faces": {
				"north": {"uv": [12.75, 9.5, 13, 9.75], "texture": "#0"},
				"east": {"uv": [12.75, 9.75, 13, 10], "texture": "#0"},
				"south": {"uv": [12.75, 10, 13, 10.25], "texture": "#0"},
				"west": {"uv": [12.75, 10.25, 13, 10.5], "texture": "#0"},
				"up": {"uv": [13, 10.75, 12.75, 10.5], "texture": "#0"},
				"down": {"uv": [13, 10.75, 12.75, 11], "texture": "#0"}
			}
		},
		{
			"from": [5.13266, 7.50874, 7.71327],
			"to": [8.73089, 8.85807, 8.28673],
			"rotation": {"angle": -45, "axis": "z", "origin": [7.38155, 8.85807, 6.65066]},
			"faces": {
				"north": {"uv": [11.75, 2.5, 10.75, 2.75], "texture": "#0"},
				"east": {"uv": [12.75, 11, 13, 11.25], "texture": "#0"},
				"south": {"uv": [10.75, 2.5, 11.75, 2.75], "texture": "#0"},
				"west": {"uv": [12.75, 11.25, 13, 11.5], "texture": "#0"},
				"up": {"uv": [11.75, 3, 10.75, 2.75], "texture": "#0"},
				"down": {"uv": [11.75, 3, 10.75, 3.25], "texture": "#0"}
			}
		},
		{
			"from": [5.36204, 13.10624, 7.7362],
			"to": [8.67242, 14.34763, 8.2638],
			"rotation": {"angle": -45, "axis": "z", "origin": [7.43103, 14.34763, 6.75861]},
			"faces": {
				"north": {"uv": [12.25, 11.25, 11.5, 11.5], "texture": "#0"},
				"east": {"uv": [12.75, 11.5, 13, 11.75], "texture": "#0"},
				"south": {"uv": [11.5, 11.25, 12.25, 11.5], "texture": "#0"},
				"west": {"uv": [12.75, 11.75, 13, 12], "texture": "#0"},
				"up": {"uv": [12.5, 0.75, 11.75, 0.5], "texture": "#0"},
				"down": {"uv": [12.5, 0.75, 11.75, 1], "texture": "#0"}
			}
		},
		{
			"from": [5.59143, 18.47885, 7.75914],
			"to": [8.61395, 19.61229, 8.24086],
			"rotation": {"angle": -45, "axis": "z", "origin": [7.48051, 19.61229, 6.86656]},
			"faces": {
				"north": {"uv": [12.5, 2.75, 11.75, 3], "texture": "#0"},
				"east": {"uv": [12.75, 12, 13, 12.25], "texture": "#0"},
				"south": {"uv": [11.75, 2.75, 12.5, 3], "texture": "#0"},
				"west": {"uv": [12.75, 12.25, 13, 12.5], "texture": "#0"},
				"up": {"uv": [12.5, 3.25, 11.75, 3], "texture": "#0"},
				"down": {"uv": [12.5, 3.25, 11.75, 3.5], "texture": "#0"}
			}
		},
		{
			"from": [5.13266, 23.25101, 7.62893],
			"to": [8.73089, 24.60034, 8.37107],
			"rotation": {"angle": -45, "axis": "z", "origin": [7.38155, 24.60034, 6.65066]},
			"faces": {
				"north": {"uv": [7.5, 11, 6.5, 11.25], "texture": "#0"},
				"east": {"uv": [0, 13, 0.25, 13.25], "texture": "#0"},
				"south": {"uv": [6.5, 11, 7.5, 11.25], "texture": "#0"},
				"west": {"uv": [0.25, 13, 0.5, 13.25], "texture": "#0"},
				"up": {"uv": [10, 11.25, 9, 11], "texture": "#0"},
				"down": {"uv": [11, 11, 10, 11.25], "texture": "#0"}
			}
		},
		{
			"from": [6.25711, 23.25101, 7.34782],
			"to": [8.73089, 24.60034, 8.65218],
			"rotation": {"angle": -45, "axis": "z", "origin": [8.506, 24.60034, 6.65066]},
			"faces": {
				"north": {"uv": [6.5, 12.5, 6, 12.75], "texture": "#0"},
				"east": {"uv": [0.5, 13, 0.75, 13.25], "texture": "#0"},
				"south": {"uv": [6, 12.5, 6.5, 12.75], "texture": "#0"},
				"west": {"uv": [1.5, 13, 1.75, 13.25], "texture": "#0"},
				"up": {"uv": [9.75, 12.75, 9.25, 12.5], "texture": "#0"},
				"down": {"uv": [10.25, 12.5, 9.75, 12.75], "texture": "#0"}
			}
		},
		{
			"from": [6.25711, -11.32577, 7.34782],
			"to": [8.73089, -9.97643, 8.65218],
			"rotation": {"angle": 45, "axis": "z", "origin": [8.506, -11.32577, 6.65066]},
			"faces": {
				"north": {"uv": [10.25, 12.5, 10.75, 12.75], "texture": "#0"},
				"east": {"uv": [1.75, 13, 2, 13.25], "texture": "#0"},
				"south": {"uv": [11.25, 12.5, 11.75, 12.75], "texture": "#0"},
				"west": {"uv": [2.75, 13, 3, 13.25], "texture": "#0"},
				"up": {"uv": [13, 12.75, 12.5, 12.5], "texture": "#0"},
				"down": {"uv": [13, 0.5, 12.5, 0.75], "texture": "#0"}
			}
		},
		{
			"from": [7.26911, 23.25101, 7.37593],
			"to": [9.74289, 24.60034, 8.62407],
			"rotation": {"angle": 45, "axis": "z", "origin": [7.494, 24.60034, 6.65066]},
			"faces": {
				"north": {"uv": [13, 1.5, 12.5, 1.75], "texture": "#0"},
				"east": {"uv": [3, 13, 3.25, 13.25], "texture": "#0"},
				"south": {"uv": [12.5, 1.5, 13, 1.75], "texture": "#0"},
				"west": {"uv": [3.25, 13, 3.5, 13.25], "texture": "#0"},
				"up": {"uv": [13, 2, 12.5, 1.75], "texture": "#0"},
				"down": {"uv": [13, 2, 12.5, 2.25], "texture": "#0"}
			}
		},
		{
			"from": [7.26911, -11.32577, 7.37593],
			"to": [9.74289, -9.97643, 8.62407],
			"rotation": {"angle": -45, "axis": "z", "origin": [7.494, -11.32577, 6.65066]},
			"faces": {
				"north": {"uv": [12.5, 2.5, 13, 2.75], "texture": "#0"},
				"east": {"uv": [4, 13, 4.25, 13.25], "texture": "#0"},
				"south": {"uv": [12.5, 2.75, 13, 3], "texture": "#0"},
				"west": {"uv": [4.25, 13, 4.5, 13.25], "texture": "#0"},
				"up": {"uv": [13, 3.25, 12.5, 3], "texture": "#0"},
				"down": {"uv": [13, 3.25, 12.5, 3.5], "texture": "#0"}
			}
		},
		{
			"from": [7.26911, 7.50874, 7.71327],
			"to": [10.86734, 8.85807, 8.28673],
			"rotation": {"angle": 45, "axis": "z", "origin": [8.61845, 8.85807, 6.65066]},
			"faces": {
				"north": {"uv": [6, 11.25, 5, 11.5], "texture": "#0"},
				"east": {"uv": [4.5, 13, 4.75, 13.25], "texture": "#0"},
				"south": {"uv": [5, 11.25, 6, 11.5], "texture": "#0"},
				"west": {"uv": [4.75, 13, 5, 13.25], "texture": "#0"},
				"up": {"uv": [7.5, 11.5, 6.5, 11.25], "texture": "#0"},
				"down": {"uv": [8.5, 11.25, 7.5, 11.5], "texture": "#0"}
			}
		},
		{
			"from": [7.32758, 13.10624, 7.7362],
			"to": [10.63796, 14.34763, 8.2638],
			"rotation": {"angle": 45, "axis": "z", "origin": [8.56897, 14.34763, 6.75861]},
			"faces": {
				"north": {"uv": [12.5, 9.25, 11.75, 9.5], "texture": "#0"},
				"east": {"uv": [5, 13, 5.25, 13.25], "texture": "#0"},
				"south": {"uv": [11.75, 9.25, 12.5, 9.5], "texture": "#0"},
				"west": {"uv": [5.25, 13, 5.5, 13.25], "texture": "#0"},
				"up": {"uv": [12.5, 9.75, 11.75, 9.5], "texture": "#0"},
				"down": {"uv": [12.5, 10, 11.75, 10.25], "texture": "#0"}
			}
		},
		{
			"from": [7.38605, 18.47885, 7.75914],
			"to": [10.40857, 19.61229, 8.24086],
			"rotation": {"angle": 45, "axis": "z", "origin": [8.51949, 19.61229, 6.86656]},
			"faces": {
				"north": {"uv": [12.5, 10.5, 11.75, 10.75], "texture": "#0"},
				"east": {"uv": [5.5, 13, 5.75, 13.25], "texture": "#0"},
				"south": {"uv": [11.75, 10.5, 12.5, 10.75], "texture": "#0"},
				"west": {"uv": [5.75, 13, 6, 13.25], "texture": "#0"},
				"up": {"uv": [0.75, 12.25, 0, 12], "texture": "#0"},
				"down": {"uv": [7.25, 12, 6.5, 12.25], "texture": "#0"}
			}
		},
		{
			"from": [7.44745, 18.67214, 7.41778],
			"to": [9.15571, 19.69224, 8.58222],
			"rotation": {"angle": 45, "axis": "z", "origin": [7.45554, 19.69224, 7.2329]},
			"faces": {
				"north": {"uv": [13, 3.75, 12.5, 4], "texture": "#0"},
				"east": {"uv": [6.5, 13, 6.75, 13.25], "texture": "#0"},
				"south": {"uv": [12.5, 3.75, 13, 4], "texture": "#0"},
				"west": {"uv": [6.75, 13, 7, 13.25], "texture": "#0"},
				"up": {"uv": [13, 4.25, 12.5, 4], "texture": "#0"},
				"down": {"uv": [13, 4.25, 12.5, 4.5], "texture": "#0"}
			}
		},
		{
			"from": [7.4143, 13.42903, 7.43907],
			"to": [9.22505, 14.51035, 8.56093],
			"rotation": {"angle": 45, "axis": "z", "origin": [7.42288, 14.51035, 7.18688]},
			"faces": {
				"north": {"uv": [13, 4.75, 12.5, 5], "texture": "#0"},
				"east": {"uv": [7, 13, 7.25, 13.25], "texture": "#0"},
				"south": {"uv": [12.5, 4.75, 13, 5], "texture": "#0"},
				"west": {"uv": [7.25, 13, 7.5, 13.25], "texture": "#0"},
				"up": {"uv": [13, 5.25, 12.5, 5], "texture": "#0"},
				"down": {"uv": [13, 5.25, 12.5, 5.5], "texture": "#0"}
			}
		},
		{
			"from": [6.84429, 18.67214, 7.41778],
			"to": [8.55255, 19.69224, 8.58222],
			"rotation": {"angle": -45, "axis": "z", "origin": [8.54446, 19.69224, 7.2329]},
			"faces": {
				"north": {"uv": [13, 5.75, 12.5, 6], "texture": "#0"},
				"east": {"uv": [7.5, 13, 7.75, 13.25], "texture": "#0"},
				"south": {"uv": [12.5, 5.75, 13, 6], "texture": "#0"},
				"west": {"uv": [7.75, 13, 8, 13.25], "texture": "#0"},
				"up": {"uv": [13, 6.25, 12.5, 6], "texture": "#0"},
				"down": {"uv": [13, 6.25, 12.5, 6.5], "texture": "#0"}
			}
		},
		{
			"from": [6.77495, 13.42903, 7.43907],
			"to": [8.5857, 14.51035, 8.56093],
			"rotation": {"angle": -45, "axis": "z", "origin": [8.57712, 14.51035, 7.18688]},
			"faces": {
				"north": {"uv": [13, 6.75, 12.5, 7], "texture": "#0"},
				"east": {"uv": [8, 13, 8.25, 13.25], "texture": "#0"},
				"south": {"uv": [12.5, 6.75, 13, 7], "texture": "#0"},
				"west": {"uv": [8.25, 13, 8.5, 13.25], "texture": "#0"},
				"up": {"uv": [13, 7.25, 12.5, 7], "texture": "#0"},
				"down": {"uv": [13, 7.5, 12.5, 7.75], "texture": "#0"}
			}
		},
		{
			"from": [7.26911, 23.25101, 7.65704],
			"to": [10.86734, 24.60034, 8.34296],
			"rotation": {"angle": 45, "axis": "z", "origin": [8.61845, 24.60034, 6.65066]},
			"faces": {
				"north": {"uv": [10.5, 11.25, 9.5, 11.5], "texture": "#0"},
				"east": {"uv": [8.5, 13, 8.75, 13.25], "texture": "#0"},
				"south": {"uv": [9.5, 11.25, 10.5, 11.5], "texture": "#0"},
				"west": {"uv": [9.25, 13, 9.5, 13.25], "texture": "#0"},
				"up": {"uv": [11.5, 11.5, 10.5, 11.25], "texture": "#0"},
				"down": {"uv": [12.25, 1, 11.25, 1.25], "texture": "#0"}
			}
		},
		{
			"from": [5.18888, 8.54885, 7.68515],
			"to": [8.78711, 12.14708, 8.31485],
			"rotation": {"angle": -22.5, "axis": "z", "origin": [7.43778, 9.89819, 6.65066]},
			"faces": {
				"north": {"uv": [7.5, 6.5, 6.5, 7.5], "texture": "#0"},
				"east": {"uv": [0, 11, 0.25, 12], "texture": "#0"},
				"south": {"uv": [6.5, 6.5, 7.5, 7.5], "texture": "#0"},
				"west": {"uv": [0.25, 11, 0.5, 12], "texture": "#0"},
				"up": {"uv": [12.25, 1.5, 11.25, 1.25], "texture": "#0"},
				"down": {"uv": [12.25, 2.25, 11.25, 2.5], "texture": "#0"}
			}
		},
		{
			"from": [5.63866, 19.35255, 7.73553],
			"to": [8.66118, 22.37506, 8.26447],
			"rotation": {"angle": -22.5, "axis": "z", "origin": [7.52773, 20.48599, 6.86656]},
			"faces": {
				"north": {"uv": [10.25, 8.5, 9.5, 9.25], "texture": "#0"},
				"east": {"uv": [3.5, 12, 3.75, 12.75], "texture": "#0"},
				"south": {"uv": [9.5, 8.5, 10.25, 9.25], "texture": "#0"},
				"west": {"uv": [3.75, 12, 4, 12.75], "texture": "#0"},
				"up": {"uv": [8, 12.25, 7.25, 12], "texture": "#0"},
				"down": {"uv": [8.75, 12, 8, 12.25], "texture": "#0"}
			}
		},
		{
			"from": [5.41377, 14.06314, 7.71034],
			"to": [8.72414, 17.37352, 8.28966],
			"rotation": {"angle": -22.5, "axis": "z", "origin": [7.48275, 15.30453, 6.75861]},
			"faces": {
				"north": {"uv": [10.5, 7.25, 9.75, 8], "texture": "#0"},
				"east": {"uv": [8.75, 12, 9, 12.75], "texture": "#0"},
				"south": {"uv": [9.75, 7.25, 10.5, 8], "texture": "#0"},
				"west": {"uv": [9, 12, 9.25, 12.75], "texture": "#0"},
				"up": {"uv": [10, 12.25, 9.25, 12], "texture": "#0"},
				"down": {"uv": [10.75, 12, 10, 12.25], "texture": "#0"}
			}
		},
		{
			"from": [5.18888, 24.29112, 7.65704],
			"to": [6.70688, 30.98159, 8.34296],
			"rotation": {"angle": -22.5, "axis": "z", "origin": [7.43778, 25.64046, 6.65066]},
			"faces": {
				"north": {"uv": [7.5, 7.5, 7, 9.25], "texture": "#0"},
				"east": {"uv": [4.75, 10, 5, 11.75], "texture": "#0"},
				"south": {"uv": [7, 7.5, 7.5, 9.25], "texture": "#0"},
				"west": {"uv": [6.25, 10, 6.5, 11.75], "texture": "#0"},
				"up": {"uv": [13, 8, 12.5, 7.75], "texture": "#0"},
				"down": {"uv": [13, 8, 12.5, 8.25], "texture": "#0"}
			}
		},
		{
			"from": [6.31333, 24.29112, 7.37593],
			"to": [7.55022, 27.88936, 8.62407],
			"rotation": {"angle": -22.5, "axis": "z", "origin": [8.56222, 25.64046, 6.65066]},
			"faces": {
				"north": {"uv": [3.5, 11.25, 3.25, 12.25], "texture": "#0"},
				"east": {"uv": [1.75, 11.25, 2, 12.25], "texture": "#0"},
				"south": {"uv": [3.25, 11.25, 3.5, 12.25], "texture": "#0"},
				"west": {"uv": [4, 11.25, 4.25, 12.25], "texture": "#0"},
				"up": {"uv": [9.75, 13.25, 9.5, 13], "texture": "#0"},
				"down": {"uv": [10, 13, 9.75, 13.25], "texture": "#0"}
			}
		},
		{
			"from": [6.31333, -14.61478, 7.37593],
			"to": [7.55022, -11.01655, 8.62407],
			"rotation": {"angle": 22.5, "axis": "z", "origin": [8.56222, -12.36588, 6.65066]},
			"faces": {
				"north": {"uv": [4.25, 11.25, 4.5, 12.25], "texture": "#0"},
				"east": {"uv": [11.25, 3.5, 11.5, 4.5], "texture": "#0"},
				"south": {"uv": [11.25, 4.5, 11.5, 5.5], "texture": "#0"},
				"west": {"uv": [11.25, 5.5, 11.5, 6.5], "texture": "#0"},
				"up": {"uv": [10.25, 13.25, 10, 13], "texture": "#0"},
				"down": {"uv": [10.5, 13, 10.25, 13.25], "texture": "#0"}
			}
		},
		{
			"from": [7.21289, 8.54885, 7.68515],
			"to": [10.81112, 12.14708, 8.31485],
			"rotation": {"angle": 22.5, "axis": "z", "origin": [8.56222, 9.89819, 6.65066]},
			"faces": {
				"north": {"uv": [6.5, 7.5, 5.5, 8.5], "texture": "#0"},
				"east": {"uv": [11.25, 6.5, 11.5, 7.5], "texture": "#0"},
				"south": {"uv": [5.5, 7.5, 6.5, 8.5], "texture": "#0"},
				"west": {"uv": [1, 11.5, 1.25, 12.5], "texture": "#0"},
				"up": {"uv": [12.25, 7.75, 11.25, 7.5], "texture": "#0"},
				"down": {"uv": [12.25, 7.75, 11.25, 8], "texture": "#0"}
			}
		},
		{
			"from": [7.27586, 14.06314, 7.71034],
			"to": [10.58623, 17.37352, 8.28966],
			"rotation": {"angle": 22.5, "axis": "z", "origin": [8.51725, 15.30453, 6.75861]},
			"faces": {
				"north": {"uv": [4.75, 10, 4, 10.75], "texture": "#0"},
				"east": {"uv": [10.75, 12, 11, 12.75], "texture": "#0"},
				"south": {"uv": [4, 10, 4.75, 10.75], "texture": "#0"},
				"west": {"uv": [11, 12, 11.25, 12.75], "texture": "#0"},
				"up": {"uv": [12, 12.25, 11.25, 12], "texture": "#0"},
				"down": {"uv": [12.75, 12, 12, 12.25], "texture": "#0"}
			}
		},
		{
			"from": [7.33882, 19.35255, 7.73553],
			"to": [10.36134, 22.37506, 8.26447],
			"rotation": {"angle": 22.5, "axis": "z", "origin": [8.47227, 20.48599, 6.86656]},
			"faces": {
				"north": {"uv": [10.75, 10, 10, 10.75], "texture": "#0"},
				"east": {"uv": [12, 1.5, 12.25, 2.25], "texture": "#0"},
				"south": {"uv": [10, 10, 10.75, 10.75], "texture": "#0"},
				"west": {"uv": [12, 3.5, 12.25, 4.25], "texture": "#0"},
				"up": {"uv": [12.75, 0.25, 12, 0], "texture": "#0"},
				"down": {"uv": [12.75, 0.25, 12, 0.5], "texture": "#0"}
			}
		},
		{
			"from": [8.16394, 19.45847, 7.39653],
			"to": [9.1132, 22.17873, 8.60347],
			"rotation": {"angle": 22.5, "axis": "z", "origin": [7.41304, 20.47857, 7.2329]},
			"faces": {
				"north": {"uv": [12.25, 5.75, 12, 6.5], "texture": "#0"},
				"east": {"uv": [12, 5, 12.25, 5.75], "texture": "#0"},
				"south": {"uv": [12, 5.75, 12.25, 6.5], "texture": "#0"},
				"west": {"uv": [12, 6.5, 12.25, 7.25], "texture": "#0"},
				"up": {"uv": [10.75, 13.25, 10.5, 13], "texture": "#0"},
				"down": {"uv": [11, 13, 10.75, 13.25], "texture": "#0"}
			}
		},
		{
			"from": [8.17378, 14.26254, 7.41655],
			"to": [9.18, 17.14602, 8.58345],
			"rotation": {"angle": 22.5, "axis": "z", "origin": [7.37782, 15.34384, 7.18688]},
			"faces": {
				"north": {"uv": [0.75, 12.25, 0.5, 13], "texture": "#0"},
				"east": {"uv": [0.25, 12.25, 0.5, 13], "texture": "#0"},
				"south": {"uv": [0.5, 12.25, 0.75, 13], "texture": "#0"},
				"west": {"uv": [1.5, 12.25, 1.75, 13], "texture": "#0"},
				"up": {"uv": [11.25, 13.25, 11, 13], "texture": "#0"},
				"down": {"uv": [11.5, 13, 11.25, 13.25], "texture": "#0"}
			}
		},
		{
			"from": [6.8868, 19.45847, 7.39653],
			"to": [7.83606, 22.17873, 8.60347],
			"rotation": {"angle": -22.5, "axis": "z", "origin": [8.58696, 20.47857, 7.2329]},
			"faces": {
				"north": {"uv": [4.25, 12.25, 4, 13], "texture": "#0"},
				"east": {"uv": [3.25, 12.25, 3.5, 13], "texture": "#0"},
				"south": {"uv": [4, 12.25, 4.25, 13], "texture": "#0"},
				"west": {"uv": [4.25, 12.25, 4.5, 13], "texture": "#0"},
				"up": {"uv": [11.75, 13.25, 11.5, 13], "texture": "#0"},
				"down": {"uv": [12, 13, 11.75, 13.25], "texture": "#0"}
			}
		},
		{
			"from": [6.82, 14.26254, 7.41655],
			"to": [7.82622, 17.14602, 8.58345],
			"rotation": {"angle": -22.5, "axis": "z", "origin": [8.62218, 15.34384, 7.18688]},
			"faces": {
				"north": {"uv": [7, 12.25, 6.75, 13], "texture": "#0"},
				"east": {"uv": [6.5, 12.25, 6.75, 13], "texture": "#0"},
				"south": {"uv": [6.75, 12.25, 7, 13], "texture": "#0"},
				"west": {"uv": [7, 12.25, 7.25, 13], "texture": "#0"},
				"up": {"uv": [12.25, 13.25, 12, 13], "texture": "#0"},
				"down": {"uv": [12.5, 13, 12.25, 13.25], "texture": "#0"}
			}
		},
		{
			"from": [9.29312, 24.29112, 7.68515],
			"to": [10.81112, 30.98159, 8.31485],
			"rotation": {"angle": 22.5, "axis": "z", "origin": [8.56222, 25.64046, 6.65066]},
			"faces": {
				"north": {"uv": [1, 8, 0.5, 9.75], "texture": "#0"},
				"east": {"uv": [3.5, 10.25, 3.75, 12], "texture": "#0"},
				"south": {"uv": [0.5, 8, 1, 9.75], "texture": "#0"},
				"west": {"uv": [3.75, 10.25, 4, 12], "texture": "#0"},
				"up": {"uv": [13, 8.5, 12.5, 8.25], "texture": "#0"},
				"down": {"uv": [13, 8.5, 12.5, 8.75], "texture": "#0"}
			}
		},
		{
			"from": [8.44978, 24.29112, 7.40404],
			"to": [9.68667, 27.88936, 8.59596],
			"rotation": {"angle": 22.5, "axis": "z", "origin": [7.43778, 25.64046, 6.65066]},
			"faces": {
				"north": {"uv": [2.75, 11.5, 2.5, 12.5], "texture": "#0"},
				"east": {"uv": [2.25, 11.5, 2.5, 12.5], "texture": "#0"},
				"south": {"uv": [2.5, 11.5, 2.75, 12.5], "texture": "#0"},
				"west": {"uv": [2.75, 11.5, 3, 12.5], "texture": "#0"},
				"up": {"uv": [12.75, 13.25, 12.5, 13], "texture": "#0"},
				"down": {"uv": [13, 13, 12.75, 13.25], "texture": "#0"}
			}
		},
		{
			"from": [8.44978, -14.61478, 7.40404],
			"to": [9.68667, -11.01655, 8.59596],
			"rotation": {"angle": -22.5, "axis": "z", "origin": [7.43778, -12.36588, 6.65066]},
			"faces": {
				"north": {"uv": [3, 11.5, 3.25, 12.5], "texture": "#0"},
				"east": {"uv": [5, 11.5, 5.25, 12.5], "texture": "#0"},
				"south": {"uv": [5.25, 11.5, 5.5, 12.5], "texture": "#0"},
				"west": {"uv": [5.5, 11.5, 5.75, 12.5], "texture": "#0"},
				"up": {"uv": [13.25, 13.25, 13, 13], "texture": "#0"},
				"down": {"uv": [13.25, 0, 13, 0.25], "texture": "#0"}
			}
		},
		{
			"from": [7.55022, -10.28565, 6.39204],
			"to": [8.44978, -9.3861, 9.60796],
			"rotation": {"angle": 45, "axis": "z", "origin": [8, -8.93632, 6.65066]},
			"faces": {
				"north": {"uv": [13, 0.25, 13.25, 0.5], "texture": "#0"},
				"east": {"uv": [12, 7.25, 12.75, 7.5], "texture": "#0"},
				"south": {"uv": [13, 0.5, 13.25, 0.75], "texture": "#0"},
				"west": {"uv": [12, 10.75, 12.75, 11], "texture": "#0"},
				"up": {"uv": [7.5, 13, 7.25, 12.25], "texture": "#0"},
				"down": {"uv": [7.75, 12.25, 7.5, 13], "texture": "#0"}
			}
		},
		{
			"from": [7.55022, -8.48654, 6.67315],
			"to": [8.44978, -7.58698, 9.32685],
			"rotation": {"angle": 45, "axis": "z", "origin": [8, -7.1372, 6.65066]},
			"faces": {
				"north": {"uv": [13, 0.75, 13.25, 1], "texture": "#0"},
				"east": {"uv": [12, 11, 12.75, 11.25], "texture": "#0"},
				"south": {"uv": [13, 1, 13.25, 1.25], "texture": "#0"},
				"west": {"uv": [12, 11.5, 12.75, 11.75], "texture": "#0"},
				"up": {"uv": [8, 13, 7.75, 12.25], "texture": "#0"},
				"down": {"uv": [8.25, 12.25, 8, 13], "texture": "#0"}
			}
		},
		{
			"from": [7.55022, -6.79987, 6.67315],
			"to": [8.44978, -5.90031, 9.32685],
			"rotation": {"angle": 45, "axis": "z", "origin": [8, -5.45053, 6.65066]},
			"faces": {
				"north": {"uv": [13, 1.25, 13.25, 1.5], "texture": "#0"},
				"east": {"uv": [12, 11.75, 12.75, 12], "texture": "#0"},
				"south": {"uv": [13, 1.5, 13.25, 1.75], "texture": "#0"},
				"west": {"uv": [9.25, 12.25, 10, 12.5], "texture": "#0"},
				"up": {"uv": [8.5, 13, 8.25, 12.25], "texture": "#0"},
				"down": {"uv": [8.75, 12.25, 8.5, 13], "texture": "#0"}
			}
		},
		{
			"from": [7.55022, -5.11319, 6.67315],
			"to": [8.44978, -4.21364, 9.32685],
			"rotation": {"angle": 45, "axis": "z", "origin": [8, -3.76386, 6.65066]},
			"faces": {
				"north": {"uv": [13, 1.75, 13.25, 2], "texture": "#0"},
				"east": {"uv": [10, 12.25, 10.75, 12.5], "texture": "#0"},
				"south": {"uv": [13, 2, 13.25, 2.25], "texture": "#0"},
				"west": {"uv": [11.25, 12.25, 12, 12.5], "texture": "#0"},
				"up": {"uv": [12.25, 13, 12, 12.25], "texture": "#0"},
				"down": {"uv": [12.5, 12.25, 12.25, 13], "texture": "#0"}
			}
		},
		{
			"from": [7.55022, -3.42652, 6.67315],
			"to": [8.44978, -2.52696, 9.32685],
			"rotation": {"angle": 45, "axis": "z", "origin": [8, -2.07718, 6.65066]},
			"faces": {
				"north": {"uv": [13, 2.25, 13.25, 2.5], "texture": "#0"},
				"east": {"uv": [12.25, 1, 13, 1.25], "texture": "#0"},
				"south": {"uv": [13, 2.5, 13.25, 2.75], "texture": "#0"},
				"west": {"uv": [12.25, 1.25, 13, 1.5], "texture": "#0"},
				"up": {"uv": [12.5, 2.25, 12.25, 1.5], "texture": "#0"},
				"down": {"uv": [12.5, 3.5, 12.25, 4.25], "texture": "#0"}
			}
		},
		{
			"from": [6.65066, -10.28565, 6.39204],
			"to": [7.55022, -8.48654, 9.60796],
			"rotation": {"angle": 45, "axis": "z", "origin": [8, -8.93632, 6.65066]},
			"faces": {
				"north": {"uv": [11.75, 12.5, 12, 13], "texture": "#0"},
				"east": {"uv": [10, 3, 10.75, 3.5], "texture": "#0"},
				"south": {"uv": [12.5, 8.75, 12.75, 9.25], "texture": "#0"},
				"west": {"uv": [6.5, 10.5, 7.25, 11], "texture": "#0"},
				"up": {"uv": [12.5, 5, 12.25, 4.25], "texture": "#0"},
				"down": {"uv": [12.5, 5, 12.25, 5.75], "texture": "#0"}
			}
		},
		{
			"from": [6.65066, -8.48654, 6.67315],
			"to": [7.55022, -6.68742, 9.32685],
			"rotation": {"angle": 45, "axis": "z", "origin": [8, -7.1372, 6.65066]},
			"faces": {
				"north": {"uv": [12.5, 9.25, 12.75, 9.75], "texture": "#0"},
				"east": {"uv": [7.25, 10.5, 8, 11], "texture": "#0"},
				"south": {"uv": [12.5, 10, 12.75, 10.5], "texture": "#0"},
				"west": {"uv": [10.5, 1, 11.25, 1.5], "texture": "#0"},
				"up": {"uv": [12.5, 6.5, 12.25, 5.75], "texture": "#0"},
				"down": {"uv": [12.5, 6.5, 12.25, 7.25], "texture": "#0"}
			}
		},
		{
			"from": [6.65066, -6.79987, 6.67315],
			"to": [7.55022, -5.00075, 9.32685],
			"rotation": {"angle": 45, "axis": "z", "origin": [8, -5.45053, 6.65066]},
			"faces": {
				"north": {"uv": [3.5, 12.75, 3.75, 13.25], "texture": "#0"},
				"east": {"uv": [10.5, 3.5, 11.25, 4], "texture": "#0"},
				"south": {"uv": [3.75, 12.75, 4, 13.25], "texture": "#0"},
				"west": {"uv": [10.5, 4, 11.25, 4.5], "texture": "#0"},
				"up": {"uv": [1, 13.25, 0.75, 12.5], "texture": "#0"},
				"down": {"uv": [1.25, 12.5, 1, 13.25], "texture": "#0"}
			}
		},
		{
			"from": [6.65066, -5.11319, 6.67315],
			"to": [7.55022, -3.31408, 9.32685],
			"rotation": {"angle": 45, "axis": "z", "origin": [8, -3.76386, 6.65066]},
			"faces": {
				"north": {"uv": [6, 12.75, 6.25, 13.25], "texture": "#0"},
				"east": {"uv": [10.5, 4.5, 11.25, 5], "texture": "#0"},
				"south": {"uv": [6.25, 12.75, 6.5, 13.25], "texture": "#0"},
				"west": {"uv": [10.5, 5, 11.25, 5.5], "texture": "#0"},
				"up": {"uv": [1.5, 13.25, 1.25, 12.5], "texture": "#0"},
				"down": {"uv": [2.25, 12.5, 2, 13.25], "texture": "#0"}
			}
		},
		{
			"from": [6.65066, -3.42652, 6.67315],
			"to": [7.55022, -1.6274, 9.32685],
			"rotation": {"angle": 45, "axis": "z", "origin": [8, -2.07718, 6.65066]},
			"faces": {
				"north": {"uv": [8.75, 12.75, 9, 13.25], "texture": "#0"},
				"east": {"uv": [10.5, 5.5, 11.25, 6], "texture": "#0"},
				"south": {"uv": [9, 12.75, 9.25, 13.25], "texture": "#0"},
				"west": {"uv": [10.5, 6, 11.25, 6.5], "texture": "#0"},
				"up": {"uv": [2.5, 13.25, 2.25, 12.5], "texture": "#0"},
				"down": {"uv": [2.75, 12.5, 2.5, 13.25], "texture": "#0"}
			}
		},
		{
			"from": [2.6, 3.45, 7.1],
			"to": [13.4, 5.25, 8.9],
			"rotation": {"angle": 0, "axis": "y", "origin": [24.2, 17.85, 21.5]},
			"faces": {
				"north": {"uv": [6.75, 3.5, 4, 4], "texture": "#0"},
				"east": {"uv": [11.25, 9.25, 11.75, 9.75], "texture": "#0"},
				"south": {"uv": [4, 3.5, 6.75, 4], "texture": "#0"},
				"west": {"uv": [6.5, 11.5, 7, 12], "texture": "#0"},
				"up": {"uv": [7.25, 4.5, 4.5, 4], "texture": "#0"},
				"down": {"uv": [7.5, 0, 4.75, 0.5], "texture": "#0"}
			}
		},
		{
			"from": [6.6, 5.2, 7.1],
			"to": [9.4, 7, 8.9],
			"rotation": {"angle": 0, "axis": "y", "origin": [24.2, 19.6, 21.5]},
			"faces": {
				"north": {"uv": [11.25, 7, 10.5, 7.5], "texture": "#0"},
				"east": {"uv": [7, 11.5, 7.5, 12], "texture": "#0"},
				"south": {"uv": [10.5, 7, 11.25, 7.5], "texture": "#0"},
				"west": {"uv": [7.5, 11.5, 8, 12], "texture": "#0"},
				"up": {"uv": [11.25, 8, 10.5, 7.5], "texture": "#0"},
				"down": {"uv": [11.25, 9.25, 10.5, 9.75], "texture": "#0"}
			}
		},
		{
			"from": [4.4, -0.15, 7.1375],
			"to": [11.6, 3.45, 8.8625],
			"rotation": {"angle": 0, "axis": "y", "origin": [24.2, 16.05, 21.5]},
			"faces": {
				"north": {"uv": [3.75, 1, 2, 2], "texture": "#0"},
				"east": {"uv": [0.5, 9.75, 1, 10.75], "texture": "#0"},
				"south": {"uv": [2, 1, 3.75, 2], "texture": "#0"},
				"west": {"uv": [2.25, 10, 2.75, 11], "texture": "#0"},
				"up": {"uv": [6.5, 3, 4.75, 2.5], "texture": "#0"},
				"down": {"uv": [9.25, 6.25, 7.5, 6.75], "texture": "#0"}
			}
		},
		{
			"from": [-4.6, -6.15, 7.8625],
			"to": [20.6, 12.45, 7.8625],
			"rotation": {"angle": 0, "axis": "y", "origin": [24.2, 16.05, 21.5]},
			"faces": {
				"north": {"uv": [13, 13.375, 9.25, 16], "texture": "#0"},
				"east": {"uv": [7, 9.25, 7.25, 9.75], "texture": "#0"},
				"south": {"uv": [9.25, 13.375, 13, 16], "texture": "#0"},
				"west": {"uv": [7.25, 9.25, 7.5, 9.75], "texture": "#0"},
				"up": {"uv": [10, 9, 8.75, 8.75], "texture": "#0"},
				"down": {"uv": [10, 0, 8.75, 0.25], "texture": "#0"}
			}
		},
		{
			"from": [-4.6, 7.05, 7.0625],
			"to": [1.7, 8.85, 8.9375],
			"rotation": {"angle": 45, "axis": "z", "origin": [11.6, 21.45, 21.5]},
			"faces": {
				"north": {"uv": [9.75, 4, 8.25, 4.5], "texture": "#0"},
				"east": {"uv": [8, 11.5, 8.5, 12], "texture": "#0"},
				"south": {"uv": [8.25, 4, 9.75, 4.5], "texture": "#0"},
				"west": {"uv": [8.5, 11.5, 9, 12], "texture": "#0"},
				"up": {"uv": [9.5, 9, 8, 8.5], "texture": "#0"},
				"down": {"uv": [10, 0.5, 8.5, 1], "texture": "#0"}
			}
		},
		{
			"from": [12.5, 8.85, 7.0375],
			"to": [14.3, 14.25, 8.9625],
			"rotation": {"angle": -22.5, "axis": "z", "origin": [-0.1, 25.05, 21.5]},
			"faces": {
				"north": {"uv": [9.75, 6, 9.25, 7.25], "texture": "#0"},
				"east": {"uv": [7.5, 9.25, 8, 10.5], "texture": "#0"},
				"south": {"uv": [9.25, 6, 9.75, 7.25], "texture": "#0"},
				"west": {"uv": [8, 9.5, 8.5, 10.75], "texture": "#0"},
				"up": {"uv": [9.5, 12, 9, 11.5], "texture": "#0"},
				"down": {"uv": [10, 11.5, 9.5, 12], "texture": "#0"}
			}
		},
		{
			"from": [1.7, 8.85, 7.0625],
			"to": [3.5, 14.25, 8.9375],
			"rotation": {"angle": 22.5, "axis": "z", "origin": [16.1, 25.05, 21.5]},
			"faces": {
				"north": {"uv": [10, 9.5, 9.5, 10.75], "texture": "#0"},
				"east": {"uv": [9, 9.5, 9.5, 10.75], "texture": "#0"},
				"south": {"uv": [9.5, 9.5, 10, 10.75], "texture": "#0"},
				"west": {"uv": [0, 9.75, 0.5, 11], "texture": "#0"},
				"up": {"uv": [10.5, 12, 10, 11.5], "texture": "#0"},
				"down": {"uv": [11, 11.5, 10.5, 12], "texture": "#0"}
			}
		},
		{
			"from": [-2.8, 2.1, 7.1],
			"to": [-1, 7.95, 8.9],
			"rotation": {"angle": 45, "axis": "z", "origin": [11.6, 18.75, 21.5]},
			"faces": {
				"north": {"uv": [4.5, 8.5, 4, 10], "texture": "#0"},
				"east": {"uv": [2, 8.5, 2.5, 10], "texture": "#0"},
				"south": {"uv": [4, 8.5, 4.5, 10], "texture": "#0"},
				"west": {"uv": [4.5, 8.5, 5, 10], "texture": "#0"},
				"up": {"uv": [11.5, 12, 11, 11.5], "texture": "#0"},
				"down": {"uv": [12, 11.5, 11.5, 12], "texture": "#0"}
			}
		},
		{
			"from": [12.5, 2.1, 7.0625],
			"to": [19.7, 3.9, 8.9375],
			"rotation": {"angle": -22.5, "axis": "z", "origin": [3.5, 16.5, 21.5]},
			"faces": {
				"north": {"uv": [2.75, 8, 1, 8.5], "texture": "#0"},
				"east": {"uv": [11.5, 3.5, 12, 4], "texture": "#0"},
				"south": {"uv": [1, 8, 2.75, 8.5], "texture": "#0"},
				"west": {"uv": [11.5, 4, 12, 4.5], "texture": "#0"},
				"up": {"uv": [9.75, 8.5, 8, 8], "texture": "#0"},
				"down": {"uv": [9.75, 4.5, 8, 5], "texture": "#0"}
			}
		},
		{
			"from": [-3.7, 2.1, 7.0375],
			"to": [3.5, 3.9, 8.9625],
			"rotation": {"angle": 22.5, "axis": "z", "origin": [12.5, 16.5, 21.5]},
			"faces": {
				"north": {"uv": [9.75, 5.5, 8, 6], "texture": "#0"},
				"east": {"uv": [11.5, 4.5, 12, 5], "texture": "#0"},
				"south": {"uv": [8, 5.5, 9.75, 6], "texture": "#0"},
				"west": {"uv": [11.5, 5, 12, 5.5], "texture": "#0"},
				"up": {"uv": [9.75, 7.75, 8, 7.25], "texture": "#0"},
				"down": {"uv": [10, 0, 8.25, 0.5], "texture": "#0"}
			}
		},
		{
			"from": [17, 2.1, 7.1],
			"to": [18.8, 7.95, 8.9],
			"rotation": {"angle": -45, "axis": "z", "origin": [4.4, 18.75, 21.5]},
			"faces": {
				"north": {"uv": [9, 1, 8.5, 2.5], "texture": "#0"},
				"east": {"uv": [6, 8.5, 6.5, 10], "texture": "#0"},
				"south": {"uv": [8.5, 1, 9, 2.5], "texture": "#0"},
				"west": {"uv": [3, 9, 3.5, 10.5], "texture": "#0"},
				"up": {"uv": [12, 6, 11.5, 5.5], "texture": "#0"},
				"down": {"uv": [12, 6, 11.5, 6.5], "texture": "#0"}
			}
		},
		{
			"from": [14.3, 7.05, 7.0625],
			"to": [20.6, 8.85, 8.9375],
			"rotation": {"angle": -45, "axis": "z", "origin": [4.4, 21.45, 21.5]},
			"faces": {
				"north": {"uv": [10, 3, 8.5, 3.5], "texture": "#0"},
				"east": {"uv": [11.5, 6.5, 12, 7], "texture": "#0"},
				"south": {"uv": [8.5, 3, 10, 3.5], "texture": "#0"},
				"west": {"uv": [11.5, 7, 12, 7.5], "texture": "#0"},
				"up": {"uv": [9.5, 9.5, 8, 9], "texture": "#0"},
				"down": {"uv": [10.5, 1, 9, 1.5], "texture": "#0"}
			}
		}
	],
	"gui_light": "front",
	"display": {
		"thirdperson_righthand": {
			"rotation": [0, 90, 0],
			"translation": [0, 9, 1.75],
			"scale": [0.8, 0.8, 0.8]
		},
		"thirdperson_lefthand": {
			"rotation": [0, 90, 0],
			"translation": [0, 9, 1.75],
			"scale": [0.8, 0.8, 0.8]
		},
		"firstperson_righthand": {
			"rotation": [0, -80, 0],
			"translation": [3, 2.75, 0],
			"scale": [0.8, 0.8, 0.8]
		},
		"firstperson_lefthand": {
			"rotation": [0, -80, 0],
			"translation": [3, 2.75, 0],
			"scale": [0.8, 0.8, 0.8]
		},
		"ground": {
			"translation": [0, 10.25, 0],
			"scale": [0.6, 0.6, 0.6]
		},
		"gui": {
			"rotation": [0, 0, -45],
			"scale": [0.5, 0.5, 0.5]
		}
	},
	"groups": [
		{
			"name": "main",
			"origin": [8, 8, 8],
			"children": [
				{
					"name": "group",
					"origin": [8, 8, 8],
					"children": [0, 1, 2, 3, 4, 5, 6, 7, 8, 9, 10, 11, 12, 13, 14, 15, 16, 17, 18, 19, 20, 21, 22, 23, 24, 25, 26, 27, 28, 29, 30, 31, 32, 33, 34, 35, 36, 37, 38, 39, 40, 41, 42, 43, 44, 45, 46, 47, 48, 49, 50, 51, 52, 53, 54, 55, 56, 57, 58]
				},
				{
					"name": "star",
					"origin": [8, 8, 8],
					"children": [59, 60, 61, 62, 63, 64, 65, 66, 67, 68, 69, 70]
				}
			]
		}
	]
}