{
	"credit": "Made with Blockbench",
	"texture_size": [128, 128],
	"textures": {
		"0": "newyear20_crate/axe_animation",
		"particle": "newyear20_crate/axe_animation"
	},
	"elements": [
		{
			"from": [4.4, -0.7, 7.4],
			"to": [11.6, 0.5, 8.6],
			"rotation": {"angle": 0, "axis": "y", "origin": [18.8, 8.9, 17]},
			"faces": {
				"north": {"uv": [5.75, 2.625, 6.625, 2.75], "texture": "#0"},
				"east": {"uv": [0.75, 6.5, 0.875, 6.625], "texture": "#0"},
				"south": {"uv": [5.875, 0.375, 6.75, 0.5], "texture": "#0"},
				"west": {"uv": [0.875, 6.5, 1, 6.625], "texture": "#0"},
				"up": {"uv": [6.75, 0.625, 5.875, 0.5], "texture": "#0"},
				"down": {"uv": [6.75, 0.625, 5.875, 0.75], "texture": "#0"}
			}
		},
		{
			"from": [5.6, -3.1, 7.425],
			"to": [10.4, -0.7, 8.575],
			"rotation": {"angle": 0, "axis": "y", "origin": [18.8, 7.7, 17]},
			"faces": {
				"north": {"uv": [4.375, 3.25, 5, 3.5], "texture": "#0"},
				"east": {"uv": [6.125, 3, 6.25, 3.25], "texture": "#0"},
				"south": {"uv": [5.5, 2, 6.125, 2.25], "texture": "#0"},
				"west": {"uv": [6.375, 4.375, 6.5, 4.625], "texture": "#0"},
				"up": {"uv": [3.5, 2, 2.875, 1.875], "texture": "#0"},
				"down": {"uv": [6.5, 5.5, 5.875, 5.625], "texture": "#0"}
			}
		},
		{
			"from": [-0.4, 1.7, 7.375],
			"to": [3.8, 2.9, 8.625],
			"rotation": {"angle": 45, "axis": "z", "origin": [10.4, 11.3, 17]},
			"faces": {
				"north": {"uv": [6.125, 2.375, 6.625, 2.5], "texture": "#0"},
				"east": {"uv": [1, 6.5, 1.125, 6.625], "texture": "#0"},
				"south": {"uv": [6.125, 2.5, 6.625, 2.625], "texture": "#0"},
				"west": {"uv": [1.125, 6.5, 1.25, 6.625], "texture": "#0"},
				"up": {"uv": [6.625, 2.875, 6.125, 2.75], "texture": "#0"},
				"down": {"uv": [6.625, 2.875, 6.125, 3], "texture": "#0"}
			}
		},
		{
			"from": [11, 2.9, 7.375],
			"to": [12.2, 6.5, 8.625],
			"rotation": {"angle": -22.5, "axis": "z", "origin": [2.6, 13.7, 17]},
			"faces": {
				"north": {"uv": [3.375, 1.375, 3.5, 1.875], "texture": "#0"},
				"east": {"uv": [6.125, 4.75, 6.25, 5.25], "texture": "#0"},
				"south": {"uv": [2.5, 6.25, 2.625, 6.75], "texture": "#0"},
				"west": {"uv": [2.625, 6.25, 2.75, 6.75], "texture": "#0"},
				"up": {"uv": [1.375, 6.625, 1.25, 6.5], "texture": "#0"},
				"down": {"uv": [1.5, 6.5, 1.375, 6.625], "texture": "#0"}
			}
		},
		{
			"from": [3.8, 2.9, 7.375],
			"to": [5, 6.5, 8.625],
			"rotation": {"angle": 22.5, "axis": "z", "origin": [13.4, 13.7, 17]},
			"faces": {
				"north": {"uv": [2.75, 6.25, 2.875, 6.75], "texture": "#0"},
				"east": {"uv": [2.875, 6.25, 3, 6.75], "texture": "#0"},
				"south": {"uv": [3, 6.25, 3.125, 6.75], "texture": "#0"},
				"west": {"uv": [3.125, 6.25, 3.25, 6.75], "texture": "#0"},
				"up": {"uv": [3.625, 6.625, 3.5, 6.5], "texture": "#0"},
				"down": {"uv": [3.75, 6.5, 3.625, 6.625], "texture": "#0"}
			}
		},
		{
			"from": [0.8, -1.6, 7.4],
			"to": [2, 2.3, 8.6],
			"rotation": {"angle": 45, "axis": "z", "origin": [10.4, 9.5, 17]},
			"faces": {
				"north": {"uv": [4, 6.25, 4.125, 6.75], "texture": "#0"},
				"east": {"uv": [4.125, 6.25, 4.25, 6.75], "texture": "#0"},
				"south": {"uv": [4.25, 6.25, 4.375, 6.75], "texture": "#0"},
				"west": {"uv": [6.125, 6.25, 6.25, 6.75], "texture": "#0"},
				"up": {"uv": [3.875, 6.625, 3.75, 6.5], "texture": "#0"},
				"down": {"uv": [4, 6.5, 3.875, 6.625], "texture": "#0"}
			}
		},
		{
			"from": [11, -1.6, 7.375],
			"to": [15.8, -0.4, 8.625],
			"rotation": {"angle": -22.5, "axis": "z", "origin": [5, 8, 17]},
			"faces": {
				"north": {"uv": [6, 4.625, 6.625, 4.75], "texture": "#0"},
				"east": {"uv": [6.375, 6.5, 6.5, 6.625], "texture": "#0"},
				"south": {"uv": [6, 5.625, 6.625, 5.75], "texture": "#0"},
				"west": {"uv": [6.5, 6.5, 6.625, 6.625], "texture": "#0"},
				"up": {"uv": [6.625, 5.875, 6, 5.75], "texture": "#0"},
				"down": {"uv": [6.625, 5.875, 6, 6], "texture": "#0"}
			}
		},
		{
			"from": [0.2, -1.6, 7.375],
			"to": [5, -0.4, 8.625],
			"rotation": {"angle": 22.5, "axis": "z", "origin": [11, 8, 17]},
			"faces": {
				"north": {"uv": [6.125, 6.125, 6.75, 6.25], "texture": "#0"},
				"east": {"uv": [6.5, 1, 6.625, 1.125], "texture": "#0"},
				"south": {"uv": [6.125, 2, 6.75, 2.125], "texture": "#0"},
				"west": {"uv": [6.5, 1.125, 6.625, 1.25], "texture": "#0"},
				"up": {"uv": [6.75, 2.25, 6.125, 2.125], "texture": "#0"},
				"down": {"uv": [6.75, 2.25, 6.125, 2.375], "texture": "#0"}
			}
		},
		{
			"from": [14, -1.6, 7.4],
			"to": [15.2, 2.3, 8.6],
			"rotation": {"angle": -45, "axis": "z", "origin": [5.6, 9.5, 17]},
			"faces": {
				"north": {"uv": [6.25, 6.25, 6.375, 6.75], "texture": "#0"},
				"east": {"uv": [6.25, 1.25, 6.375, 1.75], "texture": "#0"},
				"south": {"uv": [6.25, 3, 6.375, 3.5], "texture": "#0"},
				"west": {"uv": [6.25, 4.75, 6.375, 5.25], "texture": "#0"},
				"up": {"uv": [6.625, 1.375, 6.5, 1.25], "texture": "#0"},
				"down": {"uv": [6.625, 1.375, 6.5, 1.5], "texture": "#0"}
			}
		},
		{
			"from": [12.2, 1.7, 7.375],
			"to": [16.4, 2.9, 8.625],
			"rotation": {"angle": -45, "axis": "z", "origin": [5.6, 11.3, 17]},
			"faces": {
				"north": {"uv": [6.125, 6, 6.625, 6.125], "texture": "#0"},
				"east": {"uv": [6.5, 1.5, 6.625, 1.625], "texture": "#0"},
				"south": {"uv": [6.25, 0, 6.75, 0.125], "texture": "#0"},
				"west": {"uv": [6.5, 1.625, 6.625, 1.75], "texture": "#0"},
				"up": {"uv": [6.75, 0.25, 6.25, 0.125], "texture": "#0"},
				"down": {"uv": [6.75, 0.25, 6.25, 0.375], "texture": "#0"}
			}
		},
		{
			"from": [0, -9.5, 8],
			"to": [16, 6.5, 8],
			"rotation": {"angle": 0, "axis": "y", "origin": [8.5, -1, 7.5]},
			"faces": {
				"north": {"uv": [0, 0, 2, 2], "texture": "#0"},
				"east": {"uv": [0, 0, 0, 2], "texture": "#0"},
				"south": {"uv": [2, 0, 0, 2], "texture": "#0"},
				"west": {"uv": [0, 0, 0, 2], "texture": "#0"},
				"up": {"uv": [2, 0, 0, 0], "texture": "#0"},
				"down": {"uv": [2, 0, 0, 0], "texture": "#0"}
			}
		},
		{
			"from": [8.5, -16, 6],
			"to": [9.5, -12, 10],
			"rotation": {"angle": 45, "axis": "z", "origin": [8, -13.5, 7.5]},
			"faces": {
				"north": {"uv": [3.25, 6.375, 3.375, 6.875], "texture": "#0"},
				"east": {"uv": [2.875, 1.375, 3.375, 1.875], "texture": "#0"},
				"south": {"uv": [3.375, 6.375, 3.5, 6.875], "texture": "#0"},
				"west": {"uv": [5, 0.75, 5.5, 1.25], "texture": "#0"},
				"up": {"uv": [4.5, 6.875, 4.375, 6.375], "texture": "#0"},
				"down": {"uv": [4.625, 6.375, 4.5, 6.875], "texture": "#0"}
			}
		},
		{
			"from": [6.5, -16, 6],
			"to": [8.5, -15, 10],
			"rotation": {"angle": 45, "axis": "z", "origin": [8, -13.5, 7.5]},
			"faces": {
				"north": {"uv": [6.375, 3.375, 6.625, 3.5], "texture": "#0"},
				"east": {"uv": [6.25, 1.75, 6.75, 1.875], "texture": "#0"},
				"south": {"uv": [6.375, 5.125, 6.625, 5.25], "texture": "#0"},
				"west": {"uv": [6.25, 1.875, 6.75, 2], "texture": "#0"},
				"up": {"uv": [3.5, 6.375, 3.25, 5.875], "texture": "#0"},
				"down": {"uv": [6.125, 4.75, 5.875, 5.25], "texture": "#0"}
			}
		},
		{
			"from": [5.5, -16, 6],
			"to": [6.5, -12, 10],
			"rotation": {"angle": 45, "axis": "z", "origin": [8, -13.5, 7.5]},
			"faces": {
				"north": {"uv": [4.625, 6.375, 4.75, 6.875], "texture": "#0"},
				"east": {"uv": [5, 1.25, 5.5, 1.75], "texture": "#0"},
				"south": {"uv": [4.75, 6.375, 4.875, 6.875], "texture": "#0"},
				"west": {"uv": [5, 1.75, 5.5, 2.25], "texture": "#0"},
				"up": {"uv": [5, 6.875, 4.875, 6.375], "texture": "#0"},
				"down": {"uv": [5.125, 6.375, 5, 6.875], "texture": "#0"}
			}
		},
		{
			"from": [6.5, -13, 6],
			"to": [8.5, -12, 10],
			"rotation": {"angle": 45, "axis": "z", "origin": [8, -13.5, 7.5]},
			"faces": {
				"north": {"uv": [6.375, 6.25, 6.625, 6.375], "texture": "#0"},
				"east": {"uv": [6.25, 3.5, 6.75, 3.625], "texture": "#0"},
				"south": {"uv": [0.5, 6.5, 0.75, 6.625], "texture": "#0"},
				"west": {"uv": [6.25, 5.25, 6.75, 5.375], "texture": "#0"},
				"up": {"uv": [3.75, 6.5, 3.5, 6], "texture": "#0"},
				"down": {"uv": [4, 6, 3.75, 6.5], "texture": "#0"}
			}
		},
		{
			"from": [7.5, -0.8, 6.5],
			"to": [8.5, 0.2, 9.5],
			"rotation": {"angle": 45, "axis": "z", "origin": [8, -1.3, 7.5]},
			"faces": {
				"north": {"uv": [6.5, 3, 6.625, 3.125], "texture": "#0"},
				"east": {"uv": [6.25, 5.375, 6.625, 5.5], "texture": "#0"},
				"south": {"uv": [6.5, 3.125, 6.625, 3.25], "texture": "#0"},
				"west": {"uv": [6.375, 6.375, 6.75, 6.5], "texture": "#0"},
				"up": {"uv": [6, 6.75, 5.875, 6.375], "texture": "#0"},
				"down": {"uv": [6.125, 6.375, 6, 6.75], "texture": "#0"}
			}
		},
		{
			"from": [7.5, -1.8, 6.75],
			"to": [8.5, -0.8, 9.25],
			"rotation": {"angle": 45, "axis": "z", "origin": [8, -1.3, 7.5]},
			"faces": {
				"north": {"uv": [6.5, 3.25, 6.625, 3.375], "texture": "#0"},
				"east": {"uv": [6.5, 3.625, 6.625, 3.75], "texture": "#0"},
				"south": {"uv": [6.5, 3.75, 6.625, 3.875], "texture": "#0"},
				"west": {"uv": [6.5, 3.875, 6.625, 4], "texture": "#0"},
				"up": {"uv": [6.625, 4.125, 6.5, 4], "texture": "#0"},
				"down": {"uv": [6.625, 4.125, 6.5, 4.25], "texture": "#0"}
			}
		},
		{
			"from": [7.5, -2.8, 6.5],
			"to": [8.5, -1.8, 9.5],
			"rotation": {"angle": 45, "axis": "z", "origin": [8, -1.3, 7.5]},
			"faces": {
				"north": {"uv": [6.5, 4.25, 6.625, 4.375], "texture": "#0"},
				"east": {"uv": [6.375, 0.75, 6.75, 0.875], "texture": "#0"},
				"south": {"uv": [6.5, 4.375, 6.625, 4.5], "texture": "#0"},
				"west": {"uv": [6.375, 0.875, 6.75, 1], "texture": "#0"},
				"up": {"uv": [6.5, 1.375, 6.375, 1], "texture": "#0"},
				"down": {"uv": [6.5, 1.375, 6.375, 1.75], "texture": "#0"}
			}
		},
		{
			"from": [6.5, -2.8, 6.5],
			"to": [7.5, 0.2, 9.5],
			"rotation": {"angle": 45, "axis": "z", "origin": [8, -1.3, 7.5]},
			"faces": {
				"north": {"uv": [6.375, 3, 6.5, 3.375], "texture": "#0"},
				"east": {"uv": [5.75, 2.25, 6.125, 2.625], "texture": "#0"},
				"south": {"uv": [6.375, 3.625, 6.5, 4], "texture": "#0"},
				"west": {"uv": [2.5, 5.875, 2.875, 6.25], "texture": "#0"},
				"up": {"uv": [6.5, 4.375, 6.375, 4], "texture": "#0"},
				"down": {"uv": [6.5, 4.75, 6.375, 5.125], "texture": "#0"}
			}
		},
		{
			"from": [8.5, -2.8, 6.5],
			"to": [9.5, 0.2, 9.5],
			"rotation": {"angle": 45, "axis": "z", "origin": [8, -1.3, 7.5]},
			"faces": {
				"north": {"uv": [0, 6.5, 0.125, 6.875], "texture": "#0"},
				"east": {"uv": [2.875, 5.875, 3.25, 6.25], "texture": "#0"},
				"south": {"uv": [0.125, 6.5, 0.25, 6.875], "texture": "#0"},
				"west": {"uv": [5.875, 0, 6.25, 0.375], "texture": "#0"},
				"up": {"uv": [0.375, 6.875, 0.25, 6.5], "texture": "#0"},
				"down": {"uv": [0.5, 6.5, 0.375, 6.875], "texture": "#0"}
			}
		},
		{
			"from": [6.5, -15, 6.5],
			"to": [8.5, -13, 9.5],
			"rotation": {"angle": 45, "axis": "z", "origin": [8, -13.5, 7.5]},
			"faces": {
				"north": {"uv": [5, 2.25, 5.25, 2.5], "texture": "#0"},
				"east": {"uv": [5.875, 5.25, 6.25, 5.5], "texture": "#0"},
				"south": {"uv": [5.125, 6.375, 5.375, 6.625], "texture": "#0"},
				"west": {"uv": [4, 6, 4.375, 6.25], "texture": "#0"},
				"up": {"uv": [4.625, 6.375, 4.375, 6], "texture": "#0"},
				"down": {"uv": [4.875, 6, 4.625, 6.375], "texture": "#0"}
			}
		},
		{
			"from": [7, -13, 7],
			"to": [9, 24, 9],
			"rotation": {"angle": 0, "axis": "y", "origin": [15, 8, 15]},
			"faces": {
				"north": {"uv": [1.5, 4, 1.75, 8.625], "texture": "#0"},
				"east": {"uv": [1.5, 4, 1.75, 8.625], "texture": "#0"},
				"south": {"uv": [1.5, 4, 1.75, 8.625], "texture": "#0"},
				"west": {"uv": [1.5, 4, 1.75, 8.625], "texture": "#0"},
				"up": {"uv": [5.625, 6.625, 5.375, 6.375], "texture": "#0"},
				"down": {"uv": [5.875, 6.375, 5.625, 6.625], "texture": "#0"}
			}
		},
		{
			"from": [6.25, 22, 6.25],
			"to": [9.75, 25, 9.75],
			"rotation": {"angle": 0, "axis": "y", "origin": [15, 8, 15]},
			"faces": {
				"north": {"uv": [5.5, 1.25, 6, 1.625], "texture": "#0"},
				"east": {"uv": [5.5, 1.25, 6, 1.625], "texture": "#0"},
				"south": {"uv": [5.5, 1.25, 6, 1.625], "texture": "#0"},
				"west": {"uv": [5.5, 1.25, 6, 1.625], "texture": "#0"},
				"up": {"uv": [5.5, 3.75, 5, 3.25], "texture": "#0"},
				"down": {"uv": [5.5, 3.75, 5, 4.25], "texture": "#0"}
			}
		},
		{
			"from": [6.25, 9, 6.25],
			"to": [9.75, 12, 9.75],
			"rotation": {"angle": 0, "axis": "y", "origin": [15, -5, 15]},
			"faces": {
				"north": {"uv": [5.5, 4, 6, 4.375], "texture": "#0"},
				"east": {"uv": [5.5, 4, 6, 4.375], "texture": "#0"},
				"south": {"uv": [5.5, 4, 6, 4.375], "texture": "#0"},
				"west": {"uv": [5.5, 4, 6, 4.375], "texture": "#0"},
				"up": {"uv": [5.5, 4.75, 5, 4.25], "texture": "#0"},
				"down": {"uv": [5.75, 2.25, 5.25, 2.75], "texture": "#0"}
			}
		},
		{
			"from": [9, 12, 7],
			"to": [16, 15, 9],
			"rotation": {"angle": 0, "axis": "y", "origin": [17, 8, 15]},
			"faces": {
				"north": {"uv": [2, 1.375, 2.875, 1.75], "texture": "#0"},
				"east": {"uv": [4.875, 6, 5.125, 6.375], "texture": "#0"},
				"south": {"uv": [2, 1.375, 2.875, 1.75], "texture": "#0"},
				"west": {"uv": [5.125, 6, 5.375, 6.375], "texture": "#0"},
				"up": {"uv": [2.875, 2, 2, 1.75], "texture": "#0"},
				"down": {"uv": [4.375, 3.25, 3.5, 3.5], "texture": "#0"}
			}
		},
		{
			"from": [0, 12, 7],
			"to": [7, 15, 9],
			"rotation": {"angle": 0, "axis": "y", "origin": [-1, 8, 15]},
			"faces": {
				"north": {"uv": [3.5, 2.875, 4.375, 3.25], "texture": "#0"},
				"east": {"uv": [5.375, 6, 5.625, 6.375], "texture": "#0"},
				"south": {"uv": [3.5, 2.875, 4.375, 3.25], "texture": "#0"},
				"west": {"uv": [5.625, 6, 5.875, 6.375], "texture": "#0"},
				"up": {"uv": [5.875, 5, 5, 4.75], "texture": "#0"},
				"down": {"uv": [6.125, 2.75, 5.25, 3], "texture": "#0"}
			}
		},
		{
			"from": [9, 18, 7],
			"to": [16, 21, 9],
			"rotation": {"angle": 0, "axis": "y", "origin": [17, 15, 15]},
			"faces": {
				"north": {"uv": [4.375, 2.875, 5.25, 3.25], "texture": "#0"},
				"east": {"uv": [5.875, 6, 6.125, 6.375], "texture": "#0"},
				"south": {"uv": [4.375, 2.875, 5.25, 3.25], "texture": "#0"},
				"west": {"uv": [6, 1.25, 6.25, 1.625], "texture": "#0"},
				"up": {"uv": [6.125, 3.25, 5.25, 3], "texture": "#0"},
				"down": {"uv": [5.875, 5.375, 5, 5.625], "texture": "#0"}
			}
		},
		{
			"from": [0, 18, 7],
			"to": [7, 21, 9],
			"rotation": {"angle": 0, "axis": "y", "origin": [-1, 15, 15]},
			"faces": {
				"north": {"uv": [5, 0, 5.875, 0.375], "texture": "#0"},
				"east": {"uv": [6, 1.625, 6.25, 2], "texture": "#0"},
				"south": {"uv": [5, 0, 5.875, 0.375], "texture": "#0"},
				"west": {"uv": [6, 3.25, 6.25, 3.625], "texture": "#0"},
				"up": {"uv": [6.375, 1, 5.5, 0.75], "texture": "#0"},
				"down": {"uv": [6.375, 1, 5.5, 1.25], "texture": "#0"}
			}
		},
		{
			"from": [16, 11, 7],
			"to": [19, 22, 9],
			"rotation": {"angle": 0, "axis": "y", "origin": [24, 15, 15]},
			"faces": {
				"north": {"uv": [2, 0, 2.375, 1.375], "texture": "#0"},
				"east": {"uv": [2.5, 4.5, 2.75, 5.875], "texture": "#0"},
				"south": {"uv": [2.375, 0, 2, 1.375], "texture": "#0"},
				"west": {"uv": [2.75, 4.5, 3, 5.875], "texture": "#0"},
				"up": {"uv": [6.375, 3.875, 6, 3.625], "texture": "#0"},
				"down": {"uv": [6.375, 3.875, 6, 4.125], "texture": "#0"}
			}
		},
		{
			"from": [-3, 11, 7],
			"to": [0, 22, 9],
			"rotation": {"angle": 0, "axis": "y", "origin": [-8, 15, 15]},
			"faces": {
				"north": {"uv": [2.75, 0, 3.125, 1.375], "texture": "#0"},
				"east": {"uv": [3, 4.5, 3.25, 5.875], "texture": "#0"},
				"south": {"uv": [3.125, 0, 2.75, 1.375], "texture": "#0"},
				"west": {"uv": [3.25, 4.5, 3.5, 5.875], "texture": "#0"},
				"up": {"uv": [6.375, 4.375, 6, 4.125], "texture": "#0"},
				"down": {"uv": [6.375, 4.375, 6, 4.625], "texture": "#0"}
			}
		},
		{
			"from": [-8.5, 6.4, 8],
			"to": [3.5, 26.4, 8],
			"rotation": {"angle": 0, "axis": "y", "origin": [-8.5, 18.4, 15]},
			"faces": {
				"north": {"uv": [2, 4.5, 3.5, 2], "texture": "#0"},
				"east": {"uv": [0, 2.5, 0, 0], "texture": "#0"},
				"south": {"uv": [3.5, 4.5, 2, 2], "texture": "#0"},
				"west": {"uv": [0, 2.5, 0, 0], "texture": "#0"},
				"up": {"uv": [1.5, 0, 0, 0], "texture": "#0"},
				"down": {"uv": [1.5, 0, 0, 0], "texture": "#0"}
			}
		},
		{
			"from": [12, 5, 8],
			"to": [24, 25, 8],
			"rotation": {"angle": 0, "axis": "y", "origin": [24, 13, 15]},
			"faces": {
				"north": {"uv": [3.5, 0, 5, 2.5], "texture": "#0"},
				"east": {"uv": [0, 0, 0, 2.5], "texture": "#0"},
				"south": {"uv": [5, 0, 3.5, 2.5], "texture": "#0"},
				"west": {"uv": [0, 0, 0, 2.5], "texture": "#0"},
				"up": {"uv": [1.5, 0, 0, 0], "texture": "#0"},
				"down": {"uv": [1.5, 0, 0, 0], "texture": "#0"}
			}
		}
	],
	"gui_light": "front",
	"display": {
		"thirdperson_righthand": {
			"rotation": [0, -90, 0],
			"translation": [0, 7.75, 1],
			"scale": [0.6, 0.6, 0.6]
		},
		"thirdperson_lefthand": {
			"rotation": [0, 90, 0],
			"translation": [0, 7.75, 1],
			"scale": [0.6, 0.6, 0.6]
		},
		"firstperson_righthand": {
			"rotation": [0, -80, 0],
			"translation": [3, 6.5, 1],
			"scale": [0.6, 0.6, 0.6]
		},
		"firstperson_lefthand": {
			"rotation": [0, 80, 0],
			"translation": [3, 6.5, 0],
			"scale": [0.6, 0.6, 0.6]
		},
		"ground": {
			"translation": [0, 11.25, 0],
			"scale": [0.6, 0.6, 0.6]
		},
		"gui": {
			"rotation": [0, -180, 45],
			"translation": [0, 0.75, 0],
			"scale": [0.5, 0.5, 0.5]
		}
	},
	"groups": [
		{
			"name": "main",
			"origin": [8, 8, 8],
			"children": [
				{
					"name": "star",
					"origin": [8, 8, 8],
					"children": [0, 1, 2, 3, 4, 5, 6, 7, 8, 9, 10]
				},
				{
					"name": "axe",
					"origin": [8, 8, 8],
					"children": [11, 12, 13, 14, 15, 16, 17, 18, 19, 20, 21, 22, 23, 24, 25, 26, 27, 28, 29, 30, 31]
				}
			]
		}
	]
}