{
	"credit": "Made with Blockbench",
	"textures": {
		"0": "item/kingdom/prince",
		"particle": "item/kingdom/prince"
	},
	"elements": [
		{
			"from": [3, -4, 5],
			"to": [13, 8, 11],
			"faces": {
				"north": {"uv": [0.75, 2.75, 2, 4.375], "texture": "#0"},
				"east": {"uv": [0, 2.75, 0.75, 4.375], "texture": "#0"},
				"south": {"uv": [2.75, 2.75, 4, 4.375], "texture": "#0"},
				"west": {"uv": [2, 2.75, 2.75, 4.375], "texture": "#0"},
				"up": {"uv": [2, 2.75, 0.75, 2], "texture": "#0"},
				"down": {"uv": [3.25, 2, 2, 2.75], "texture": "#0"}
			}
		},
		{
			"from": [2, -5, 4],
			"to": [14, 3, 12],
			"faces": {
				"north": {"uv": [1, 1, 2.5, 2], "texture": "#0"},
				"east": {"uv": [0, 1, 1, 2], "texture": "#0"},
				"south": {"uv": [3.5, 1, 5, 2], "texture": "#0"},
				"west": {"uv": [2.5, 1, 3.5, 2], "texture": "#0"},
				"up": {"uv": [2.5, 1, 1, 0], "texture": "#0"},
				"down": {"uv": [4, 0, 2.5, 1], "texture": "#0"}
			}
		},
		{
			"from": [1, 7, 6],
			"to": [4, 19, 10],
			"faces": {
				"north": {"uv": [7.5, 3.875, 7.875, 5.375], "texture": "#0"},
				"east": {"uv": [7, 3.875, 7.5, 5.375], "texture": "#0"},
				"south": {"uv": [8.375, 3.875, 8.75, 5.375], "texture": "#0"},
				"west": {"uv": [7.875, 3.875, 8.375, 5.375], "texture": "#0"},
				"up": {"uv": [7.875, 3.875, 7.5, 3.375], "texture": "#0"},
				"down": {"uv": [8.25, 3.375, 7.875, 3.875], "texture": "#0"}
			}
		},
		{
			"from": [4, 7, 6],
			"to": [12, 19, 10],
			"faces": {
				"north": {"uv": [4.5, 6.875, 5.5, 8.375], "texture": "#0"},
				"east": {"uv": [4, 6.875, 4.5, 8.375], "texture": "#0"},
				"south": {"uv": [6, 6.875, 7, 8.375], "texture": "#0"},
				"west": {"uv": [5.5, 6.875, 6, 8.375], "texture": "#0"},
				"up": {"uv": [5.5, 6.875, 4.5, 6.375], "texture": "#0"},
				"down": {"uv": [6.5, 6.375, 5.5, 6.875], "texture": "#0"}
			}
		},
		{
			"from": [4, 8, 5],
			"to": [12.2, 14, 11],
			"faces": {
				"north": {"uv": [4.75, 3.125, 5.75, 3.875], "texture": "#0"},
				"east": {"uv": [4, 3.125, 4.75, 3.875], "texture": "#0"},
				"south": {"uv": [6.5, 3.125, 7.5, 3.875], "texture": "#0"},
				"west": {"uv": [5.75, 3.125, 6.5, 3.875], "texture": "#0"},
				"up": {"uv": [5.75, 3.125, 4.75, 2.375], "texture": "#0"},
				"down": {"uv": [6.75, 2.375, 5.75, 3.125], "texture": "#0"}
			}
		},
		{
			"from": [2.7, 11, 9],
			"to": [13.2, 27, 13],
			"faces": {
				"north": {"uv": [4, 4.375, 5.25, 6.375], "texture": "#0"},
				"east": {"uv": [3.5, 4.375, 4, 6.375], "texture": "#0"},
				"south": {"uv": [5.75, 4.375, 7, 6.375], "texture": "#0"},
				"west": {"uv": [5.25, 4.375, 5.75, 6.375], "texture": "#0"},
				"up": {"uv": [5.25, 4.375, 4, 3.875], "texture": "#0"},
				"down": {"uv": [6.5, 3.875, 5.25, 4.375], "texture": "#0"}
			}
		},
		{
			"from": [3, 25, 4],
			"to": [13, 28, 12],
			"faces": {
				"north": {"uv": [5, 2, 6.25, 2.375], "texture": "#0"},
				"east": {"uv": [4, 2, 5, 2.375], "texture": "#0"},
				"south": {"uv": [7.25, 2, 8.5, 2.375], "texture": "#0"},
				"west": {"uv": [6.25, 2, 7.25, 2.375], "texture": "#0"},
				"up": {"uv": [6.25, 2, 5, 1], "texture": "#0"},
				"down": {"uv": [7.5, 1, 6.25, 2], "texture": "#0"}
			}
		},
		{
			"from": [6, 25, 3],
			"to": [10, 29, 5],
			"faces": {
				"north": {"uv": [2, 4.625, 2.5, 5.125], "texture": "#0"},
				"east": {"uv": [1.75, 4.625, 2, 5.125], "texture": "#0"},
				"south": {"uv": [2.75, 4.625, 3.25, 5.125], "texture": "#0"},
				"west": {"uv": [2.5, 4.625, 2.75, 5.125], "texture": "#0"},
				"up": {"uv": [2.5, 4.625, 2, 4.375], "texture": "#0"},
				"down": {"uv": [3, 4.375, 2.5, 4.625], "texture": "#0"}
			}
		},
		{
			"from": [4, 25, 5],
			"to": [12, 29, 7],
			"faces": {
				"north": {"uv": [7, 2.625, 8, 3.125], "texture": "#0"},
				"east": {"uv": [6.75, 2.625, 7, 3.125], "texture": "#0"},
				"south": {"uv": [8.25, 2.625, 9.25, 3.125], "texture": "#0"},
				"west": {"uv": [8, 2.625, 8.25, 3.125], "texture": "#0"},
				"up": {"uv": [8, 2.625, 7, 2.375], "texture": "#0"},
				"down": {"uv": [9, 2.375, 8, 2.625], "texture": "#0"}
			}
		},
		{
			"from": [7, 29, 5],
			"to": [9, 31, 6],
			"faces": {
				"north": {"uv": [0.125, 0.125, 0.375, 0.375], "texture": "#0"},
				"east": {"uv": [0, 0.125, 0.125, 0.375], "texture": "#0"},
				"south": {"uv": [0.5, 0.125, 0.75, 0.375], "texture": "#0"},
				"west": {"uv": [0.375, 0.125, 0.5, 0.375], "texture": "#0"},
				"up": {"uv": [0.375, 0.125, 0.125, 0], "texture": "#0"},
				"down": {"uv": [0.625, 0, 0.375, 0.125], "texture": "#0"}
			}
		},
		{
			"from": [4, 29, 5],
			"to": [6, 30, 6],
			"faces": {
				"north": {"uv": [0.125, 0.75, 0.375, 0.875], "texture": "#0"},
				"east": {"uv": [0, 0.75, 0.125, 0.875], "texture": "#0"},
				"south": {"uv": [0.5, 0.75, 0.75, 0.875], "texture": "#0"},
				"west": {"uv": [0.375, 0.75, 0.5, 0.875], "texture": "#0"},
				"up": {"uv": [0.375, 0.75, 0.125, 0.625], "texture": "#0"},
				"down": {"uv": [0.625, 0.625, 0.375, 0.75], "texture": "#0"}
			}
		},
		{
			"from": [10, 29, 5],
			"to": [12, 30, 6],
			"faces": {
				"north": {"uv": [0.125, 0.5, 0.375, 0.625], "texture": "#0"},
				"east": {"uv": [0, 0.5, 0.125, 0.625], "texture": "#0"},
				"south": {"uv": [0.5, 0.5, 0.75, 0.625], "texture": "#0"},
				"west": {"uv": [0.375, 0.5, 0.5, 0.625], "texture": "#0"},
				"up": {"uv": [0.375, 0.5, 0.125, 0.375], "texture": "#0"},
				"down": {"uv": [0.625, 0.375, 0.375, 0.5], "texture": "#0"}
			}
		},
		{
			"from": [2, 9, 10],
			"to": [14, 13, 14],
			"faces": {
				"north": {"uv": [4.5, 0.5, 6, 1], "texture": "#0"},
				"east": {"uv": [4, 0.5, 4.5, 1], "texture": "#0"},
				"south": {"uv": [6.5, 0.5, 8, 1], "texture": "#0"},
				"west": {"uv": [6, 0.5, 6.5, 1], "texture": "#0"},
				"up": {"uv": [6, 0.5, 4.5, 0], "texture": "#0"},
				"down": {"uv": [7.5, 0, 6, 0.5], "texture": "#0"}
			}
		},
		{
			"from": [4, 19, 4],
			"to": [12, 25, 12],
			"faces": {
				"north": {"uv": [1, 6.375, 2, 7.125], "texture": "#0"},
				"east": {"uv": [0, 6.375, 1, 7.125], "texture": "#0"},
				"south": {"uv": [3, 6.375, 4, 7.125], "texture": "#0"},
				"west": {"uv": [2, 6.375, 3, 7.125], "texture": "#0"},
				"up": {"uv": [2, 6.375, 1, 5.375], "texture": "#0"},
				"down": {"uv": [3, 5.375, 2, 6.375], "texture": "#0"}
			}
		},
		{
			"from": [0, 16, 5],
			"to": [4, 17, 11],
			"faces": {
				"north": {"uv": [0.75, 5.125, 1.25, 5.25], "texture": "#0"},
				"east": {"uv": [0, 5.125, 0.75, 5.25], "texture": "#0"},
				"south": {"uv": [2, 5.125, 2.5, 5.25], "texture": "#0"},
				"west": {"uv": [1.25, 5.125, 2, 5.25], "texture": "#0"},
				"up": {"uv": [1.25, 5.125, 0.75, 4.375], "texture": "#0"},
				"down": {"uv": [1.75, 4.375, 1.25, 5.125], "texture": "#0"}
			}
		},
		{
			"from": [11, 15, 6.1],
			"to": [14, 27, 10.1],
			"rotation": {"angle": -45, "axis": "z", "origin": [13, 17, 8]},
			"faces": {
				"north": {"uv": [7.5, 7.5, 7.875, 9], "texture": "#0"},
				"east": {"uv": [7, 7.5, 7.5, 9], "texture": "#0"},
				"south": {"uv": [8.375, 7.5, 8.75, 9], "texture": "#0"},
				"west": {"uv": [7.875, 7.5, 8.375, 9], "texture": "#0"},
				"up": {"uv": [7.875, 7.5, 7.5, 7], "texture": "#0"},
				"down": {"uv": [8.25, 7, 7.875, 7.5], "texture": "#0"}
			}
		},
		{
			"from": [11, 17, 5],
			"to": [15, 18, 11],
			"rotation": {"angle": -45, "axis": "z", "origin": [13, 17, 8]},
			"faces": {
				"north": {"uv": [7.25, 6.375, 7.75, 6.5], "texture": "#0"},
				"east": {"uv": [6.5, 6.375, 7.25, 6.5], "texture": "#0"},
				"south": {"uv": [8.5, 6.375, 9, 6.5], "texture": "#0"},
				"west": {"uv": [7.75, 6.375, 8.5, 6.5], "texture": "#0"},
				"up": {"uv": [7.75, 6.375, 7.25, 5.625], "texture": "#0"},
				"down": {"uv": [8.25, 5.625, 7.75, 6.375], "texture": "#0"}
			}
		}
	],
	"display": {
		"thirdperson_righthand": {
			"rotation": [75, 0, -9.8],
			"translation": [1.5, 10.5, 53.75],
			"scale": [1.85, 1.7, 1.85]
		},
		"firstperson_righthand": {
			"rotation": [13.75, 0, 0],
			"scale": [0.5, 0.5, 0.5]
		},
		"gui": {
			"rotation": [-1, -180, 11],
			"translation": [-0.25, -1.5, 0],
			"scale": [0.5, 0.5, 0.5]
		},
		"head": {
			"rotation": [3.5, -6.25, 0],
			"translation": [0.25, -4.75, 1.5],
			"scale": [3.5, 3, 3.5]
		}
	},
	"groups": [0, 1, 2, 3, 4, 5, 6, 7, 8, 9, 10, 11, 12, 13, 14,
		{
			"name": "group",
			"origin": [13, 17, 8],
			"children": [15, 16]
		}
	]
}