{
	"credit": "Made with Blockbench",
	"texture_size": [128, 128],
	"textures": {
		"3": "christmas20_crate/gingerbread_pickaxe"
	},
	"elements": [
		{
			"from": [6.5, -7, 6.5],
			"to": [9.5, 20, 9.5],
			"rotation": {"angle": 0, "axis": "y", "origin": [8, 6.5, 7.5]},
			"faces": {
				"north": {"uv": [0.375, 0.375, 0.75, 3.75], "texture": "#3"},
				"east": {"uv": [0, 0.375, 0.375, 3.75], "texture": "#3"},
				"south": {"uv": [1.125, 0.375, 1.5, 3.75], "texture": "#3"},
				"west": {"uv": [0.75, 0.375, 1.125, 3.75], "texture": "#3"},
				"up": {"uv": [0.75, 0.375, 0.375, 0], "texture": "#3"},
				"down": {"uv": [1.125, 0, 0.75, 0.375], "texture": "#3"}
			}
		},
		{
			"from": [6, -6.5, 6],
			"to": [10, -4.5, 10],
			"rotation": {"angle": 0, "axis": "y", "origin": [8, 6.5, 7.5]},
			"faces": {
				"north": {"uv": [0.5, 10.125, 1, 10.375], "texture": "#3"},
				"east": {"uv": [0, 10.125, 0.5, 10.375], "texture": "#3"},
				"south": {"uv": [1.5, 10.125, 2, 10.375], "texture": "#3"},
				"west": {"uv": [1, 10.125, 1.5, 10.375], "texture": "#3"},
				"up": {"uv": [1, 10.125, 0.5, 9.625], "texture": "#3"},
				"down": {"uv": [1.5, 9.625, 1, 10.125], "texture": "#3"}
			}
		},
		{
			"from": [3, 15, 6.25],
			"to": [13, 19, 9.75],
			"rotation": {"angle": 0, "axis": "y", "origin": [9, 8, 8]},
			"faces": {
				"north": {"uv": [0.375, 4.125, 1.625, 4.625], "texture": "#3"},
				"east": {"uv": [0, 4.125, 0.375, 4.625], "texture": "#3"},
				"south": {"uv": [2, 4.125, 3.25, 4.625], "texture": "#3"},
				"west": {"uv": [1.625, 4.125, 2, 4.625], "texture": "#3"},
				"up": {"uv": [1.625, 4.125, 0.375, 3.75], "texture": "#3"},
				"down": {"uv": [2.875, 3.75, 1.625, 4.125], "texture": "#3"}
			}
		},
		{
			"from": [3, 17.25, 6],
			"to": [13, 19.25, 10],
			"rotation": {"angle": 0, "axis": "y", "origin": [9, 8.25, 8]},
			"faces": {
				"north": {"uv": [2, 0.5, 3.25, 0.75], "texture": "#3"},
				"east": {"uv": [1.5, 0.5, 2, 0.75], "texture": "#3"},
				"south": {"uv": [3.75, 0.5, 5, 0.75], "texture": "#3"},
				"west": {"uv": [3.25, 0.5, 3.75, 0.75], "texture": "#3"},
				"up": {"uv": [3.25, 0.5, 2, 0], "texture": "#3"},
				"down": {"uv": [4.5, 0, 3.25, 0.5], "texture": "#3"}
			}
		},
		{
			"from": [8.79048, 15.83733, 6.22461],
			"to": [13.79048, 19.83733, 9.77539],
			"rotation": {"angle": -22.5, "axis": "z", "origin": [8.79048, 8.83733, 7.97461]},
			"faces": {
				"north": {"uv": [4.375, 5.875, 5, 6.375], "texture": "#3"},
				"east": {"uv": [4, 5.875, 4.375, 6.375], "texture": "#3"},
				"south": {"uv": [5.375, 5.875, 6, 6.375], "texture": "#3"},
				"west": {"uv": [5, 5.875, 5.375, 6.375], "texture": "#3"},
				"up": {"uv": [5, 5.875, 4.375, 5.5], "texture": "#3"},
				"down": {"uv": [5.625, 5.5, 5, 5.875], "texture": "#3"}
			}
		},
		{
			"from": [8.79048, 18.08733, 6],
			"to": [13.79048, 20.08733, 10],
			"rotation": {"angle": -22.5, "axis": "z", "origin": [8.79048, 9.08733, 8]},
			"faces": {
				"north": {"uv": [2.75, 5.125, 3.375, 5.375], "texture": "#3"},
				"east": {"uv": [2.25, 5.125, 2.75, 5.375], "texture": "#3"},
				"south": {"uv": [3.875, 5.125, 4.5, 5.375], "texture": "#3"},
				"west": {"uv": [3.375, 5.125, 3.875, 5.375], "texture": "#3"},
				"up": {"uv": [3.375, 5.125, 2.75, 4.625], "texture": "#3"},
				"down": {"uv": [4, 4.625, 3.375, 5.125], "texture": "#3"}
			}
		},
		{
			"from": [2.20952, 15.83733, 6.22461],
			"to": [7.20952, 19.83733, 9.77539],
			"rotation": {"angle": 22.5, "axis": "z", "origin": [7.20952, 8.83733, 7.97461]},
			"faces": {
				"north": {"uv": [0.375, 5.875, 1, 6.375], "texture": "#3"},
				"east": {"uv": [0, 5.875, 0.375, 6.375], "texture": "#3"},
				"south": {"uv": [1.375, 5.875, 2, 6.375], "texture": "#3"},
				"west": {"uv": [1, 5.875, 1.375, 6.375], "texture": "#3"},
				"up": {"uv": [1, 5.875, 0.375, 5.5], "texture": "#3"},
				"down": {"uv": [1.625, 5.5, 1, 5.875], "texture": "#3"}
			}
		},
		{
			"from": [2.20952, 18.08733, 6],
			"to": [7.20952, 20.08733, 10],
			"rotation": {"angle": 22.5, "axis": "z", "origin": [7.20952, 9.08733, 8]},
			"faces": {
				"north": {"uv": [6, 4.25, 6.625, 4.5], "texture": "#3"},
				"east": {"uv": [5.5, 4.25, 6, 4.5], "texture": "#3"},
				"south": {"uv": [7.125, 4.25, 7.75, 4.5], "texture": "#3"},
				"west": {"uv": [6.625, 4.25, 7.125, 4.5], "texture": "#3"},
				"up": {"uv": [6.625, 4.25, 6, 3.75], "texture": "#3"},
				"down": {"uv": [7.25, 3.75, 6.625, 4.25], "texture": "#3"}
			}
		},
		{
			"from": [6.20952, 19.38029, 8.25],
			"to": [7.20952, 20.38029, 10.25],
			"rotation": {"angle": 22.5, "axis": "z", "origin": [7.20952, 9.08733, 8]},
			"faces": {
				"north": {"uv": [2.75, 7.875, 2.875, 8], "texture": "#3"},
				"east": {"uv": [2.5, 7.875, 2.75, 8], "texture": "#3"},
				"south": {"uv": [3.125, 7.875, 3.25, 8], "texture": "#3"},
				"west": {"uv": [2.875, 7.875, 3.125, 8], "texture": "#3"},
				"up": {"uv": [2.875, 7.875, 2.75, 7.625], "texture": "#3"},
				"down": {"uv": [3, 7.625, 2.875, 7.875], "texture": "#3"}
			}
		},
		{
			"from": [9.79048, 19.43498, 9.25],
			"to": [10.79048, 20.43498, 10.25],
			"rotation": {"angle": -22.5, "axis": "z", "origin": [8.79048, 9.08733, 8]},
			"faces": {
				"north": {"uv": [0.125, 8.875, 0.25, 9], "texture": "#3"},
				"east": {"uv": [0, 8.875, 0.125, 9], "texture": "#3"},
				"south": {"uv": [0.375, 8.875, 0.5, 9], "texture": "#3"},
				"west": {"uv": [0.25, 8.875, 0.375, 9], "texture": "#3"},
				"up": {"uv": [0.25, 8.875, 0.125, 8.75], "texture": "#3"},
				"down": {"uv": [0.375, 8.75, 0.25, 8.875], "texture": "#3"}
			}
		},
		{
			"from": [5.36186, 18.58733, 5.75],
			"to": [6.36186, 19.58733, 6.75],
			"rotation": {"angle": 0, "axis": "y", "origin": [7.20952, 9.08733, 8]},
			"faces": {
				"north": {"uv": [2.125, 8.875, 2.25, 9], "texture": "#3"},
				"east": {"uv": [2, 8.875, 2.125, 9], "texture": "#3"},
				"south": {"uv": [2.375, 8.875, 2.5, 9], "texture": "#3"},
				"west": {"uv": [2.25, 8.875, 2.375, 9], "texture": "#3"},
				"up": {"uv": [2.25, 8.875, 2.125, 8.75], "texture": "#3"},
				"down": {"uv": [2.375, 8.75, 2.25, 8.875], "texture": "#3"}
			}
		},
		{
			"from": [4.36186, 18.58733, 7.75],
			"to": [5.36186, 19.58733, 8.75],
			"rotation": {"angle": 0, "axis": "y", "origin": [7.20952, 9.08733, 8]},
			"faces": {
				"north": {"uv": [1.625, 8.875, 1.75, 9], "texture": "#3"},
				"east": {"uv": [1.5, 8.875, 1.625, 9], "texture": "#3"},
				"south": {"uv": [1.875, 8.875, 2, 9], "texture": "#3"},
				"west": {"uv": [1.75, 8.875, 1.875, 9], "texture": "#3"},
				"up": {"uv": [1.75, 8.875, 1.625, 8.75], "texture": "#3"},
				"down": {"uv": [1.875, 8.75, 1.75, 8.875], "texture": "#3"}
			}
		},
		{
			"from": [10.63814, 18.58733, 6.75],
			"to": [12.63814, 19.58733, 7.75],
			"rotation": {"angle": 0, "axis": "y", "origin": [8.79048, 9.08733, 8]},
			"faces": {
				"north": {"uv": [2.625, 8.125, 2.875, 8.25], "texture": "#3"},
				"east": {"uv": [2.5, 8.125, 2.625, 8.25], "texture": "#3"},
				"south": {"uv": [3, 8.125, 3.25, 8.25], "texture": "#3"},
				"west": {"uv": [2.875, 8.125, 3, 8.25], "texture": "#3"},
				"up": {"uv": [2.875, 8.125, 2.625, 8], "texture": "#3"},
				"down": {"uv": [3.125, 8, 2.875, 8.125], "texture": "#3"}
			}
		},
		{
			"from": [10.63814, 18.58733, 8.75],
			"to": [11.63814, 19.58733, 9.75],
			"rotation": {"angle": 0, "axis": "y", "origin": [8.79048, 9.08733, 8]},
			"faces": {
				"north": {"uv": [4.375, 8.625, 4.5, 8.75], "texture": "#3"},
				"east": {"uv": [4.25, 8.625, 4.375, 8.75], "texture": "#3"},
				"south": {"uv": [4.625, 8.625, 4.75, 8.75], "texture": "#3"},
				"west": {"uv": [4.5, 8.625, 4.625, 8.75], "texture": "#3"},
				"up": {"uv": [4.5, 8.625, 4.375, 8.5], "texture": "#3"},
				"down": {"uv": [4.625, 8.5, 4.5, 8.625], "texture": "#3"}
			}
		},
		{
			"from": [-0.63814, 17.16545, 5.75],
			"to": [0.36186, 18.16545, 6.75],
			"rotation": {"angle": 22.5, "axis": "z", "origin": [-0.13814, 17.83733, 6]},
			"faces": {
				"north": {"uv": [0.625, 8.875, 0.75, 9], "texture": "#3"},
				"east": {"uv": [0.5, 8.875, 0.625, 9], "texture": "#3"},
				"south": {"uv": [0.875, 8.875, 1, 9], "texture": "#3"},
				"west": {"uv": [0.75, 8.875, 0.875, 9], "texture": "#3"},
				"up": {"uv": [0.75, 8.875, 0.625, 8.75], "texture": "#3"},
				"down": {"uv": [0.875, 8.75, 0.75, 8.875], "texture": "#3"}
			}
		},
		{
			"from": [13.36186, 18.08733, 7.75],
			"to": [14.36186, 19.08733, 8.75],
			"rotation": {"angle": -22.5, "axis": "z", "origin": [13.86186, 19.08733, 8.25]},
			"faces": {
				"north": {"uv": [1.125, 8.875, 1.25, 9], "texture": "#3"},
				"east": {"uv": [1, 8.875, 1.125, 9], "texture": "#3"},
				"south": {"uv": [1.375, 8.875, 1.5, 9], "texture": "#3"},
				"west": {"uv": [1.25, 8.875, 1.375, 9], "texture": "#3"},
				"up": {"uv": [1.25, 8.875, 1.125, 8.75], "texture": "#3"},
				"down": {"uv": [1.375, 8.75, 1.25, 8.875], "texture": "#3"}
			}
		},
		{
			"from": [4.20952, 19.43498, 7.25],
			"to": [5.20952, 20.43498, 8.25],
			"rotation": {"angle": 22.5, "axis": "z", "origin": [7.20952, 9.08733, 8]},
			"faces": {
				"north": {"uv": [4.125, 8.875, 4.25, 9], "texture": "#3"},
				"east": {"uv": [4, 8.875, 4.125, 9], "texture": "#3"},
				"south": {"uv": [4.375, 8.875, 4.5, 9], "texture": "#3"},
				"west": {"uv": [4.25, 8.875, 4.375, 9], "texture": "#3"},
				"up": {"uv": [4.25, 8.875, 4.125, 8.75], "texture": "#3"},
				"down": {"uv": [4.375, 8.75, 4.25, 8.875], "texture": "#3"}
			}
		},
		{
			"from": [10.79048, 19.43498, 7.25],
			"to": [12.79048, 20.43498, 8.25],
			"rotation": {"angle": -22.5, "axis": "z", "origin": [8.79048, 9.08733, 8]},
			"faces": {
				"north": {"uv": [0.125, 8.625, 0.375, 8.75], "texture": "#3"},
				"east": {"uv": [0, 8.625, 0.125, 8.75], "texture": "#3"},
				"south": {"uv": [0.5, 8.625, 0.75, 8.75], "texture": "#3"},
				"west": {"uv": [0.375, 8.625, 0.5, 8.75], "texture": "#3"},
				"up": {"uv": [0.375, 8.625, 0.125, 8.5], "texture": "#3"},
				"down": {"uv": [0.625, 8.5, 0.375, 8.625], "texture": "#3"}
			}
		},
		{
			"from": [-4.3708, 14.73913, 7.25],
			"to": [-3.3708, 15.73913, 8.25],
			"rotation": {"angle": 45, "axis": "z", "origin": [-3.8708, 16.23913, 7.75]},
			"faces": {
				"north": {"uv": [3.125, 8.875, 3.25, 9], "texture": "#3"},
				"east": {"uv": [3, 8.875, 3.125, 9], "texture": "#3"},
				"south": {"uv": [3.375, 8.875, 3.5, 9], "texture": "#3"},
				"west": {"uv": [3.25, 8.875, 3.375, 9], "texture": "#3"},
				"up": {"uv": [3.25, 8.875, 3.125, 8.75], "texture": "#3"},
				"down": {"uv": [3.375, 8.75, 3.25, 8.875], "texture": "#3"}
			}
		},
		{
			"from": [-6.3708, 14.73913, 9.25],
			"to": [-5.3708, 15.73913, 10.25],
			"rotation": {"angle": 45, "axis": "z", "origin": [-3.8708, 16.23913, 7.75]},
			"faces": {
				"north": {"uv": [2.625, 8.875, 2.75, 9], "texture": "#3"},
				"east": {"uv": [2.5, 8.875, 2.625, 9], "texture": "#3"},
				"south": {"uv": [2.875, 8.875, 3, 9], "texture": "#3"},
				"west": {"uv": [2.75, 8.875, 2.875, 9], "texture": "#3"},
				"up": {"uv": [2.75, 8.875, 2.625, 8.75], "texture": "#3"},
				"down": {"uv": [2.875, 8.75, 2.75, 8.875], "texture": "#3"}
			}
		},
		{
			"from": [21.3708, 14.73913, 5.75],
			"to": [22.3708, 15.73913, 6.75],
			"rotation": {"angle": -45, "axis": "z", "origin": [19.8708, 16.23913, 7.75]},
			"faces": {
				"north": {"uv": [5.375, 8.625, 5.5, 8.75], "texture": "#3"},
				"east": {"uv": [5.25, 8.625, 5.375, 8.75], "texture": "#3"},
				"south": {"uv": [5.625, 8.625, 5.75, 8.75], "texture": "#3"},
				"west": {"uv": [5.5, 8.625, 5.625, 8.75], "texture": "#3"},
				"up": {"uv": [5.5, 8.625, 5.375, 8.5], "texture": "#3"},
				"down": {"uv": [5.625, 8.5, 5.5, 8.625], "texture": "#3"}
			}
		},
		{
			"from": [18.3708, 14.73913, 7.75],
			"to": [19.3708, 15.73913, 8.75],
			"rotation": {"angle": -45, "axis": "z", "origin": [19.8708, 16.23913, 7.75]},
			"faces": {
				"north": {"uv": [4.875, 8.625, 5, 8.75], "texture": "#3"},
				"east": {"uv": [4.75, 8.625, 4.875, 8.75], "texture": "#3"},
				"south": {"uv": [5.125, 8.625, 5.25, 8.75], "texture": "#3"},
				"west": {"uv": [5, 8.625, 5.125, 8.75], "texture": "#3"},
				"up": {"uv": [5, 8.625, 4.875, 8.5], "texture": "#3"},
				"down": {"uv": [5.125, 8.5, 5, 8.625], "texture": "#3"}
			}
		},
		{
			"from": [2.20952, 19.43498, 8.25],
			"to": [3.20952, 20.43498, 9.25],
			"rotation": {"angle": 22.5, "axis": "z", "origin": [7.20952, 9.08733, 8]},
			"faces": {
				"north": {"uv": [3.625, 8.875, 3.75, 9], "texture": "#3"},
				"east": {"uv": [3.5, 8.875, 3.625, 9], "texture": "#3"},
				"south": {"uv": [3.875, 8.875, 4, 9], "texture": "#3"},
				"west": {"uv": [3.75, 8.875, 3.875, 9], "texture": "#3"},
				"up": {"uv": [3.75, 8.875, 3.625, 8.75], "texture": "#3"},
				"down": {"uv": [3.875, 8.75, 3.75, 8.875], "texture": "#3"}
			}
		},
		{
			"from": [15.1194, 12.05105, 6.25],
			"to": [20.1194, 16.05105, 9.75],
			"rotation": {"angle": -45, "axis": "z", "origin": [17.6194, 13.55105, 8]},
			"faces": {
				"north": {"uv": [2.375, 5.875, 3, 6.375], "texture": "#3"},
				"east": {"uv": [2, 5.875, 2.375, 6.375], "texture": "#3"},
				"south": {"uv": [3.375, 5.875, 4, 6.375], "texture": "#3"},
				"west": {"uv": [3, 5.875, 3.375, 6.375], "texture": "#3"},
				"up": {"uv": [3, 5.875, 2.375, 5.5], "texture": "#3"},
				"down": {"uv": [3.625, 5.5, 3, 5.875], "texture": "#3"}
			}
		},
		{
			"from": [15.1194, 14.30105, 6],
			"to": [20.3694, 16.30105, 10],
			"rotation": {"angle": -45, "axis": "z", "origin": [17.6194, 13.80105, 8]},
			"faces": {
				"north": {"uv": [0.5, 5.125, 1.125, 5.375], "texture": "#3"},
				"east": {"uv": [0, 5.125, 0.5, 5.375], "texture": "#3"},
				"south": {"uv": [1.625, 5.125, 2.25, 5.375], "texture": "#3"},
				"west": {"uv": [1.125, 5.125, 1.625, 5.375], "texture": "#3"},
				"up": {"uv": [1.125, 5.125, 0.5, 4.625], "texture": "#3"},
				"down": {"uv": [1.75, 4.625, 1.125, 5.125], "texture": "#3"}
			}
		},
		{
			"from": [-4.3694, 14.30105, 6],
			"to": [0.8806, 16.30105, 10],
			"rotation": {"angle": 45, "axis": "z", "origin": [-1.6194, 13.80105, 8]},
			"faces": {
				"north": {"uv": [3.75, 4.25, 4.375, 4.5], "texture": "#3"},
				"east": {"uv": [3.25, 4.25, 3.75, 4.5], "texture": "#3"},
				"south": {"uv": [4.875, 4.25, 5.5, 4.5], "texture": "#3"},
				"west": {"uv": [4.375, 4.25, 4.875, 4.5], "texture": "#3"},
				"up": {"uv": [4.375, 4.25, 3.75, 3.75], "texture": "#3"},
				"down": {"uv": [5, 3.75, 4.375, 4.25], "texture": "#3"}
			}
		},
		{
			"from": [-4.1194, 12.05105, 6.25],
			"to": [0.8806, 16.05105, 9.75],
			"rotation": {"angle": 45, "axis": "z", "origin": [-1.6194, 13.55105, 8]},
			"faces": {
				"north": {"uv": [4.875, 5, 5.5, 5.5], "texture": "#3"},
				"east": {"uv": [4.5, 5, 4.875, 5.5], "texture": "#3"},
				"south": {"uv": [5.875, 5, 6.5, 5.5], "texture": "#3"},
				"west": {"uv": [5.5, 5, 5.875, 5.5], "texture": "#3"},
				"up": {"uv": [5.5, 5, 4.875, 4.625], "texture": "#3"},
				"down": {"uv": [6.125, 4.625, 5.5, 5], "texture": "#3"}
			}
		},
		{
			"from": [20.1194, 13.05105, 6.25],
			"to": [21.1194, 15.05105, 9.75],
			"rotation": {"angle": -45, "axis": "z", "origin": [17.6194, 13.55105, 8]},
			"faces": {
				"north": {"uv": [1.375, 7.375, 1.5, 7.625], "texture": "#3"},
				"east": {"uv": [1, 7.375, 1.375, 7.625], "texture": "#3"},
				"south": {"uv": [1.875, 7.375, 2, 7.625], "texture": "#3"},
				"west": {"uv": [1.5, 7.375, 1.875, 7.625], "texture": "#3"},
				"up": {"uv": [1.5, 7.375, 1.375, 7], "texture": "#3"},
				"down": {"uv": [1.625, 7, 1.5, 7.375], "texture": "#3"}
			}
		},
		{
			"from": [-5.1194, 13.05105, 6.25],
			"to": [-4.1194, 15.05105, 9.75],
			"rotation": {"angle": 45, "axis": "z", "origin": [-1.6194, 13.55105, 8]},
			"faces": {
				"north": {"uv": [0.375, 7.375, 0.5, 7.625], "texture": "#3"},
				"east": {"uv": [0, 7.375, 0.375, 7.625], "texture": "#3"},
				"south": {"uv": [0.875, 7.375, 1, 7.625], "texture": "#3"},
				"west": {"uv": [0.5, 7.375, 0.875, 7.625], "texture": "#3"},
				"up": {"uv": [0.5, 7.375, 0.375, 7], "texture": "#3"},
				"down": {"uv": [0.625, 7, 0.5, 7.375], "texture": "#3"}
			}
		},
		{
			"from": [18.33837, 10.72262, 6.25],
			"to": [19.74072, 11.72262, 9.75],
			"rotation": {"angle": 0, "axis": "y", "origin": [19.76806, 11.22262, 8]},
			"faces": {
				"north": {"uv": [5.375, 7.375, 5.5, 7.5], "texture": "#3"},
				"east": {"uv": [5, 7.375, 5.375, 7.5], "texture": "#3"},
				"south": {"uv": [5.875, 7.375, 6, 7.5], "texture": "#3"},
				"west": {"uv": [5.5, 7.375, 5.875, 7.5], "texture": "#3"},
				"up": {"uv": [5.5, 7.375, 5.375, 7], "texture": "#3"},
				"down": {"uv": [5.625, 7, 5.5, 7.375], "texture": "#3"}
			}
		},
		{
			"from": [-3.74072, 10.72262, 6.25],
			"to": [-2.33837, 11.72262, 9.75],
			"rotation": {"angle": 0, "axis": "y", "origin": [-3.76806, 11.22262, 8]},
			"faces": {
				"north": {"uv": [3.375, 7.375, 3.5, 7.5], "texture": "#3"},
				"east": {"uv": [3, 7.375, 3.375, 7.5], "texture": "#3"},
				"south": {"uv": [3.875, 7.375, 4, 7.5], "texture": "#3"},
				"west": {"uv": [3.5, 7.375, 3.875, 7.5], "texture": "#3"},
				"up": {"uv": [3.5, 7.375, 3.375, 7], "texture": "#3"},
				"down": {"uv": [3.625, 7, 3.5, 7.375], "texture": "#3"}
			}
		},
		{
			"from": [20.15493, 12.14871, 6.25],
			"to": [21.15493, 13.55105, 9.75],
			"rotation": {"angle": 0, "axis": "y", "origin": [20.65493, 11.95339, 8]},
			"faces": {
				"north": {"uv": [4.375, 7.375, 4.5, 7.5], "texture": "#3"},
				"east": {"uv": [4, 7.375, 4.375, 7.5], "texture": "#3"},
				"south": {"uv": [4.875, 7.375, 5, 7.5], "texture": "#3"},
				"west": {"uv": [4.5, 7.375, 4.875, 7.5], "texture": "#3"},
				"up": {"uv": [4.5, 7.375, 4.375, 7], "texture": "#3"},
				"down": {"uv": [4.625, 7, 4.5, 7.375], "texture": "#3"}
			}
		},
		{
			"from": [19.89811, 12.22193, 5.97461],
			"to": [21.33171, 13.62427, 10.02539],
			"rotation": {"angle": 0, "axis": "y", "origin": [20.83171, 12.02662, 7.97461]},
			"faces": {
				"north": {"uv": [5.25, 6.875, 5.375, 7], "texture": "#3"},
				"east": {"uv": [4.75, 6.875, 5.25, 7], "texture": "#3"},
				"south": {"uv": [5.875, 6.875, 6, 7], "texture": "#3"},
				"west": {"uv": [5.375, 6.875, 5.875, 7], "texture": "#3"},
				"up": {"uv": [5.375, 6.875, 5.25, 6.375], "texture": "#3"},
				"down": {"uv": [5.5, 6.375, 5.375, 6.875], "texture": "#3"}
			}
		},
		{
			"from": [-5.33171, 12.22193, 5.97461],
			"to": [-3.89811, 13.62427, 10.02539],
			"rotation": {"angle": 0, "axis": "y", "origin": [-4.83171, 12.02662, 7.97461]},
			"faces": {
				"north": {"uv": [4, 6.875, 4.125, 7], "texture": "#3"},
				"east": {"uv": [3.5, 6.875, 4, 7], "texture": "#3"},
				"south": {"uv": [4.625, 6.875, 4.75, 7], "texture": "#3"},
				"west": {"uv": [4.125, 6.875, 4.625, 7], "texture": "#3"},
				"up": {"uv": [4.125, 6.875, 4, 6.375], "texture": "#3"},
				"down": {"uv": [4.25, 6.375, 4.125, 6.875], "texture": "#3"}
			}
		},
		{
			"from": [-5.15493, 12.14871, 6.25],
			"to": [-4.15493, 13.55105, 9.75],
			"rotation": {"angle": 0, "axis": "y", "origin": [-4.65493, 11.95339, 8]},
			"faces": {
				"north": {"uv": [2.375, 7.375, 2.5, 7.5], "texture": "#3"},
				"east": {"uv": [2, 7.375, 2.375, 7.5], "texture": "#3"},
				"south": {"uv": [2.875, 7.375, 3, 7.5], "texture": "#3"},
				"west": {"uv": [2.5, 7.375, 2.875, 7.5], "texture": "#3"},
				"up": {"uv": [2.5, 7.375, 2.375, 7], "texture": "#3"},
				"down": {"uv": [2.625, 7, 2.5, 7.375], "texture": "#3"}
			}
		},
		{
			"name": "hexadecagon",
			"from": [7.40326, 12, 9.5],
			"to": [8.59674, 18, 10.5],
			"rotation": {"angle": -45, "axis": "z", "origin": [8, 15, 10]},
			"faces": {
				"north": {"uv": [2.125, 7.75, 2.25, 8.5], "texture": "#3"},
				"east": {"uv": [2, 7.75, 2.125, 8.5], "texture": "#3"},
				"south": {"uv": [2.375, 7.75, 2.5, 8.5], "texture": "#3"},
				"west": {"uv": [2.25, 7.75, 2.375, 8.5], "texture": "#3"},
				"up": {"uv": [2.25, 7.75, 2.125, 7.625], "texture": "#3"},
				"down": {"uv": [2.375, 7.625, 2.25, 7.75], "texture": "#3"}
			}
		},
		{
			"name": "hexadecagon",
			"from": [7.40326, 12, 9.5],
			"to": [8.59674, 18, 10.5],
			"rotation": {"angle": -22.5, "axis": "z", "origin": [8, 15, 10]},
			"faces": {
				"north": {"uv": [1.625, 7.75, 1.75, 8.5], "texture": "#3"},
				"east": {"uv": [1.5, 7.75, 1.625, 8.5], "texture": "#3"},
				"south": {"uv": [1.875, 7.75, 2, 8.5], "texture": "#3"},
				"west": {"uv": [1.75, 7.75, 1.875, 8.5], "texture": "#3"},
				"up": {"uv": [1.75, 7.75, 1.625, 7.625], "texture": "#3"},
				"down": {"uv": [1.875, 7.625, 1.75, 7.75], "texture": "#3"}
			}
		},
		{
			"name": "hexadecagon",
			"from": [7.40326, 12, 9.5],
			"to": [8.59674, 18, 10.5],
			"rotation": {"angle": 0, "axis": "y", "origin": [8, 15, 10]},
			"faces": {
				"north": {"uv": [1.125, 7.75, 1.25, 8.5], "texture": "#3"},
				"east": {"uv": [1, 7.75, 1.125, 8.5], "texture": "#3"},
				"south": {"uv": [1.375, 7.75, 1.5, 8.5], "texture": "#3"},
				"west": {"uv": [1.25, 7.75, 1.375, 8.5], "texture": "#3"},
				"up": {"uv": [1.25, 7.75, 1.125, 7.625], "texture": "#3"},
				"down": {"uv": [1.375, 7.625, 1.25, 7.75], "texture": "#3"}
			}
		},
		{
			"name": "hexadecagon",
			"from": [7.40326, 13, 9.83594],
			"to": [8.59674, 14, 10.83594],
			"rotation": {"angle": 0, "axis": "y", "origin": [7.25, 15, 10.28906]},
			"faces": {
				"north": {"uv": [3.875, 8.625, 4, 8.75], "texture": "#3"},
				"east": {"uv": [3.75, 8.625, 3.875, 8.75], "texture": "#3"},
				"south": {"uv": [4.125, 8.625, 4.25, 8.75], "texture": "#3"},
				"west": {"uv": [4, 8.625, 4.125, 8.75], "texture": "#3"},
				"up": {"uv": [4, 8.625, 3.875, 8.5], "texture": "#3"},
				"down": {"uv": [4.125, 8.5, 4, 8.625], "texture": "#3"}
			}
		},
		{
			"name": "hexadecagon",
			"from": [6.40326, 15.5, 9.88281],
			"to": [7.40326, 16.5, 10.88281],
			"rotation": {"angle": 0, "axis": "y", "origin": [7.25, 15, 10]},
			"faces": {
				"north": {"uv": [1.375, 8.625, 1.5, 8.75], "texture": "#3"},
				"east": {"uv": [1.25, 8.625, 1.375, 8.75], "texture": "#3"},
				"south": {"uv": [1.625, 8.625, 1.75, 8.75], "texture": "#3"},
				"west": {"uv": [1.5, 8.625, 1.625, 8.75], "texture": "#3"},
				"up": {"uv": [1.5, 8.625, 1.375, 8.5], "texture": "#3"},
				"down": {"uv": [1.625, 8.5, 1.5, 8.625], "texture": "#3"}
			}
		},
		{
			"name": "hexadecagon",
			"from": [8.59674, 15.5, 9.88281],
			"to": [9.59674, 16.5, 10.88281],
			"rotation": {"angle": 0, "axis": "y", "origin": [8.75, 15, 10]},
			"faces": {
				"north": {"uv": [0.875, 8.625, 1, 8.75], "texture": "#3"},
				"east": {"uv": [0.75, 8.625, 0.875, 8.75], "texture": "#3"},
				"south": {"uv": [1.125, 8.625, 1.25, 8.75], "texture": "#3"},
				"west": {"uv": [1, 8.625, 1.125, 8.75], "texture": "#3"},
				"up": {"uv": [1, 8.625, 0.875, 8.5], "texture": "#3"},
				"down": {"uv": [1.125, 8.5, 1, 8.625], "texture": "#3"}
			}
		},
		{
			"name": "hexadecagon",
			"from": [7.00155, 12.98045, 9.83594],
			"to": [8.19502, 13.98045, 10.83594],
			"rotation": {"angle": -22.5, "axis": "z", "origin": [7.84829, 14.98045, 10.28906]},
			"faces": {
				"north": {"uv": [3.375, 8.625, 3.5, 8.75], "texture": "#3"},
				"east": {"uv": [3.25, 8.625, 3.375, 8.75], "texture": "#3"},
				"south": {"uv": [3.625, 8.625, 3.75, 8.75], "texture": "#3"},
				"west": {"uv": [3.5, 8.625, 3.625, 8.75], "texture": "#3"},
				"up": {"uv": [3.5, 8.625, 3.375, 8.5], "texture": "#3"},
				"down": {"uv": [3.625, 8.5, 3.5, 8.625], "texture": "#3"}
			}
		},
		{
			"name": "hexadecagon",
			"from": [7.80498, 12.98045, 9.83594],
			"to": [8.99845, 13.98045, 10.83594],
			"rotation": {"angle": 22.5, "axis": "z", "origin": [8.15171, 14.98045, 10.28906]},
			"faces": {
				"north": {"uv": [1.875, 8.625, 2, 8.75], "texture": "#3"},
				"east": {"uv": [1.75, 8.625, 1.875, 8.75], "texture": "#3"},
				"south": {"uv": [2.125, 8.625, 2.25, 8.75], "texture": "#3"},
				"west": {"uv": [2, 8.625, 2.125, 8.75], "texture": "#3"},
				"up": {"uv": [2, 8.625, 1.875, 8.5], "texture": "#3"},
				"down": {"uv": [2.125, 8.5, 2, 8.625], "texture": "#3"}
			}
		},
		{
			"name": "hexadecagon",
			"from": [6.62293, 13.11612, 9.83594],
			"to": [7.81641, 14.11612, 10.83594],
			"rotation": {"angle": -45, "axis": "z", "origin": [7.46967, 15.11612, 10.28906]},
			"faces": {
				"north": {"uv": [2.875, 8.625, 3, 8.75], "texture": "#3"},
				"east": {"uv": [2.75, 8.625, 2.875, 8.75], "texture": "#3"},
				"south": {"uv": [3.125, 8.625, 3.25, 8.75], "texture": "#3"},
				"west": {"uv": [3, 8.625, 3.125, 8.75], "texture": "#3"},
				"up": {"uv": [3, 8.625, 2.875, 8.5], "texture": "#3"},
				"down": {"uv": [3.125, 8.5, 3, 8.625], "texture": "#3"}
			}
		},
		{
			"name": "hexadecagon",
			"from": [8.18359, 13.11612, 9.83594],
			"to": [9.37707, 14.11612, 10.83594],
			"rotation": {"angle": 45, "axis": "z", "origin": [8.53033, 15.11612, 10.28906]},
			"faces": {
				"north": {"uv": [2.375, 8.625, 2.5, 8.75], "texture": "#3"},
				"east": {"uv": [2.25, 8.625, 2.375, 8.75], "texture": "#3"},
				"south": {"uv": [2.625, 8.625, 2.75, 8.75], "texture": "#3"},
				"west": {"uv": [2.5, 8.625, 2.625, 8.75], "texture": "#3"},
				"up": {"uv": [2.5, 8.625, 2.375, 8.5], "texture": "#3"},
				"down": {"uv": [2.625, 8.5, 2.5, 8.625], "texture": "#3"}
			}
		},
		{
			"name": "hexadecagon",
			"from": [7.40326, 12, 9.5],
			"to": [8.59674, 18, 10.5],
			"rotation": {"angle": 22.5, "axis": "z", "origin": [8, 15, 10]},
			"faces": {
				"north": {"uv": [0.625, 7.75, 0.75, 8.5], "texture": "#3"},
				"east": {"uv": [0.5, 7.75, 0.625, 8.5], "texture": "#3"},
				"south": {"uv": [0.875, 7.75, 1, 8.5], "texture": "#3"},
				"west": {"uv": [0.75, 7.75, 0.875, 8.5], "texture": "#3"},
				"up": {"uv": [0.75, 7.75, 0.625, 7.625], "texture": "#3"},
				"down": {"uv": [0.875, 7.625, 0.75, 7.75], "texture": "#3"}
			}
		},
		{
			"name": "hexadecagon",
			"from": [7.40326, 12, 9.5],
			"to": [8.59674, 18, 10.5],
			"rotation": {"angle": 45, "axis": "z", "origin": [8, 15, 10]},
			"faces": {
				"north": {"uv": [0.125, 7.75, 0.25, 8.5], "texture": "#3"},
				"east": {"uv": [0, 7.75, 0.125, 8.5], "texture": "#3"},
				"south": {"uv": [0.375, 7.75, 0.5, 8.5], "texture": "#3"},
				"west": {"uv": [0.25, 7.75, 0.375, 8.5], "texture": "#3"},
				"up": {"uv": [0.25, 7.75, 0.125, 7.625], "texture": "#3"},
				"down": {"uv": [0.375, 7.625, 0.25, 7.75], "texture": "#3"}
			}
		},
		{
			"name": "hexadecagon",
			"from": [5, 14.40326, 9.5],
			"to": [11, 15.59674, 10.5],
			"rotation": {"angle": -22.5, "axis": "z", "origin": [8, 15, 10]},
			"faces": {
				"north": {"uv": [0.125, 6.75, 0.875, 6.875], "texture": "#3"},
				"east": {"uv": [0, 6.75, 0.125, 6.875], "texture": "#3"},
				"south": {"uv": [1, 6.75, 1.75, 6.875], "texture": "#3"},
				"west": {"uv": [0.875, 6.75, 1, 6.875], "texture": "#3"},
				"up": {"uv": [0.875, 6.75, 0.125, 6.625], "texture": "#3"},
				"down": {"uv": [1.625, 6.625, 0.875, 6.75], "texture": "#3"}
			}
		},
		{
			"name": "hexadecagon",
			"from": [5, 14.40326, 9.48438],
			"to": [11, 15.59674, 10.48438],
			"rotation": {"angle": 0, "axis": "y", "origin": [8, 15, 10]},
			"faces": {
				"north": {"uv": [1.875, 6.5, 2.625, 6.625], "texture": "#3"},
				"east": {"uv": [1.75, 6.5, 1.875, 6.625], "texture": "#3"},
				"south": {"uv": [2.75, 6.5, 3.5, 6.625], "texture": "#3"},
				"west": {"uv": [2.625, 6.5, 2.75, 6.625], "texture": "#3"},
				"up": {"uv": [2.625, 6.5, 1.875, 6.375], "texture": "#3"},
				"down": {"uv": [3.375, 6.375, 2.625, 6.5], "texture": "#3"}
			}
		},
		{
			"name": "hexadecagon",
			"from": [5, 14.40326, 9.5],
			"to": [11, 15.59674, 10.5],
			"rotation": {"angle": 22.5, "axis": "z", "origin": [8, 15, 10]},
			"faces": {
				"north": {"uv": [0.125, 6.5, 0.875, 6.625], "texture": "#3"},
				"east": {"uv": [0, 6.5, 0.125, 6.625], "texture": "#3"},
				"south": {"uv": [1, 6.5, 1.75, 6.625], "texture": "#3"},
				"west": {"uv": [0.875, 6.5, 1, 6.625], "texture": "#3"},
				"up": {"uv": [0.875, 6.5, 0.125, 6.375], "texture": "#3"},
				"down": {"uv": [1.625, 6.375, 0.875, 6.5], "texture": "#3"}
			}
		},
		{
			"name": "hexadecagon",
			"from": [7.40326, 12, 5.5],
			"to": [8.59674, 18, 6.5],
			"rotation": {"angle": -45, "axis": "z", "origin": [8, 15, 6]},
			"faces": {
				"north": {"uv": [2.125, 7.75, 2.25, 8.5], "texture": "#3"},
				"east": {"uv": [2, 7.75, 2.125, 8.5], "texture": "#3"},
				"south": {"uv": [2.375, 7.75, 2.5, 8.5], "texture": "#3"},
				"west": {"uv": [2.25, 7.75, 2.375, 8.5], "texture": "#3"},
				"up": {"uv": [2.25, 7.75, 2.125, 7.625], "texture": "#3"},
				"down": {"uv": [2.375, 7.625, 2.25, 7.75], "texture": "#3"}
			}
		},
		{
			"name": "hexadecagon",
			"from": [7.40326, 12, 5.5],
			"to": [8.59674, 18, 6.5],
			"rotation": {"angle": -22.5, "axis": "z", "origin": [8, 15, 6]},
			"faces": {
				"north": {"uv": [1.625, 7.75, 1.75, 8.5], "texture": "#3"},
				"east": {"uv": [1.5, 7.75, 1.625, 8.5], "texture": "#3"},
				"south": {"uv": [1.875, 7.75, 2, 8.5], "texture": "#3"},
				"west": {"uv": [1.75, 7.75, 1.875, 8.5], "texture": "#3"},
				"up": {"uv": [1.75, 7.75, 1.625, 7.625], "texture": "#3"},
				"down": {"uv": [1.875, 7.625, 1.75, 7.75], "texture": "#3"}
			}
		},
		{
			"name": "hexadecagon",
			"from": [7.40326, 12, 5.5],
			"to": [8.59674, 18, 6.5],
			"rotation": {"angle": 0, "axis": "y", "origin": [8, 15, 6]},
			"faces": {
				"north": {"uv": [1.125, 7.75, 1.25, 8.5], "texture": "#3"},
				"east": {"uv": [1, 7.75, 1.125, 8.5], "texture": "#3"},
				"south": {"uv": [1.375, 7.75, 1.5, 8.5], "texture": "#3"},
				"west": {"uv": [1.25, 7.75, 1.375, 8.5], "texture": "#3"},
				"up": {"uv": [1.25, 7.75, 1.125, 7.625], "texture": "#3"},
				"down": {"uv": [1.375, 7.625, 1.25, 7.75], "texture": "#3"}
			}
		},
		{
			"name": "hexadecagon",
			"from": [7.40326, 13, 5.16406],
			"to": [8.59674, 14, 6.16406],
			"rotation": {"angle": 0, "axis": "y", "origin": [7.25, 15, 5.71094]},
			"faces": {
				"north": {"uv": [3.875, 8.625, 4, 8.75], "texture": "#3"},
				"east": {"uv": [3.75, 8.625, 3.875, 8.75], "texture": "#3"},
				"south": {"uv": [4.125, 8.625, 4.25, 8.75], "texture": "#3"},
				"west": {"uv": [4, 8.625, 4.125, 8.75], "texture": "#3"},
				"up": {"uv": [4, 8.625, 3.875, 8.5], "texture": "#3"},
				"down": {"uv": [4.125, 8.5, 4, 8.625], "texture": "#3"}
			}
		},
		{
			"name": "hexadecagon",
			"from": [6.40326, 15.5, 5.11719],
			"to": [7.40326, 16.5, 6.11719],
			"rotation": {"angle": 0, "axis": "y", "origin": [7.25, 15, 6]},
			"faces": {
				"north": {"uv": [1.375, 8.625, 1.5, 8.75], "texture": "#3"},
				"east": {"uv": [1.25, 8.625, 1.375, 8.75], "texture": "#3"},
				"south": {"uv": [1.625, 8.625, 1.75, 8.75], "texture": "#3"},
				"west": {"uv": [1.5, 8.625, 1.625, 8.75], "texture": "#3"},
				"up": {"uv": [1.5, 8.625, 1.375, 8.5], "texture": "#3"},
				"down": {"uv": [1.625, 8.5, 1.5, 8.625], "texture": "#3"}
			}
		},
		{
			"name": "hexadecagon",
			"from": [8.59674, 15.5, 5.11719],
			"to": [9.59674, 16.5, 6.11719],
			"rotation": {"angle": 0, "axis": "y", "origin": [8.75, 15, 6]},
			"faces": {
				"north": {"uv": [0.875, 8.625, 1, 8.75], "texture": "#3"},
				"east": {"uv": [0.75, 8.625, 0.875, 8.75], "texture": "#3"},
				"south": {"uv": [1.125, 8.625, 1.25, 8.75], "texture": "#3"},
				"west": {"uv": [1, 8.625, 1.125, 8.75], "texture": "#3"},
				"up": {"uv": [1, 8.625, 0.875, 8.5], "texture": "#3"},
				"down": {"uv": [1.125, 8.5, 1, 8.625], "texture": "#3"}
			}
		},
		{
			"name": "hexadecagon",
			"from": [7.00155, 12.98045, 5.16406],
			"to": [8.19502, 13.98045, 6.16406],
			"rotation": {"angle": -22.5, "axis": "z", "origin": [7.84829, 14.98045, 5.71094]},
			"faces": {
				"north": {"uv": [3.375, 8.625, 3.5, 8.75], "texture": "#3"},
				"east": {"uv": [3.25, 8.625, 3.375, 8.75], "texture": "#3"},
				"south": {"uv": [3.625, 8.625, 3.75, 8.75], "texture": "#3"},
				"west": {"uv": [3.5, 8.625, 3.625, 8.75], "texture": "#3"},
				"up": {"uv": [3.5, 8.625, 3.375, 8.5], "texture": "#3"},
				"down": {"uv": [3.625, 8.5, 3.5, 8.625], "texture": "#3"}
			}
		},
		{
			"name": "hexadecagon",
			"from": [7.80498, 12.98045, 5.16406],
			"to": [8.99845, 13.98045, 6.16406],
			"rotation": {"angle": 22.5, "axis": "z", "origin": [8.15171, 14.98045, 5.71094]},
			"faces": {
				"north": {"uv": [1.875, 8.625, 2, 8.75], "texture": "#3"},
				"east": {"uv": [1.75, 8.625, 1.875, 8.75], "texture": "#3"},
				"south": {"uv": [2.125, 8.625, 2.25, 8.75], "texture": "#3"},
				"west": {"uv": [2, 8.625, 2.125, 8.75], "texture": "#3"},
				"up": {"uv": [2, 8.625, 1.875, 8.5], "texture": "#3"},
				"down": {"uv": [2.125, 8.5, 2, 8.625], "texture": "#3"}
			}
		},
		{
			"name": "hexadecagon",
			"from": [6.62293, 13.11612, 5.16406],
			"to": [7.81641, 14.11612, 6.16406],
			"rotation": {"angle": -45, "axis": "z", "origin": [7.46967, 15.11612, 5.71094]},
			"faces": {
				"north": {"uv": [2.875, 8.625, 3, 8.75], "texture": "#3"},
				"east": {"uv": [2.75, 8.625, 2.875, 8.75], "texture": "#3"},
				"south": {"uv": [3.125, 8.625, 3.25, 8.75], "texture": "#3"},
				"west": {"uv": [3, 8.625, 3.125, 8.75], "texture": "#3"},
				"up": {"uv": [3, 8.625, 2.875, 8.5], "texture": "#3"},
				"down": {"uv": [3.125, 8.5, 3, 8.625], "texture": "#3"}
			}
		},
		{
			"name": "hexadecagon",
			"from": [8.18359, 13.11612, 5.16406],
			"to": [9.37707, 14.11612, 6.16406],
			"rotation": {"angle": 45, "axis": "z", "origin": [8.53033, 15.11612, 5.71094]},
			"faces": {
				"north": {"uv": [2.375, 8.625, 2.5, 8.75], "texture": "#3"},
				"east": {"uv": [2.25, 8.625, 2.375, 8.75], "texture": "#3"},
				"south": {"uv": [2.625, 8.625, 2.75, 8.75], "texture": "#3"},
				"west": {"uv": [2.5, 8.625, 2.625, 8.75], "texture": "#3"},
				"up": {"uv": [2.5, 8.625, 2.375, 8.5], "texture": "#3"},
				"down": {"uv": [2.625, 8.5, 2.5, 8.625], "texture": "#3"}
			}
		},
		{
			"name": "hexadecagon",
			"from": [7.40326, 12, 5.5],
			"to": [8.59674, 18, 6.5],
			"rotation": {"angle": 22.5, "axis": "z", "origin": [8, 15, 6]},
			"faces": {
				"north": {"uv": [0.625, 7.75, 0.75, 8.5], "texture": "#3"},
				"east": {"uv": [0.5, 7.75, 0.625, 8.5], "texture": "#3"},
				"south": {"uv": [0.875, 7.75, 1, 8.5], "texture": "#3"},
				"west": {"uv": [0.75, 7.75, 0.875, 8.5], "texture": "#3"},
				"up": {"uv": [0.75, 7.75, 0.625, 7.625], "texture": "#3"},
				"down": {"uv": [0.875, 7.625, 0.75, 7.75], "texture": "#3"}
			}
		},
		{
			"name": "hexadecagon",
			"from": [7.40326, 12, 5.5],
			"to": [8.59674, 18, 6.5],
			"rotation": {"angle": 45, "axis": "z", "origin": [8, 15, 6]},
			"faces": {
				"north": {"uv": [0.125, 7.75, 0.25, 8.5], "texture": "#3"},
				"east": {"uv": [0, 7.75, 0.125, 8.5], "texture": "#3"},
				"south": {"uv": [0.375, 7.75, 0.5, 8.5], "texture": "#3"},
				"west": {"uv": [0.25, 7.75, 0.375, 8.5], "texture": "#3"},
				"up": {"uv": [0.25, 7.75, 0.125, 7.625], "texture": "#3"},
				"down": {"uv": [0.375, 7.625, 0.25, 7.75], "texture": "#3"}
			}
		},
		{
			"name": "hexadecagon",
			"from": [5, 14.40326, 5.5],
			"to": [11, 15.59674, 6.5],
			"rotation": {"angle": -22.5, "axis": "z", "origin": [8, 15, 6]},
			"faces": {
				"north": {"uv": [0.125, 6.75, 0.875, 6.875], "texture": "#3"},
				"east": {"uv": [0, 6.75, 0.125, 6.875], "texture": "#3"},
				"south": {"uv": [1, 6.75, 1.75, 6.875], "texture": "#3"},
				"west": {"uv": [0.875, 6.75, 1, 6.875], "texture": "#3"},
				"up": {"uv": [0.875, 6.75, 0.125, 6.625], "texture": "#3"},
				"down": {"uv": [1.625, 6.625, 0.875, 6.75], "texture": "#3"}
			}
		},
		{
			"name": "hexadecagon",
			"from": [5, 14.40326, 5.51563],
			"to": [11, 15.59674, 6.51563],
			"rotation": {"angle": 0, "axis": "y", "origin": [8, 15, 6]},
			"faces": {
				"north": {"uv": [1.875, 6.5, 2.625, 6.625], "texture": "#3"},
				"east": {"uv": [1.75, 6.5, 1.875, 6.625], "texture": "#3"},
				"south": {"uv": [2.75, 6.5, 3.5, 6.625], "texture": "#3"},
				"west": {"uv": [2.625, 6.5, 2.75, 6.625], "texture": "#3"},
				"up": {"uv": [2.625, 6.5, 1.875, 6.375], "texture": "#3"},
				"down": {"uv": [3.375, 6.375, 2.625, 6.5], "texture": "#3"}
			}
		},
		{
			"name": "hexadecagon",
			"from": [5, 14.40326, 5.5],
			"to": [11, 15.59674, 6.5],
			"rotation": {"angle": 22.5, "axis": "z", "origin": [8, 15, 6]},
			"faces": {
				"north": {"uv": [0.125, 6.5, 0.875, 6.625], "texture": "#3"},
				"east": {"uv": [0, 6.5, 0.125, 6.625], "texture": "#3"},
				"south": {"uv": [1, 6.5, 1.75, 6.625], "texture": "#3"},
				"west": {"uv": [0.875, 6.5, 1, 6.625], "texture": "#3"},
				"up": {"uv": [0.875, 6.5, 0.125, 6.375], "texture": "#3"},
				"down": {"uv": [1.625, 6.375, 0.875, 6.5], "texture": "#3"}
			}
		}
	],
	"display": {
		"thirdperson_righthand": {
			"rotation": [0, 90, 0],
			"translation": [0, 1, 1.25],
			"scale": [0.6, 0.6, 0.6]
		},
		"thirdperson_lefthand": {
			"rotation": [0, 90, 0],
			"translation": [0, 1, 1.25],
			"scale": [0.6, 0.6, 0.6]
		},
		"firstperson_righthand": {
			"rotation": [-30, 90, 0],
			"translation": [0, 3, -2],
			"scale": [0.6, 0.6, 0.6]
		},
		"firstperson_lefthand": {
			"rotation": [-30, 90, 0],
			"translation": [0, 3, -2],
			"scale": [0.6, 0.6, 0.6]
		},
		"ground": {
			"rotation": [0, 0, 56],
			"translation": [0, 8.75, 0],
			"scale": [0.7, 0.7, 0.7]
		},
		"gui": {
			"rotation": [0, 0, -45],
			"translation": [-0.25, -0.25, -1.75],
			"scale": [0.5, 0.5, 0.5]
		},
		"head": {
			"translation": [0, 7, 0]
		},
		"fixed": {
			"rotation": [0, 0, 45],
			"translation": [0, 0, -1.75],
			"scale": [0.7, 0.7, 0.7]
		}
	},
	"groups": [
		{
			"name": "group",
			"origin": [8, 8, 8],
			"children": [0, 1, 2, 3, 4, 5, 6, 7, 8, 9, 10, 11, 12, 13, 14, 15, 16, 17, 18, 19, 20, 21, 22, 23, 24, 25, 26, 27, 28, 29, 30, 31, 32, 33, 34]
		},
		{
			"name": "hexadecagon",
			"origin": [8, 8, 8],
			"children": [35, 36, 37, 38, 39, 40, 41, 42, 43, 44, 45, 46, 47, 48, 49]
		},
		{
			"name": "hexadecagon",
			"origin": [8, 8, 8],
			"children": [50, 51, 52, 53, 54, 55, 56, 57, 58, 59, 60, 61, 62, 63, 64]
		}
	]
}