{
	"credit": "Made with Blockbench",
	"texture_size": [128, 128],
	"textures": {
		"0": "christmas20_crate/snowmanhat",
		"particle": "christmas20_crate/snowmanhat"
	},
	"elements": [
		{
			"name": "hexadecagon",
			"from": [6.4087, 0.5, 0],
			"to": [9.5913, 1.5, 16],
			"rotation": {"angle": -45, "axis": "y", "origin": [8, 1, 8]},
			"faces": {
				"north": {"uv": [2, 6.25, 2.375, 6.375], "texture": "#0"},
				"east": {"uv": [0, 6.25, 2, 6.375], "texture": "#0"},
				"south": {"uv": [4.375, 6.25, 4.75, 6.375], "texture": "#0"},
				"west": {"uv": [2.375, 6.25, 4.375, 6.375], "texture": "#0"},
				"up": {"uv": [2.375, 6.25, 2, 4.25], "texture": "#0"},
				"down": {"uv": [2.75, 4.25, 2.375, 6.25], "texture": "#0"}
			}
		},
		{
			"name": "hexadecagon",
			"from": [6.4087, 0.5, 0],
			"to": [9.5913, 1.5, 16],
			"rotation": {"angle": -22.5, "axis": "y", "origin": [8, 1, 8]},
			"faces": {
				"north": {"uv": [4.75, 2.125, 5.125, 2.25], "texture": "#0"},
				"east": {"uv": [2.75, 2.125, 4.75, 2.25], "texture": "#0"},
				"south": {"uv": [7.125, 2.125, 7.5, 2.25], "texture": "#0"},
				"west": {"uv": [5.125, 2.125, 7.125, 2.25], "texture": "#0"},
				"up": {"uv": [5.125, 2.125, 4.75, 0.125], "texture": "#0"},
				"down": {"uv": [5.5, 0.125, 5.125, 2.125], "texture": "#0"}
			}
		},
		{
			"name": "hexadecagon",
			"from": [6.4087, 0.5, 0],
			"to": [9.5913, 1.5, 16],
			"rotation": {"angle": 0, "axis": "y", "origin": [8, 1, 8]},
			"faces": {
				"north": {"uv": [4.75, 4.75, 5.125, 4.875], "texture": "#0"},
				"east": {"uv": [2.75, 4.75, 4.75, 4.875], "texture": "#0"},
				"south": {"uv": [7.125, 4.75, 7.5, 4.875], "texture": "#0"},
				"west": {"uv": [5.125, 4.75, 7.125, 4.875], "texture": "#0"},
				"up": {"uv": [5.125, 4.75, 4.75, 2.75], "texture": "#0"},
				"down": {"uv": [5.5, 2.75, 5.125, 4.75], "texture": "#0"}
			}
		},
		{
			"name": "hexadecagon",
			"from": [0.1587, 0.45703, 0.125],
			"to": [15.8413, 1.5, 15.875],
			"rotation": {"angle": 0, "axis": "y", "origin": [8, 1, 8]},
			"faces": {
				"north": {"uv": [1.875, 13.5, 3.75, 13.625], "texture": "#0"},
				"east": {"uv": [0, 13.5, 1.875, 13.625], "texture": "#0"},
				"south": {"uv": [5.625, 13.5, 7.5, 13.625], "texture": "#0"},
				"west": {"uv": [3.75, 13.5, 5.625, 13.625], "texture": "#0"},
				"up": {"uv": [3.75, 13.5, 1.875, 11.625], "texture": "#0"},
				"down": {"uv": [5.625, 11.625, 3.75, 13.5], "texture": "#0"}
			}
		},
		{
			"name": "hexadecagon",
			"from": [6.4087, 0.5, 0],
			"to": [9.5913, 1.5, 16],
			"rotation": {"angle": 22.5, "axis": "y", "origin": [8, 1, 8]},
			"faces": {
				"north": {"uv": [2, 4.125, 2.375, 4.25], "texture": "#0"},
				"east": {"uv": [0, 4.125, 2, 4.25], "texture": "#0"},
				"south": {"uv": [4.375, 4.125, 4.75, 4.25], "texture": "#0"},
				"west": {"uv": [2.375, 4.125, 4.375, 4.25], "texture": "#0"},
				"up": {"uv": [2.375, 4.125, 2, 2.125], "texture": "#0"},
				"down": {"uv": [2.75, 2.125, 2.375, 4.125], "texture": "#0"}
			}
		},
		{
			"name": "hexadecagon",
			"from": [6.4087, 0.5, 0],
			"to": [9.5913, 1.5, 16],
			"rotation": {"angle": 45, "axis": "y", "origin": [8, 1, 8]},
			"faces": {
				"north": {"uv": [2, 2, 2.375, 2.125], "texture": "#0"},
				"east": {"uv": [0, 2, 2, 2.125], "texture": "#0"},
				"south": {"uv": [4.375, 2, 4.75, 2.125], "texture": "#0"},
				"west": {"uv": [2.375, 2, 4.375, 2.125], "texture": "#0"},
				"up": {"uv": [2.375, 2, 2, 0], "texture": "#0"},
				"down": {"uv": [2.75, 0, 2.375, 2], "texture": "#0"}
			}
		},
		{
			"name": "hexadecagon",
			"from": [0, 0.5, 6.4087],
			"to": [16, 1.5, 9.5913],
			"rotation": {"angle": -22.5, "axis": "y", "origin": [8, 1, 8]},
			"faces": {
				"north": {"uv": [5.875, 4.25, 7.875, 4.375], "texture": "#0"},
				"east": {"uv": [5.5, 4.25, 5.875, 4.375], "texture": "#0"},
				"south": {"uv": [8.25, 4.25, 10.25, 4.375], "texture": "#0"},
				"west": {"uv": [7.875, 4.25, 8.25, 4.375], "texture": "#0"},
				"up": {"uv": [7.875, 4.25, 5.875, 3.875], "texture": "#0"},
				"down": {"uv": [9.875, 3.875, 7.875, 4.25], "texture": "#0"}
			}
		},
		{
			"name": "hexadecagon",
			"from": [0, 0.5, 6.4087],
			"to": [16, 1.5, 9.5913],
			"rotation": {"angle": 0, "axis": "y", "origin": [8, 1, 8]},
			"faces": {
				"north": {"uv": [5.875, 0.875, 7.875, 1], "texture": "#0"},
				"east": {"uv": [5.5, 0.875, 5.875, 1], "texture": "#0"},
				"south": {"uv": [8.25, 0.875, 10.25, 1], "texture": "#0"},
				"west": {"uv": [7.875, 0.875, 8.25, 1], "texture": "#0"},
				"up": {"uv": [7.875, 0.875, 5.875, 0.5], "texture": "#0"},
				"down": {"uv": [9.875, 0.5, 7.875, 0.875], "texture": "#0"}
			}
		},
		{
			"name": "hexadecagon",
			"from": [0, 0.5, 6.4087],
			"to": [16, 1.5, 9.5913],
			"rotation": {"angle": 22.5, "axis": "y", "origin": [8, 1, 8]},
			"faces": {
				"north": {"uv": [5.875, 0.375, 7.875, 0.5], "texture": "#0"},
				"east": {"uv": [5.5, 0.375, 5.875, 0.5], "texture": "#0"},
				"south": {"uv": [8.25, 0.375, 10.25, 0.5], "texture": "#0"},
				"west": {"uv": [7.875, 0.375, 8.25, 0.5], "texture": "#0"},
				"up": {"uv": [7.875, 0.375, 5.875, 0], "texture": "#0"},
				"down": {"uv": [9.875, 0, 7.875, 0.375], "texture": "#0"}
			}
		},
		{
			"name": "hexadecagon",
			"from": [7.00544, 1.5, 3],
			"to": [8.99456, 14.5, 13],
			"rotation": {"angle": -45, "axis": "y", "origin": [8, 8, 8]},
			"faces": {
				"north": {"uv": [7.5, 7.75, 7.625, 9.375], "texture": "#0"},
				"east": {"uv": [6.25, 7.75, 7.5, 9.375], "texture": "#0"},
				"south": {"uv": [8.875, 7.75, 9, 9.375], "texture": "#0"},
				"west": {"uv": [7.625, 7.75, 8.875, 9.375], "texture": "#0"},
				"up": {"uv": [7.625, 7.75, 7.5, 6.5], "texture": "#0"},
				"down": {"uv": [7.75, 6.5, 7.625, 7.75], "texture": "#0"}
			}
		},
		{
			"name": "hexadecagon",
			"from": [7.00544, 1.5, 3],
			"to": [8.99456, 14.5, 13],
			"rotation": {"angle": -22.5, "axis": "y", "origin": [8, 8, 8]},
			"faces": {
				"north": {"uv": [4, 7.75, 4.125, 9.375], "texture": "#0"},
				"east": {"uv": [2.75, 7.75, 4, 9.375], "texture": "#0"},
				"south": {"uv": [5.375, 7.75, 5.5, 9.375], "texture": "#0"},
				"west": {"uv": [4.125, 7.75, 5.375, 9.375], "texture": "#0"},
				"up": {"uv": [4.125, 7.75, 4, 6.5], "texture": "#0"},
				"down": {"uv": [4.25, 6.5, 4.125, 7.75], "texture": "#0"}
			}
		},
		{
			"name": "hexadecagon",
			"from": [7.00544, 1.5, 3],
			"to": [8.99456, 14.5, 13],
			"faces": {
				"north": {"uv": [1.25, 7.625, 1.375, 9.25], "texture": "#0"},
				"east": {"uv": [0, 7.625, 1.25, 9.25], "texture": "#0"},
				"south": {"uv": [2.625, 7.625, 2.75, 9.25], "texture": "#0"},
				"west": {"uv": [1.375, 7.625, 2.625, 9.25], "texture": "#0"},
				"up": {"uv": [1.375, 7.625, 1.25, 6.375], "texture": "#0"},
				"down": {"uv": [1.5, 6.375, 1.375, 7.625], "texture": "#0"}
			}
		},
		{
			"name": "hexadecagon",
			"from": [7.00544, 1.5, 3],
			"to": [8.99456, 14.5, 13],
			"rotation": {"angle": 22.5, "axis": "y", "origin": [8, 8, 8]},
			"faces": {
				"north": {"uv": [7.5, 2.25, 7.625, 3.875], "texture": "#0"},
				"east": {"uv": [6.25, 2.25, 7.5, 3.875], "texture": "#0"},
				"south": {"uv": [8.875, 2.25, 9, 3.875], "texture": "#0"},
				"west": {"uv": [7.625, 2.25, 8.875, 3.875], "texture": "#0"},
				"up": {"uv": [7.625, 2.25, 7.5, 1], "texture": "#0"},
				"down": {"uv": [7.75, 1, 7.625, 2.25], "texture": "#0"}
			}
		},
		{
			"name": "hexadecagon",
			"from": [7.00544, 1.5, 3],
			"to": [8.99456, 14.5, 13],
			"rotation": {"angle": 45, "axis": "y", "origin": [8, 8, 8]},
			"faces": {
				"north": {"uv": [6, 6.125, 6.125, 7.75], "texture": "#0"},
				"east": {"uv": [4.75, 6.125, 6, 7.75], "texture": "#0"},
				"south": {"uv": [7.375, 6.125, 7.5, 7.75], "texture": "#0"},
				"west": {"uv": [6.125, 6.125, 7.375, 7.75], "texture": "#0"},
				"up": {"uv": [6.125, 6.125, 6, 4.875], "texture": "#0"},
				"down": {"uv": [6.25, 4.875, 6.125, 6.125], "texture": "#0"}
			}
		},
		{
			"name": "hexadecagon",
			"from": [3, 1.5, 7.00544],
			"to": [13, 14.5, 8.99456],
			"rotation": {"angle": -22.5, "axis": "y", "origin": [8, 8, 8]},
			"faces": {
				"north": {"uv": [9.125, 1.125, 10.375, 2.75], "texture": "#0"},
				"east": {"uv": [9, 1.125, 9.125, 2.75], "texture": "#0"},
				"south": {"uv": [10.5, 1.125, 11.75, 2.75], "texture": "#0"},
				"west": {"uv": [10.375, 1.125, 10.5, 2.75], "texture": "#0"},
				"up": {"uv": [10.375, 1.125, 9.125, 1], "texture": "#0"},
				"down": {"uv": [11.625, 1, 10.375, 1.125], "texture": "#0"}
			}
		},
		{
			"name": "hexadecagon",
			"from": [3, 1.5, 7.00544],
			"to": [13, 14.5, 8.99456],
			"faces": {
				"north": {"uv": [9.125, 9.125, 10.375, 10.75], "texture": "#0"},
				"east": {"uv": [9, 9.125, 9.125, 10.75], "texture": "#0"},
				"south": {"uv": [10.5, 9.125, 11.75, 10.75], "texture": "#0"},
				"west": {"uv": [10.375, 9.125, 10.5, 10.75], "texture": "#0"},
				"up": {"uv": [10.375, 9.125, 9.125, 9], "texture": "#0"},
				"down": {"uv": [11.625, 9, 10.375, 9.125], "texture": "#0"}
			}
		},
		{
			"name": "hexadecagon",
			"from": [3, 1.5, 7.00544],
			"to": [13, 14.5, 8.99456],
			"rotation": {"angle": 22.5, "axis": "y", "origin": [8, 8, 8]},
			"faces": {
				"north": {"uv": [7.625, 4.5, 8.875, 6.125], "texture": "#0"},
				"east": {"uv": [7.5, 4.5, 7.625, 6.125], "texture": "#0"},
				"south": {"uv": [9, 4.5, 10.25, 6.125], "texture": "#0"},
				"west": {"uv": [8.875, 4.5, 9, 6.125], "texture": "#0"},
				"up": {"uv": [8.875, 4.5, 7.625, 4.375], "texture": "#0"},
				"down": {"uv": [10.125, 4.375, 8.875, 4.5], "texture": "#0"}
			}
		}
	],
	"display": {
		"thirdperson_righthand": {
			"rotation": [17.75, 0, 0],
			"translation": [0, 4, 0],
			"scale": [0.5, 0.5, 0.5]
		},
		"thirdperson_lefthand": {
			"rotation": [17.75, 0, 0],
			"translation": [0, 4, 0],
			"scale": [0.5, 0.5, 0.5]
		},
		"firstperson_righthand": {
			"rotation": [17.75, 0, 0],
			"translation": [0, 6.25, 0.75],
			"scale": [0.5, 0.5, 0.5]
		},
		"firstperson_lefthand": {
			"rotation": [17.75, 0, 0],
			"translation": [0, 6.25, 0.75],
			"scale": [0.5, 0.5, 0.5]
		},
		"ground": {
			"rotation": [17.75, 0, 0],
			"translation": [0, 6.25, 0.75]
		},
		"gui": {
			"rotation": [25, 27, 14.5],
			"translation": [0, 1, 0],
			"scale": [0.8, 0.8, 0.8]
		},
		"head": {
			"rotation": [0, 0, 11.75],
			"translation": [-3.25, 16, -0.75],
			"scale": [1.3, 1.3, 1.3]
		}
	},
	"groups": [
		{
			"name": "hexadecagon",
			"origin": [8, 8, 8],
			"children": [0, 1, 2, 3, 4, 5, 6, 7, 8]
		},
		{
			"name": "hexadecagon",
			"origin": [8, 8, 8],
			"children": [9, 10, 11, 12, 13, 14, 15, 16]
		}
	]
}