{
	"credit": "Made with Blockbench",
	"textures": {
		"0": "item/weapons/candycanesword",
		"particle": "item/weapons/candycanesword"
	},
	"elements": [
		{
			"from": [6.5, 1.5, 7],
			"to": [9.5, 4.5, 10],
			"rotation": {"angle": -45, "axis": "x", "origin": [8.0096, 2.50002, 7.99038]},
			"faces": {
				"north": {"uv": [4.5, 4.5, 5.5, 5.5], "texture": "#0"},
				"east": {"uv": [3.5, 4.5, 4.5, 5.5], "texture": "#0"},
				"south": {"uv": [6.5, 4.5, 7.5, 5.5], "texture": "#0"},
				"west": {"uv": [5.5, 4.5, 6.5, 5.5], "texture": "#0"},
				"up": {"uv": [5.5, 4.5, 4.5, 3.5], "texture": "#0"},
				"down": {"uv": [6.5, 3.5, 5.5, 4.5], "texture": "#0"}
			}
		},
		{
			"from": [6.5, 4.25, 15.75],
			"to": [9.5, 6.75, 18.25],
			"rotation": {"angle": -45, "axis": "x", "origin": [8.0096, 2.50002, 7.99038]},
			"faces": {
				"north": {"uv": [4.5, 4.5, 5.5, 5.5], "texture": "#0"},
				"east": {"uv": [3.5, 4.5, 4.5, 5.5], "texture": "#0"},
				"south": {"uv": [6.5, 4.5, 7.5, 5.5], "texture": "#0"},
				"west": {"uv": [5.5, 4.5, 6.5, 5.5], "texture": "#0"},
				"up": {"uv": [5.5, 4.5, 4.5, 3.5], "texture": "#0"},
				"down": {"uv": [6.5, 3.5, 5.5, 4.5], "texture": "#0"}
			}
		},
		{
			"from": [6.5, 9.99036, 2.62004],
			"to": [9.5, 12.49036, 5.12004],
			"rotation": {"angle": -45, "axis": "x", "origin": [7.98799, 10.99886, 4.11896]},
			"faces": {
				"north": {"uv": [6.5, 4.5, 7.5, 5.5], "texture": "#0"},
				"east": {"uv": [5.5, 4.5, 6.5, 5.5], "texture": "#0"},
				"south": {"uv": [4.5, 4.5, 5.5, 5.5], "texture": "#0"},
				"west": {"uv": [3.5, 4.5, 4.5, 5.5], "texture": "#0"},
				"up": {"uv": [4.5, 3.5, 5.5, 4.5], "texture": "#0"},
				"down": {"uv": [5.5, 4.5, 6.5, 3.5], "texture": "#0"}
			}
		},
		{
			"from": [6.75, 10, 3],
			"to": [9.25, 12, 13],
			"faces": {
				"north": {"uv": [2.5, 2.5, 3, 3], "texture": "#0"},
				"east": {"uv": [0, 2.5, 2.5, 3], "texture": "#0"},
				"south": {"uv": [5.5, 2.5, 6, 3], "texture": "#0"},
				"west": {"uv": [3, 2.5, 5.5, 3], "texture": "#0"},
				"up": {"uv": [3, 2.5, 2.5, 0], "texture": "#0"},
				"down": {"uv": [3.5, 0, 3, 2.5], "texture": "#0"}
			}
		},
		{
			"from": [7, 4, 7],
			"to": [9, 10, 9],
			"faces": {
				"north": {"uv": [0.5, 0.5, 1, 2], "texture": "#0"},
				"east": {"uv": [0, 0.5, 0.5, 2], "texture": "#0"},
				"south": {"uv": [1.5, 0.5, 2, 2], "texture": "#0"},
				"west": {"uv": [1, 0.5, 1.5, 2], "texture": "#0"},
				"up": {"uv": [1, 0.5, 0.5, 0], "texture": "#0"},
				"down": {"uv": [1.5, 0, 1, 0.5], "texture": "#0"}
			}
		},
		{
			"from": [7.5, 12, 6],
			"to": [8.5, 20, 10],
			"faces": {
				"north": {"uv": [4.5, 6.5, 4.75, 8.5], "texture": "#0"},
				"east": {"uv": [5.75, 6.5, 4.75, 8.5], "texture": "#0"},
				"south": {"uv": [5.75, 6.5, 6, 8.5], "texture": "#0"},
				"west": {"uv": [4.75, 6.5, 5.75, 8.5], "texture": "#0"},
				"up": {"uv": [4.75, 6.5, 4.5, 5.5], "texture": "#0"},
				"down": {"uv": [5, 5.5, 4.75, 6.5], "texture": "#0"}
			}
		},
		{
			"from": [8, 20, 5],
			"to": [8, 29, 11],
			"faces": {
				"north": {"uv": [1.5, 4.5, 1.75, 6.75], "texture": "#0"},
				"east": {"uv": [0, 4.5, 1.5, 6.75], "texture": "#0"},
				"south": {"uv": [3.25, 4.5, 3.5, 6.75], "texture": "#0"},
				"west": {"uv": [1.75, 4.5, 3.25, 6.75], "texture": "#0"},
				"up": {"uv": [1.75, 4.5, 1.5, 3], "texture": "#0"},
				"down": {"uv": [2, 3, 1.75, 4.5], "texture": "#0"}
			}
		}
	],
	"display": {
		"thirdperson_righthand": {
			"translation": [0, -1.25, 1.75],
			"scale": [0.91, 0.91, 0.91]
		},
		"firstperson_righthand": {
			"rotation": [-4, -3, 0],
			"translation": [1.5, -1.25, 0],
			"scale": [0.91, 0.91, 0.911]
		},
		"gui": {
			"rotation": [-90, -45, -90],
			"translation": [-3.5, -3.5, 0],
			"scale": [0.8, 0.8, 0.8]
		}
	}
}