{
	"credit": "Made with Blockbench",
	"textures": {
		"0": "item/weapons/forestbow",
		"particle": "item/weapons/forestbow"
	},
	"elements": [
		{
			"from": [12, 11, 6.75],
			"to": [15, 14, 9.25],
			"rotation": {"angle": 45, "axis": "z", "origin": [13.50086, 12.50962, 7.98954]},
			"faces": {
				"north": {"uv": [0.5, 5.25, 1.25, 6], "texture": "#0"},
				"east": {"uv": [0, 5.25, 0.5, 6], "texture": "#0"},
				"south": {"uv": [1.75, 5.25, 2.5, 6], "texture": "#0"},
				"west": {"uv": [1.25, 5.25, 1.75, 6], "texture": "#0"},
				"up": {"uv": [1.25, 5.25, 0.5, 4.75], "texture": "#0"},
				"down": {"uv": [2, 4.75, 1.25, 5.25], "texture": "#0"}
			}
		},
		{
			"from": [2.177, 9.92926, 7.5],
			"to": [12.177, 11.92926, 8.5],
			"rotation": {"angle": 0, "axis": "y", "origin": [10.68442, 9.67848, 7.98952]},
			"faces": {
				"north": {"uv": [0.5, 1.5, 3, 2], "texture": "#0"},
				"east": {"uv": [0, 1.5, 0.5, 2], "texture": "#0"},
				"south": {"uv": [3.5, 1.5, 6, 2], "texture": "#0"},
				"west": {"uv": [3, 1.5, 3.5, 2], "texture": "#0"},
				"up": {"uv": [3, 1.5, 0.5, 1], "texture": "#0"},
				"down": {"uv": [5.5, 1, 3, 1.5], "texture": "#0"}
			}
		},
		{
			"from": [-0.823, 10.17926, 7.5],
			"to": [2.177, 11.17926, 8.5],
			"rotation": {"angle": 0, "axis": "y", "origin": [10.68442, 10.17848, 7.98952]},
			"faces": {
				"north": {"uv": [6.25, 4.75, 7, 5], "texture": "#0"},
				"east": {"uv": [6, 4.75, 6.25, 5], "texture": "#0"},
				"south": {"uv": [7.25, 4.75, 8, 5], "texture": "#0"},
				"west": {"uv": [7, 4.75, 7.25, 5], "texture": "#0"},
				"up": {"uv": [7, 4.75, 6.25, 4.5], "texture": "#0"},
				"down": {"uv": [7.75, 4.5, 7, 4.75], "texture": "#0"}
			}
		},
		{
			"from": [12.073, 10.17926, 7.5],
			"to": [15.073, 11.17926, 8.5],
			"rotation": {"angle": 0, "axis": "y", "origin": [3.56558, 10.17848, 7.98952]},
			"faces": {
				"north": {"uv": [5.75, 1.25, 6.5, 1.5], "texture": "#0"},
				"east": {"uv": [5.5, 1.25, 5.75, 1.5], "texture": "#0"},
				"south": {"uv": [6.75, 1.25, 7.5, 1.5], "texture": "#0"},
				"west": {"uv": [6.5, 1.25, 6.75, 1.5], "texture": "#0"},
				"up": {"uv": [6.5, 1.25, 5.75, 1], "texture": "#0"},
				"down": {"uv": [7.25, 1, 6.5, 1.25], "texture": "#0"}
			}
		},
		{
			"from": [-3.073, 9.17926, 7.5],
			"to": [-0.073, 10.17926, 8.5],
			"rotation": {"angle": -45, "axis": "z", "origin": [0.68195, 10.66646, 8.00783]},
			"faces": {
				"north": {"uv": [6.25, 1.75, 7, 2], "texture": "#0"},
				"east": {"uv": [6, 1.75, 6.25, 2], "texture": "#0"},
				"south": {"uv": [7.25, 1.75, 8, 2], "texture": "#0"},
				"west": {"uv": [7, 1.75, 7.25, 2], "texture": "#0"},
				"up": {"uv": [7, 1.75, 6.25, 1.5], "texture": "#0"},
				"down": {"uv": [7.75, 1.5, 7, 1.75], "texture": "#0"}
			}
		},
		{
			"from": [14.323, 9.17926, 7.5],
			"to": [17.323, 10.17926, 8.5],
			"rotation": {"angle": 45, "axis": "z", "origin": [13.56805, 10.66646, 8.00783]},
			"faces": {
				"north": {"uv": [0.25, 6.25, 1, 6.5], "texture": "#0"},
				"east": {"uv": [0, 6.25, 0.25, 6.5], "texture": "#0"},
				"south": {"uv": [1.25, 6.25, 2, 6.5], "texture": "#0"},
				"west": {"uv": [1, 6.25, 1.25, 6.5], "texture": "#0"},
				"up": {"uv": [1, 6.25, 0.25, 6], "texture": "#0"},
				"down": {"uv": [1.75, 6, 1, 6.25], "texture": "#0"}
			}
		},
		{
			"from": [-10.823, 9.42926, 7.25],
			"to": [-6.323, 10.92926, 8.75],
			"rotation": {"angle": 0, "axis": "y", "origin": [-4.82502, 13.15684, 8.0244]},
			"faces": {
				"north": {"uv": [3.5, 4.5, 4.5, 4.75], "texture": "#0"},
				"east": {"uv": [3, 4.5, 3.5, 4.75], "texture": "#0"},
				"south": {"uv": [5, 4.5, 6, 4.75], "texture": "#0"},
				"west": {"uv": [4.5, 4.5, 5, 4.75], "texture": "#0"},
				"up": {"uv": [4.5, 4.5, 3.5, 4], "texture": "#0"},
				"down": {"uv": [5.5, 4, 4.5, 4.5], "texture": "#0"}
			}
		},
		{
			"from": [-10.323, 8.17926, 7.5],
			"to": [-9.323, 9.92926, 8.5],
			"rotation": {"angle": 0, "axis": "y", "origin": [-4.82502, 13.15684, 8.0244]},
			"faces": {
				"north": {"uv": [4.25, 2.25, 4.5, 2.5], "texture": "#0"},
				"east": {"uv": [4, 2.25, 4.25, 2.5], "texture": "#0"},
				"south": {"uv": [4.75, 2.25, 5, 2.5], "texture": "#0"},
				"west": {"uv": [4.5, 2.25, 4.75, 2.5], "texture": "#0"},
				"up": {"uv": [4.5, 2.25, 4.25, 2], "texture": "#0"},
				"down": {"uv": [4.75, 2, 4.5, 2.25], "texture": "#0"}
			}
		},
		{
			"from": [6.927, 8.42926, 7.75],
			"to": [23.677, 8.67926, 8.25],
			"rotation": {"angle": 0, "axis": "y", "origin": [23.30974, 8.56704, 7.97951]},
			"faces": {
				"north": {"uv": [0.25, 0.25, 4.25, 0.5], "texture": "#0"},
				"east": {"uv": [0, 0.25, 0.25, 0.5], "texture": "#0"},
				"south": {"uv": [4.5, 0.25, 8.5, 0.5], "texture": "#0"},
				"west": {"uv": [4.25, 0.25, 4.5, 0.5], "texture": "#0"},
				"up": {"uv": [4.25, 0.25, 0.25, 0], "texture": "#0"},
				"down": {"uv": [8.25, 0, 4.25, 0.25], "texture": "#0"}
			}
		},
		{
			"from": [-9.427, 8.42926, 7.75],
			"to": [7.323, 8.67926, 8.25],
			"rotation": {"angle": 0, "axis": "y", "origin": [-9.04422, 8.53845, 8.008]},
			"faces": {
				"north": {"uv": [0.25, 0.75, 4.25, 1], "texture": "#0"},
				"east": {"uv": [0, 0.75, 0.25, 1], "texture": "#0"},
				"south": {"uv": [4.5, 0.75, 8.5, 1], "texture": "#0"},
				"west": {"uv": [4.25, 0.75, 4.5, 1], "texture": "#0"},
				"up": {"uv": [4.25, 0.75, 0.25, 0.5], "texture": "#0"},
				"down": {"uv": [8.25, 0.5, 4.25, 0.75], "texture": "#0"}
			}
		},
		{
			"from": [23.427, 8.17926, 7.5],
			"to": [24.427, 9.92926, 8.5],
			"rotation": {"angle": 0, "axis": "y", "origin": [-4.82502, 13.15684, 8.0244]},
			"faces": {
				"north": {"uv": [2.75, 4.25, 3, 4.5], "texture": "#0"},
				"east": {"uv": [2.5, 4.25, 2.75, 4.5], "texture": "#0"},
				"south": {"uv": [3.25, 4.25, 3.5, 4.5], "texture": "#0"},
				"west": {"uv": [3, 4.25, 3.25, 4.5], "texture": "#0"},
				"up": {"uv": [3, 4.25, 2.75, 4], "texture": "#0"},
				"down": {"uv": [3.25, 4, 3, 4.25], "texture": "#0"}
			}
		},
		{
			"from": [20.573, 9.42926, 7.25],
			"to": [25.073, 10.92926, 8.75],
			"rotation": {"angle": 0, "axis": "y", "origin": [19.07502, 13.15684, 8.0244]},
			"faces": {
				"north": {"uv": [0.5, 4.5, 1.5, 4.75], "texture": "#0"},
				"east": {"uv": [0, 4.5, 0.5, 4.75], "texture": "#0"},
				"south": {"uv": [2, 4.5, 3, 4.75], "texture": "#0"},
				"west": {"uv": [1.5, 4.5, 2, 4.75], "texture": "#0"},
				"up": {"uv": [1.5, 4.5, 0.5, 4], "texture": "#0"},
				"down": {"uv": [2.5, 4, 1.5, 4.5], "texture": "#0"}
			}
		},
		{
			"from": [-7.823, 10.17926, 7],
			"to": [-0.823, 12.17926, 9],
			"rotation": {"angle": 22.5, "axis": "z", "origin": [-4.82502, 13.15684, 8.0244]},
			"faces": {
				"north": {"uv": [0.5, 3.5, 2.25, 4], "texture": "#0"},
				"east": {"uv": [0, 3.5, 0.5, 4], "texture": "#0"},
				"south": {"uv": [2.75, 3.5, 4.5, 4], "texture": "#0"},
				"west": {"uv": [2.25, 3.5, 2.75, 4], "texture": "#0"},
				"up": {"uv": [2.25, 3.5, 0.5, 3], "texture": "#0"},
				"down": {"uv": [4, 3, 2.25, 3.5], "texture": "#0"}
			}
		},
		{
			"from": [-4.3209, 13.67355, 6],
			"to": [-1.3209, 17.67355, 6],
			"rotation": {"angle": -45, "axis": "x", "origin": [-3.83148, 14.65554, 8.02354]},
			"faces": {
				"north": {"uv": [4.5, 6, 5.25, 7], "texture": "#0"},
				"east": {"uv": [4.25, 6, 4.5, 7], "texture": "#0"},
				"south": {"uv": [5.5, 6, 6.25, 7], "texture": "#0"},
				"west": {"uv": [5.25, 6, 5.5, 7], "texture": "#0"},
				"up": {"uv": [5.25, 6, 4.5, 5.75], "texture": "#0"},
				"down": {"uv": [6, 5.75, 5.25, 6], "texture": "#0"}
			}
		},
		{
			"from": [19.6791, 10.02205, 7.51641],
			"to": [22.6791, 14.02205, 7.51641],
			"rotation": {"angle": -22.5, "axis": "x", "origin": [19.17864, 12.5511, 7.26676]},
			"faces": {
				"north": {"uv": [5.75, 3.5, 6.5, 4.5], "texture": "#0"},
				"east": {"uv": [5.5, 3.5, 5.75, 4.5], "texture": "#0"},
				"south": {"uv": [6.75, 3.5, 7.5, 4.5], "texture": "#0"},
				"west": {"uv": [6.5, 3.5, 6.75, 4.5], "texture": "#0"},
				"up": {"uv": [6.5, 3.5, 5.75, 3.25], "texture": "#0"},
				"down": {"uv": [7.25, 3.25, 6.5, 3.5], "texture": "#0"}
			}
		},
		{
			"from": [-7.3209, 12.67355, 7.25],
			"to": [-4.3209, 16.67355, 7.25],
			"rotation": {"angle": 45, "axis": "z", "origin": [-3.83148, 14.65554, 8.02354]},
			"faces": {
				"north": {"uv": [2.5, 6, 3.25, 7], "texture": "#0"},
				"east": {"uv": [2.25, 6, 2.5, 7], "texture": "#0"},
				"south": {"uv": [3.5, 6, 4.25, 7], "texture": "#0"},
				"west": {"uv": [3.25, 6, 3.5, 7], "texture": "#0"},
				"up": {"uv": [3.25, 6, 2.5, 5.75], "texture": "#0"},
				"down": {"uv": [4, 5.75, 3.25, 6], "texture": "#0"}
			}
		},
		{
			"from": [15.073, 10.17926, 7],
			"to": [22.073, 12.17926, 9],
			"rotation": {"angle": -22.5, "axis": "z", "origin": [19.07502, 13.15684, 8.0244]},
			"faces": {
				"north": {"uv": [0.5, 2.5, 2.25, 3], "texture": "#0"},
				"east": {"uv": [0, 2.5, 0.5, 3], "texture": "#0"},
				"south": {"uv": [2.75, 2.5, 4.5, 3], "texture": "#0"},
				"west": {"uv": [2.25, 2.5, 2.75, 3], "texture": "#0"},
				"up": {"uv": [2.25, 2.5, 0.5, 2], "texture": "#0"},
				"down": {"uv": [4, 2, 2.25, 2.5], "texture": "#0"}
			}
		},
		{
			"from": [3, 20, 6.75],
			"to": [6, 23, 9.25],
			"rotation": {"angle": 45, "axis": "z", "origin": [13.50086, 12.50962, 7.98954]},
			"faces": {
				"north": {"uv": [5, 2.5, 5.75, 3.25], "texture": "#0"},
				"east": {"uv": [4.5, 2.5, 5, 3.25], "texture": "#0"},
				"south": {"uv": [6.25, 2.5, 7, 3.25], "texture": "#0"},
				"west": {"uv": [5.75, 2.5, 6.25, 3.25], "texture": "#0"},
				"up": {"uv": [5.75, 2.5, 5, 2], "texture": "#0"},
				"down": {"uv": [6.5, 2, 5.75, 2.5], "texture": "#0"}
			}
		},
		{
			"from": [-5, 27, 6.75],
			"to": [-2.5, 29.5, 9.25],
			"rotation": {"angle": 45, "axis": "z", "origin": [13.50086, 11.50962, 7.98954]},
			"faces": {
				"north": {"uv": [5, 5.25, 5.5, 5.75], "texture": "#0"},
				"east": {"uv": [4.5, 5.25, 5, 5.75], "texture": "#0"},
				"south": {"uv": [6, 5.25, 6.5, 5.75], "texture": "#0"},
				"west": {"uv": [5.5, 5.25, 6, 5.75], "texture": "#0"},
				"up": {"uv": [5.5, 5.25, 5, 4.75], "texture": "#0"},
				"down": {"uv": [6, 4.75, 5.5, 5.25], "texture": "#0"}
			}
		},
		{
			"from": [16.75, 27, 6.75],
			"to": [19.25, 29.5, 9.25],
			"rotation": {"angle": -45, "axis": "z", "origin": [0.74914, 11.50962, 7.98954]},
			"faces": {
				"north": {"uv": [3, 5.25, 3.5, 5.75], "texture": "#0"},
				"east": {"uv": [2.5, 5.25, 3, 5.75], "texture": "#0"},
				"south": {"uv": [4, 5.25, 4.5, 5.75], "texture": "#0"},
				"west": {"uv": [3.5, 5.25, 4, 5.75], "texture": "#0"},
				"up": {"uv": [3.5, 5.25, 3, 4.75], "texture": "#0"},
				"down": {"uv": [4, 4.75, 3.5, 5.25], "texture": "#0"}
			}
		}
	],
	"display": {
		"thirdperson_righthand": {
			"rotation": [-28, 97, -59],
			"translation": [0, -2.5, 3.5],
			"scale": [0.6, 0.6, 0.6]
		},
		"firstperson_righthand": {
			"rotation": [0, -90, 74],
			"translation": [1.13, 3.2, 1.13],
			"scale": [0.68, 0.68, 0.68]
		},
		"ground": {
			"rotation": [0, 0, -42],
			"translation": [0, 2, 0],
			"scale": [0.5, 0.5, 0.5]
		},
		"gui": {
			"rotation": [0, 0, 49],
			"translation": [1.75, -0.5, 0],
			"scale": [0.6, 0.6, 0.6]
		}
	}
}