{
	"credit": "Made with Blockbench",
	"texture_size": [128, 128],
	"textures": {
		"2": "furniture/kitchen/fridge/traditional/traditional_pink",
		"particle": "furniture/kitchen/fridge/traditional/traditional_pink"
	},
	"elements": [
		{
			"from": [0, 0, 0],
			"to": [16, 32, 15],
			"faces": {
				"north": {"uv": [0, 0, 2, 4], "texture": "#2"},
				"east": {"uv": [0, 4, 1.875, 8], "texture": "#2"},
				"south": {"uv": [2, 2, 4, 6], "texture": "#2"},
				"west": {"uv": [4, 4, 5.875, 8], "texture": "#2"},
				"up": {"uv": [4, 1.875, 2, 0], "texture": "#2"},
				"down": {"uv": [7.875, 5.875, 5.875, 7.75], "texture": "#2"}
			}
		},
		{
			"from": [1, 0, 15],
			"to": [15, 31, 16],
			"rotation": {"angle": 0, "axis": "y", "origin": [8, 8, 9]},
			"faces": {
				"north": {"uv": [4, 0, 5.75, 3.875], "texture": "#2"},
				"east": {"uv": [1.875, 4, 2, 7.875], "texture": "#2"},
				"south": {"uv": [5.75, 0, 7.5, 3.875], "texture": "#2"},
				"west": {"uv": [2, 6, 2.125, 9.875], "texture": "#2"},
				"up": {"uv": [3.75, 2, 2, 1.875], "texture": "#2"},
				"down": {"uv": [5.75, 3.875, 4, 4], "texture": "#2"}
			}
		},
		{
			"from": [11.5, 11.5, 15],
			"to": [13.5, 20.5, 17],
			"rotation": {"angle": 0, "axis": "y", "origin": [7.5, 7.5, 10]},
			"faces": {
				"north": {"uv": [5.875, 3.875, 6.125, 5], "texture": "#2"},
				"east": {"uv": [2.125, 6, 2.375, 7.125], "texture": "#2"},
				"south": {"uv": [2.375, 6, 2.625, 7.125], "texture": "#2"},
				"west": {"uv": [2.625, 6, 2.875, 7.125], "texture": "#2"},
				"up": {"uv": [3.75, 6.25, 3.5, 6], "texture": "#2"},
				"down": {"uv": [4, 6, 3.75, 6.25], "texture": "#2"}
			}
		},
		{
			"from": [5.5, 26, 14.25],
			"to": [10.5, 28, 16.25],
			"rotation": {"angle": 0, "axis": "y", "origin": [1.5, 15, 9.25]},
			"faces": {
				"north": {"uv": [5.875, 5, 6.5, 5.25], "texture": "#2"},
				"east": {"uv": [6.125, 3.875, 6.375, 4.125], "texture": "#2"},
				"south": {"uv": [5.875, 5.25, 6.5, 5.5], "texture": "#2"},
				"west": {"uv": [6.125, 4.125, 6.375, 4.375], "texture": "#2"},
				"up": {"uv": [6.5, 5.75, 5.875, 5.5], "texture": "#2"},
				"down": {"uv": [3.5, 6, 2.875, 6.25], "texture": "#2"}
			}
		}
	],
	"gui_light": "front",
	"display": {
		"thirdperson_righthand": {
			"scale": [0.5, 0.5, 0.5]
		},
		"thirdperson_lefthand": {
			"scale": [0.5, 0.5, 0.5]
		},
		"firstperson_righthand": {
			"rotation": [0, -28, 0],
			"scale": [0.5, 0.5, 0.5]
		},
		"firstperson_lefthand": {
			"rotation": [0, -28, 0],
			"scale": [0.5, 0.5, 0.5]
		},
		"gui": {
			"rotation": [0, 30, 0],
			"translation": [0, -4, 0],
			"scale": [0.5, 0.5, 0.5]
		},
		"head": {
			"rotation": [0, -180, 0],
			"translation": [0, -29.75, -1.75],
			"scale": [1.7, 1.7, 1.7]
		}
	},
	"groups": [
		{
			"name": "Fridge",
			"origin": [1.5, 15, 9.25],
			"children": [0, 1, 2, 3]
		}
	]
}