{
	"credit": "Made with Blockbench",
	"textures": {
		"0": "item/weapons/candycane_bow",
		"particle": "item/weapons/candycane_bow"
	},
	"elements": [
		{
			"from": [6.99038, 12.25784, 7],
			"to": [10.49038, 15.75784, 10],
			"rotation": {"angle": -45, "axis": "z", "origin": [7.99127, 14.74911, 8.50961]},
			"faces": {
				"north": {"uv": [1.25, 3.25, 2.5, 4.5], "texture": "#0"},
				"east": {"uv": [0, 3.25, 1.25, 4.5], "texture": "#0"},
				"south": {"uv": [3.75, 3.25, 5, 4.5], "texture": "#0"},
				"west": {"uv": [2.5, 3.25, 3.75, 4.5], "texture": "#0"},
				"up": {"uv": [2.5, 3.25, 1.25, 2], "texture": "#0"},
				"down": {"uv": [3.75, 2, 2.5, 3.25], "texture": "#0"}
			}
		},
		{
			"from": [3.25, 12.625, 7.75],
			"to": [12.75, 14.25, 9.375],
			"rotation": {"angle": 0, "axis": "y", "origin": [4.74127, 13.49911, 9.25961]},
			"faces": {
				"north": {"uv": [0.75, 1.25, 3, 2], "texture": "#0"},
				"east": {"uv": [0, 1.25, 0.75, 2], "texture": "#0"},
				"south": {"uv": [3.75, 1.25, 6, 2], "texture": "#0"},
				"west": {"uv": [3, 1.25, 3.75, 2], "texture": "#0"},
				"up": {"uv": [3, 1.25, 0.75, 0.5], "texture": "#0"},
				"down": {"uv": [5.25, 0.5, 3, 1.25], "texture": "#0"}
			}
		},
		{
			"from": [8, 6.75, 8.25],
			"to": [20.75, 7.25, 8.75],
			"rotation": {"angle": 0, "axis": "y", "origin": [20.3776, 7.01028, 8.48714]},
			"faces": {
				"north": {"uv": [0.25, 0.25, 6.5, 0.5], "texture": "#0"},
				"east": {"uv": [0, 0.25, 0.25, 0.5], "texture": "#0"},
				"south": {"uv": [6.75, 0.25, 13, 0.5], "texture": "#0"},
				"west": {"uv": [6.5, 0.25, 6.75, 0.5], "texture": "#0"},
				"up": {"uv": [6.5, 0.25, 0.25, 0], "texture": "#0"},
				"down": {"uv": [12.75, 0, 6.5, 0.25], "texture": "#0"}
			}
		},
		{
			"from": [-4.75, 6.75, 8.25],
			"to": [8, 7.25, 8.75],
			"rotation": {"angle": 0, "axis": "z", "origin": [-4.37236, 6.98798, 8.50936]},
			"faces": {
				"north": {"uv": [6.5, 0.25, 0.25, 0.5], "texture": "#0"},
				"east": {"uv": [6.75, 0.25, 6.5, 0.5], "texture": "#0"},
				"south": {"uv": [13, 0.25, 6.75, 0.5], "texture": "#0"},
				"west": {"uv": [0.25, 0.25, 0, 0.5], "texture": "#0"},
				"up": {"uv": [0.25, 0.25, 6.5, 0], "texture": "#0"},
				"down": {"uv": [6.5, 0, 12.75, 0.25], "texture": "#0"}
			}
		},
		{
			"from": [-2.25, 11.5, 7.5],
			"to": [3.75, 13.375, 9.5],
			"rotation": {"angle": 22.5, "axis": "z", "origin": [1.25788, 13.0166, 8.49132]},
			"faces": {
				"north": {"uv": [8, 1, 6.5, 1.75], "texture": "#0"},
				"east": {"uv": [8.5, 1, 8, 1.75], "texture": "#0"},
				"south": {"uv": [10, 1, 8.5, 1.75], "texture": "#0"},
				"west": {"uv": [6.5, 1, 6, 1.75], "texture": "#0"},
				"up": {"uv": [6.5, 1, 8, 0.5], "texture": "#0"},
				"down": {"uv": [8, 0.5, 9.5, 1], "texture": "#0"}
			}
		},
		{
			"from": [12.25, 11.5, 7.5],
			"to": [18.25, 13.375, 9.5],
			"rotation": {"angle": -22.5, "axis": "z", "origin": [14.74212, 13.0166, 8.49132]},
			"faces": {
				"north": {"uv": [6.5, 1, 8, 1.75], "texture": "#0"},
				"east": {"uv": [6, 1, 6.5, 1.75], "texture": "#0"},
				"south": {"uv": [8.5, 1, 10, 1.75], "texture": "#0"},
				"west": {"uv": [8, 1, 8.5, 1.75], "texture": "#0"},
				"up": {"uv": [8, 1, 6.5, 0.5], "texture": "#0"},
				"down": {"uv": [9.5, 0.5, 8, 1], "texture": "#0"}
			}
		},
		{
			"from": [-3.62497, 4.86045, 7.25],
			"to": [-1.49997, 10.86045, 9.75],
			"rotation": {"angle": -45, "axis": "z", "origin": [-1.0184, 9.36973, 8.48098]},
			"faces": {
				"north": {"uv": [5, 7.25, 4.25, 8.75], "texture": "#0"},
				"east": {"uv": [5.75, 7.25, 5, 8.75], "texture": "#0"},
				"south": {"uv": [6.5, 7.25, 5.75, 8.75], "texture": "#0"},
				"west": {"uv": [4.25, 7.25, 3.5, 8.75], "texture": "#0"},
				"up": {"uv": [4.25, 7.25, 5, 6.5], "texture": "#0"},
				"down": {"uv": [5, 6.5, 5.75, 7.25], "texture": "#0"}
			}
		},
		{
			"from": [17.49997, 4.86045, 7.25],
			"to": [19.62497, 10.86045, 9.75],
			"rotation": {"angle": 45, "axis": "z", "origin": [17.0184, 9.36973, 8.48098]},
			"faces": {
				"north": {"uv": [4.25, 7.25, 5, 8.75], "texture": "#0"},
				"east": {"uv": [3.5, 7.25, 4.25, 8.75], "texture": "#0"},
				"south": {"uv": [5.75, 7.25, 6.5, 8.75], "texture": "#0"},
				"west": {"uv": [5, 7.25, 5.75, 8.75], "texture": "#0"},
				"up": {"uv": [5, 7.25, 4.25, 6.5], "texture": "#0"},
				"down": {"uv": [5.75, 6.5, 5, 7.25], "texture": "#0"}
			}
		},
		{
			"from": [-8.07687, 8.78541, 7],
			"to": [-4.57687, 12.53541, 10],
			"rotation": {"angle": -45, "axis": "z", "origin": [-7.32762, 8.06702, 8.46769]},
			"faces": {
				"north": {"uv": [1.75, 7, 0.75, 8], "texture": "#0"},
				"east": {"uv": [2.5, 7, 1.75, 8], "texture": "#0"},
				"south": {"uv": [3.5, 7, 2.5, 8], "texture": "#0"},
				"west": {"uv": [0.75, 7, 0, 8], "texture": "#0"},
				"up": {"uv": [0.75, 7, 1.75, 6.25], "texture": "#0"},
				"down": {"uv": [1.75, 6.25, 2.75, 7], "texture": "#0"}
			}
		},
		{
			"from": [20.57687, 8.78541, 7],
			"to": [24.07687, 12.53541, 10],
			"rotation": {"angle": 45, "axis": "z", "origin": [23.32762, 8.06702, 8.46769]},
			"faces": {
				"north": {"uv": [0.75, 7, 1.75, 8], "texture": "#0"},
				"east": {"uv": [0, 7, 0.75, 8], "texture": "#0"},
				"south": {"uv": [2.5, 7, 3.5, 8], "texture": "#0"},
				"west": {"uv": [1.75, 7, 2.5, 8], "texture": "#0"},
				"up": {"uv": [1.75, 7, 0.75, 6.25], "texture": "#0"},
				"down": {"uv": [2.75, 6.25, 1.75, 7], "texture": "#0"}
			}
		}
	],
	"display": {
		"thirdperson_righthand": {
			"rotation": [-28, 97, -59],
			"translation": [0, -2.5, 3.5],
			"scale": [0.6, 0.6, 0.6]
		},
		"firstperson_righthand": {
			"rotation": [0, -90, 74],
			"translation": [1.13, 3.2, 1.13],
			"scale": [0.68, 0.68, 0.68]
		},
		"ground": {
			"rotation": [0, 0, -42],
			"translation": [0, 2, 0],
			"scale": [0.5, 0.5, 0.5]
		},
		"gui": {
			"rotation": [0, 0, 49],
			"translation": [1, -0.5, 0],
			"scale": [0.6, 0.6, 0.6]
		}
	}
}