{
	"credit": "ManaLabs Inc",
	"texture_size": [64, 64],
	"textures": {
		"0": "item/weapons/emerald_sword",
		"particle": "item/weapons/emerald_sword"
	},
	"elements": [
		{
			"from": [13, -5, 6],
			"to": [17, -1, 10],
			"rotation": {"angle": 45, "axis": "z", "origin": [8, -10, 8]},
			"faces": {
				"north": {"uv": [0.25, 11.75, 4.25, 15.75], "texture": "#0"},
				"east": {"uv": [4, 3.75, 5, 4.75], "texture": "#0"},
				"south": {"uv": [0.25, 11.75, 4.25, 15.75], "texture": "#0"},
				"west": {"uv": [6, 3.75, 7, 4.75], "texture": "#0"},
				"up": {"uv": [6, 3.75, 5, 2.75], "texture": "#0"},
				"down": {"uv": [7, 2.75, 6, 3.75], "texture": "#0"}
			}
		},
		{
			"from": [4, -4.10051, 5.75],
			"to": [12, 3.89949, 5.75],
			"rotation": {"angle": 0, "axis": "z", "origin": [8, -0.10051, 2]},
			"faces": {
				"north": {"uv": [9.25, 9.25, 16, 16], "texture": "#0"},
				"east": {"uv": [4, 3.75, 5, 4.75], "texture": "#0"},
				"south": {"uv": [9.5, 9.25, 16, 16], "texture": "#0"},
				"west": {"uv": [6, 3.75, 7, 4.75], "texture": "#0"},
				"up": {"uv": [6, 3.75, 5, 2.75], "texture": "#0"},
				"down": {"uv": [7, 2.75, 6, 3.75], "texture": "#0"}
			}
		},
		{
			"from": [4.25, -4.10051, 10.25],
			"to": [12.25, 3.89949, 10.25],
			"rotation": {"angle": 0, "axis": "z", "origin": [8, -0.10051, 2]},
			"faces": {
				"north": {"uv": [9.25, 9.25, 16, 16], "texture": "#0"},
				"east": {"uv": [4, 3.75, 5, 4.75], "texture": "#0"},
				"south": {"uv": [9.5, 9.25, 16, 16], "texture": "#0"},
				"west": {"uv": [6, 3.75, 7, 4.75], "texture": "#0"},
				"up": {"uv": [6, 3.75, 5, 2.75], "texture": "#0"},
				"down": {"uv": [7, 2.75, 6, 3.75], "texture": "#0"}
			}
		},
		{
			"from": [6, -12, 6],
			"to": [10, -8, 10],
			"rotation": {"angle": 45, "axis": "z", "origin": [8, -10, 8]},
			"faces": {
				"north": {"uv": [10.75, 5.75, 12.25, 7.25], "rotation": 270, "texture": "#0"},
				"east": {"uv": [0, 3.75, 1, 4.75], "texture": "#0"},
				"south": {"uv": [10.75, 5.75, 12.25, 7.25], "texture": "#0"},
				"west": {"uv": [2, 3.75, 3, 4.75], "texture": "#0"},
				"up": {"uv": [2, 3.75, 1, 2.75], "texture": "#0"},
				"down": {"uv": [3, 2.75, 2, 3.75], "texture": "#0"}
			}
		},
		{
			"from": [18, -9, 6],
			"to": [21, -6, 10],
			"rotation": {"angle": 45, "axis": "z", "origin": [8, -10, 8]},
			"faces": {
				"north": {"uv": [10.75, 5.75, 12.25, 7.25], "rotation": 270, "texture": "#0"},
				"east": {"uv": [7, 5.75, 8, 6.5], "texture": "#0"},
				"south": {"uv": [10.75, 5.75, 12.25, 7.25], "texture": "#0"},
				"west": {"uv": [8.75, 5.75, 9.75, 6.5], "texture": "#0"},
				"up": {"uv": [8.75, 5.75, 8, 4.75], "texture": "#0"},
				"down": {"uv": [9.5, 4.75, 8.75, 5.75], "texture": "#0"}
			}
		},
		{
			"from": [-5, -9, 6],
			"to": [-2, -6, 10],
			"rotation": {"angle": -45, "axis": "z", "origin": [8, -10, 8]},
			"faces": {
				"north": {"uv": [10.75, 5.75, 12.25, 7.25], "texture": "#0"},
				"east": {"uv": [3.5, 5.75, 4.5, 6.5], "texture": "#0"},
				"south": {"uv": [10.75, 5.75, 12.25, 7.25], "rotation": 270, "texture": "#0"},
				"west": {"uv": [5.25, 5.75, 6.25, 6.5], "texture": "#0"},
				"up": {"uv": [5.25, 5.75, 4.5, 4.75], "texture": "#0"},
				"down": {"uv": [6, 4.75, 5.25, 5.75], "texture": "#0"}
			}
		},
		{
			"from": [6.75, -10, 6.75],
			"to": [9.25, -1, 9.25],
			"rotation": {"angle": 0, "axis": "z", "origin": [8, -10, 8]},
			"faces": {
				"north": {"uv": [0.5, 8, 1, 10.25], "texture": "#0"},
				"east": {"uv": [0, 8, 0.5, 10.25], "texture": "#0"},
				"south": {"uv": [1.5, 8, 2, 10.25], "texture": "#0"},
				"west": {"uv": [1, 8, 1.5, 10.25], "texture": "#0"},
				"up": {"uv": [1, 8, 0.5, 7.5], "texture": "#0"},
				"down": {"uv": [1.5, 7.5, 1, 8], "texture": "#0"}
			}
		},
		{
			"from": [1, -1, 7],
			"to": [15, 1, 9],
			"rotation": {"angle": 0, "axis": "z", "origin": [8, -10, 8]},
			"faces": {
				"north": {"uv": [0.5, 0.5, 4, 1], "texture": "#0"},
				"east": {"uv": [0, 0.5, 0.5, 1], "texture": "#0"},
				"south": {"uv": [4.5, 0.5, 8, 1], "texture": "#0"},
				"west": {"uv": [4, 0.5, 4.5, 1], "texture": "#0"},
				"up": {"uv": [4, 0.5, 0.5, 0], "texture": "#0"},
				"down": {"uv": [7.5, 0, 4, 0.5], "texture": "#0"}
			}
		},
		{
			"from": [5, 1, 7.5],
			"to": [11, 13, 8.5],
			"rotation": {"angle": 0, "axis": "z", "origin": [8, -10, 8]},
			"faces": {
				"north": {"uv": [8.25, 0.25, 9.75, 2.75], "texture": "#0"},
				"east": {"uv": [8, 0.25, 8.25, 2.75], "texture": "#0"},
				"south": {"uv": [10, 0.25, 11.5, 2.75], "texture": "#0"},
				"west": {"uv": [9.75, 0.25, 10, 2.75], "texture": "#0"},
				"up": {"uv": [9.75, 0.25, 8.25, 0], "texture": "#0"},
				"down": {"uv": [11.25, 0, 9.75, 0.25], "texture": "#0"}
			}
		},
		{
			"from": [4.75, 13, 8],
			"to": [11.25, 25, 8],
			"rotation": {"angle": 0, "axis": "z", "origin": [8, -10, 8]},
			"faces": {
				"north": {"uv": [3.75, 8.25, 5.5, 11.5], "texture": "#0"},
				"east": {"uv": [2.25, 7.75, 2.25, 10.25], "texture": "#0"},
				"south": {"uv": [5.5, 8.25, 3.75, 11.5], "texture": "#0"},
				"west": {"uv": [3.75, 7.75, 3.75, 10.25], "texture": "#0"},
				"up": {"uv": [3.75, 7.75, 2.25, 7.75], "texture": "#0"},
				"down": {"uv": [5.25, 7.75, 3.75, 7.75], "texture": "#0"}
			}
		},
		{
			"from": [5.75, 25, 8],
			"to": [10.25, 30, 8],
			"rotation": {"angle": 0, "axis": "z", "origin": [8, -10, 8]},
			"faces": {
				"north": {"uv": [11.75, 1.25, 14.5, 4.25], "texture": "#0"},
				"east": {"uv": [2.25, 7.75, 2.25, 10.25], "texture": "#0"},
				"south": {"uv": [14.5, 1.25, 11.75, 4.25], "texture": "#0"},
				"west": {"uv": [3.75, 7.75, 3.75, 10.25], "texture": "#0"},
				"up": {"uv": [3.75, 7.75, 2.25, 7.75], "texture": "#0"},
				"down": {"uv": [5.25, 7.75, 3.75, 7.75], "texture": "#0"}
			}
		}
	],
	"display": {
		"thirdperson_righthand": {
			"rotation": [0, 90, 0],
			"translation": [0, 6.75, 1.5],
			"scale": [0.6, 0.6, 0.6]
		},
		"thirdperson_lefthand": {
			"rotation": [0, 90, 0],
			"translation": [0, 6.75, 1.5],
			"scale": [0.6, 0.6, 0.6]
		},
		"firstperson_righthand": {
			"rotation": [21, -81, 33],
			"translation": [9.75, 4.75, -13]
		},
		"firstperson_lefthand": {
			"rotation": [21, -81, 33],
			"translation": [9.75, 4.75, -13]
		},
		"ground": {
			"rotation": [0, 0, 41],
			"translation": [0, 6.5, 0],
			"scale": [0.5, 0.5, 0.5]
		},
		"gui": {
			"rotation": [0, 0, -46],
			"scale": [0.5, 0.5, 0.5]
		},
		"fixed": {
			"rotation": [0, 0, 45],
			"translation": [0, 0, -0.5],
			"scale": [0.5, 0.5, 0.5]
		}
	}
}