{
	"credit": "ManaLabs Inc.",
	"texture_size": [64, 64],
	"textures": {
		"0": "item/weapons/master_sword",
		"particle": "item/weapons/master_sword"
	},
	"elements": [
		{
			"from": [8.5, -8, 7],
			"to": [9.5, -7.25, 8],
			"rotation": {"angle": 22.5, "axis": "z", "origin": [9, -7.75, 7.5]},
			"faces": {
				"north": {"uv": [7.5, 5.25, 8, 5.75], "texture": "#0"},
				"east": {"uv": [7.5, 5.75, 8, 6.25], "texture": "#0"},
				"south": {"uv": [7.5, 6.25, 8, 6.75], "texture": "#0"},
				"west": {"uv": [0, 7.75, 0.5, 8.25], "texture": "#0"},
				"up": {"uv": [1, 8.25, 0.5, 7.75], "texture": "#0"},
				"down": {"uv": [3.5, 7.75, 3, 8.25], "texture": "#0"}
			}
		},
		{
			"from": [6.55, -8, 7],
			"to": [7.55, -7.25, 8],
			"rotation": {"angle": -22.5, "axis": "z", "origin": [7, -7.75, 7.5]},
			"faces": {
				"north": {"uv": [3.5, 7.75, 4, 8.25], "texture": "#0"},
				"east": {"uv": [7.75, 7.75, 8.25, 8.25], "texture": "#0"},
				"south": {"uv": [7.75, 1.5, 8.25, 2], "texture": "#0"},
				"west": {"uv": [7.75, 2, 8.25, 2.5], "texture": "#0"},
				"up": {"uv": [8.25, 3.75, 7.75, 3.25], "texture": "#0"},
				"down": {"uv": [8.25, 4.5, 7.75, 5], "texture": "#0"}
			}
		},
		{
			"from": [6.74768, -8.015, 6.99],
			"to": [9.26768, -6.56612, 8.01],
			"rotation": {"angle": 0, "axis": "z", "origin": [7.38268, -7.07612, 7.5]},
			"faces": {
				"north": {"uv": [4.5, 4.75, 5.75, 5.5], "texture": "#0"},
				"east": {"uv": [1.5, 7.25, 2, 8], "texture": "#0"},
				"south": {"uv": [0, 5, 1.25, 5.75], "texture": "#0"},
				"west": {"uv": [2, 7.25, 2.5, 8], "texture": "#0"},
				"up": {"uv": [7, 5.25, 5.75, 4.75], "texture": "#0"},
				"down": {"uv": [7.25, 0, 6, 0.5], "texture": "#0"}
			}
		},
		{
			"from": [6.99768, -6.83612, 7.24],
			"to": [9.01768, -6.31612, 7.76],
			"rotation": {"angle": 0, "axis": "z", "origin": [7.38268, -7.07612, 7.5]},
			"faces": {
				"north": {"uv": [3, 2.75, 4, 3], "texture": "#0"},
				"east": {"uv": [7.5, 3.25, 7.75, 3.5], "texture": "#0"},
				"south": {"uv": [4, 3.75, 5, 4], "texture": "#0"},
				"west": {"uv": [1.25, 7.75, 1.5, 8], "texture": "#0"},
				"up": {"uv": [6.75, 3, 5.75, 2.75], "texture": "#0"},
				"down": {"uv": [8.75, 3.75, 7.75, 4], "texture": "#0"}
			}
		},
		{
			"from": [6.73768, -6.34612, 6.98],
			"to": [9.27768, -5.80612, 8.02],
			"rotation": {"angle": 0, "axis": "z", "origin": [7.38268, -7.07612, 7.5]},
			"faces": {
				"north": {"uv": [7.5, 2.75, 8.75, 3], "texture": "#0"},
				"east": {"uv": [5.75, 5.25, 6.25, 5.5], "texture": "#0"},
				"south": {"uv": [7.5, 3, 8.75, 3.25], "texture": "#0"},
				"west": {"uv": [4.5, 8.25, 5, 8.5], "texture": "#0"},
				"up": {"uv": [7.25, 1, 6, 0.5], "texture": "#0"},
				"down": {"uv": [7.25, 1, 6, 1.5], "texture": "#0"}
			}
		},
		{
			"from": [7.23768, -5.84612, 6.98],
			"to": [8.77768, -5.30612, 8.02],
			"rotation": {"angle": 0, "axis": "z", "origin": [7.38268, -7.07612, 7.5]},
			"faces": {
				"north": {"uv": [8, 5.25, 8.75, 5.5], "texture": "#0"},
				"east": {"uv": [5, 8.25, 5.5, 8.5], "texture": "#0"},
				"south": {"uv": [8, 5.5, 8.75, 5.75], "texture": "#0"},
				"west": {"uv": [7.75, 8.25, 8.25, 8.5], "texture": "#0"},
				"up": {"uv": [7.75, 5.25, 7, 4.75], "texture": "#0"},
				"down": {"uv": [8, 0, 7.25, 0.5], "texture": "#0"}
			}
		},
		{
			"from": [7.23768, -1.84612, 6.98],
			"to": [8.77768, -1.30612, 8.02],
			"rotation": {"angle": 0, "axis": "z", "origin": [7.38268, -6.57612, 7.5]},
			"faces": {
				"north": {"uv": [8, 5.75, 8.75, 6], "texture": "#0"},
				"east": {"uv": [8.25, 8.25, 8.75, 8.5], "texture": "#0"},
				"south": {"uv": [8, 6, 8.75, 6.25], "texture": "#0"},
				"west": {"uv": [8.25, 1.5, 8.75, 1.75], "texture": "#0"},
				"up": {"uv": [8, 1, 7.25, 0.5], "texture": "#0"},
				"down": {"uv": [8, 1, 7.25, 1.5], "texture": "#0"}
			}
		},
		{
			"from": [6.74768, -0.83612, 6.99],
			"to": [9.26768, 0.18388, 8.01],
			"rotation": {"angle": 0, "axis": "z", "origin": [7.38268, -6.57612, 7.5]},
			"faces": {
				"north": {"uv": [6, 4, 7.25, 4.5], "texture": "#0"},
				"east": {"uv": [2.25, 8, 2.75, 8.5], "texture": "#0"},
				"south": {"uv": [6.25, 6.25, 7.5, 6.75], "texture": "#0"},
				"west": {"uv": [5.5, 8, 6, 8.5], "texture": "#0"},
				"up": {"uv": [7.5, 5.75, 6.25, 5.25], "texture": "#0"},
				"down": {"uv": [7.5, 5.75, 6.25, 6.25], "texture": "#0"}
			}
		},
		{
			"from": [7.24768, 0.16388, 6.74],
			"to": [8.76768, 0.68388, 8.26],
			"rotation": {"angle": 0, "axis": "z", "origin": [7.38268, -6.57612, 7.5]},
			"faces": {
				"north": {"uv": [8, 6.25, 8.75, 6.5], "texture": "#0"},
				"east": {"uv": [8, 6.5, 8.75, 6.75], "texture": "#0"},
				"south": {"uv": [8, 7, 8.75, 7.25], "texture": "#0"},
				"west": {"uv": [8, 7.25, 8.75, 7.5], "texture": "#0"},
				"up": {"uv": [2.25, 7.25, 1.5, 6.5], "texture": "#0"},
				"down": {"uv": [3, 6.5, 2.25, 7.25], "texture": "#0"}
			}
		},
		{
			"from": [7.23768, 0.65388, 6.98],
			"to": [8.77768, 3.19388, 8.02],
			"rotation": {"angle": 0, "axis": "z", "origin": [7.38268, -6.57612, 7.625]},
			"faces": {
				"north": {"uv": [5, 1.75, 5.75, 3], "texture": "#0"},
				"east": {"uv": [0, 6.5, 0.5, 7.75], "texture": "#0"},
				"south": {"uv": [4.5, 5.5, 5.25, 6.75], "texture": "#0"},
				"west": {"uv": [0.5, 6.5, 1, 7.75], "texture": "#0"},
				"up": {"uv": [7, 8, 6.25, 7.5], "texture": "#0"},
				"down": {"uv": [7.75, 7.5, 7, 8], "texture": "#0"}
			}
		},
		{
			"from": [6.98768, 0.65388, 7.23],
			"to": [9.02768, 6.19388, 7.77],
			"rotation": {"angle": 0, "axis": "z", "origin": [7.13268, -6.57612, 7.375]},
			"faces": {
				"north": {"uv": [3, 3, 4, 5.75], "texture": "#0"},
				"east": {"uv": [1.25, 5, 1.5, 7.75], "texture": "#0"},
				"south": {"uv": [3, 0, 4, 2.75], "texture": "#0"},
				"west": {"uv": [1, 5.75, 1.25, 8.5], "texture": "#0"},
				"up": {"uv": [8.75, 5.25, 7.75, 5], "texture": "#0"},
				"down": {"uv": [8.75, 7.5, 7.75, 7.75], "texture": "#0"}
			}
		},
		{
			"from": [6.46768, 6.13388, 7.21],
			"to": [9.54768, 16.025, 7.79],
			"rotation": {"angle": 0, "axis": "z", "origin": [7.13268, -4.57612, 7.375]},
			"faces": {
				"north": {"uv": [0, 0, 1.5, 5], "texture": "#0"},
				"east": {"uv": [4, 4.75, 4.25, 9.75], "texture": "#0"},
				"south": {"uv": [1.5, 1.5, 3, 6.5], "texture": "#0"},
				"west": {"uv": [4.25, 4.75, 4.5, 9.75], "texture": "#0"},
				"up": {"uv": [8.5, 7, 7, 6.75], "texture": "#0"},
				"down": {"uv": [8.75, 2.5, 7.25, 2.75], "texture": "#0"}
			}
		},
		{
			"from": [6.99712, 14.86194, 7.22],
			"to": [9.05712, 16.92194, 7.78],
			"rotation": {"angle": 45, "axis": "z", "origin": [7.93268, 15.89194, 7.5]},
			"faces": {
				"north": {"uv": [9.25, 0, 10.25, 1], "rotation": 270, "texture": "#0"},
				"east": {"uv": [8.5, 7, 7, 6.75], "rotation": 90, "texture": "#0"},
				"south": {"uv": [9.25, 0, 10.25, 1], "rotation": 270, "texture": "#0"},
				"west": {"uv": [8.75, 2.5, 7.25, 2.75], "rotation": 90, "texture": "#0"},
				"up": {"uv": [4.25, 4.75, 4.375, 5.25], "rotation": 90, "texture": "#0"},
				"down": {"uv": [4, 4.75, 4.25, 9.75], "rotation": 90, "texture": "#0"}
			}
		},
		{
			"from": [7.38495, 2.91888, 6.99],
			"to": [8.40495, 3.93888, 8.01],
			"rotation": {"angle": -45, "axis": "z", "origin": [7.64495, 3.17888, 7.5]},
			"faces": {
				"north": {"uv": [6, 8, 6.5, 8.5], "texture": "#0"},
				"east": {"uv": [6.5, 8, 7, 8.5], "texture": "#0"},
				"south": {"uv": [7, 8, 7.5, 8.5], "texture": "#0"},
				"west": {"uv": [8, 0, 8.5, 0.5], "texture": "#0"},
				"up": {"uv": [8.5, 1, 8, 0.5], "texture": "#0"},
				"down": {"uv": [8.5, 1, 8, 1.5], "texture": "#0"}
			}
		},
		{
			"from": [6.92935, 0.19399, 6.73],
			"to": [7.46935, 1.73399, 8.27],
			"rotation": {"angle": 22.5, "axis": "z", "origin": [7.19935, 0.96399, 7.5]},
			"faces": {
				"north": {"uv": [3.75, 7, 4, 7.75], "texture": "#0"},
				"east": {"uv": [4.5, 6.75, 5.25, 7.5], "texture": "#0"},
				"south": {"uv": [0, 8.25, 0.25, 9], "texture": "#0"},
				"west": {"uv": [6.25, 6.75, 7, 7.5], "texture": "#0"},
				"up": {"uv": [0.5, 9, 0.25, 8.25], "texture": "#0"},
				"down": {"uv": [0.75, 8.25, 0.5, 9], "texture": "#0"}
			}
		},
		{
			"from": [8.53065, 0.19399, 6.73],
			"to": [9.07065, 1.73399, 8.27],
			"rotation": {"angle": -22.5, "axis": "z", "origin": [8.80065, 0.96399, 7.5]},
			"faces": {
				"north": {"uv": [0.75, 8.25, 1, 9], "texture": "#0"},
				"east": {"uv": [6.75, 2.75, 7.5, 3.5], "texture": "#0"},
				"south": {"uv": [3, 8.25, 3.25, 9], "texture": "#0"},
				"west": {"uv": [3, 7, 3.75, 7.75], "texture": "#0"},
				"up": {"uv": [3.5, 9, 3.25, 8.25], "texture": "#0"},
				"down": {"uv": [3.75, 8.25, 3.5, 9], "texture": "#0"}
			}
		},
		{
			"from": [6.24768, -1.33612, 6.99],
			"to": [9.76768, -0.81612, 8.01],
			"rotation": {"angle": 0, "axis": "z", "origin": [7.38268, -6.57612, 7.5]},
			"faces": {
				"north": {"uv": [6, 1.5, 7.75, 1.75], "texture": "#0"},
				"east": {"uv": [8.25, 1.75, 8.75, 2], "texture": "#0"},
				"south": {"uv": [6, 4.5, 7.75, 4.75], "texture": "#0"},
				"west": {"uv": [8.25, 2, 8.75, 2.25], "texture": "#0"},
				"up": {"uv": [6.75, 3.5, 5, 3], "texture": "#0"},
				"down": {"uv": [6.75, 3.5, 5, 4], "texture": "#0"}
			}
		},
		{
			"from": [7.49768, -6.33612, 6.99],
			"to": [8.51768, -3.81612, 8.01],
			"rotation": {"angle": 0, "axis": "z", "origin": [7.38268, -8.07612, 7.5]},
			"faces": {
				"north": {"uv": [3, 5.75, 3.5, 7], "texture": "#0"},
				"east": {"uv": [3, 5.75, 3.5, 7], "texture": "#0"},
				"south": {"uv": [3, 5.75, 3.5, 7], "texture": "#0"},
				"west": {"uv": [3, 5.75, 3.5, 7], "texture": "#0"},
				"up": {"uv": [1.75, 8.5, 1.25, 8], "texture": "#0"},
				"down": {"uv": [2.25, 8, 1.75, 8.5], "texture": "#0"}
			}
		},
		{
			"from": [7.49768, -3.83612, 6.99],
			"to": [8.51768, -1.31612, 8.01],
			"rotation": {"angle": 0, "axis": "z", "origin": [7.38268, -5.57612, 7.5]},
			"faces": {
				"north": {"uv": [3, 5.75, 3.5, 7], "texture": "#0"},
				"east": {"uv": [3, 5.75, 3.5, 7], "texture": "#0"},
				"south": {"uv": [3, 5.75, 3.5, 7], "texture": "#0"},
				"west": {"uv": [3, 5.75, 3.5, 7], "texture": "#0"},
				"up": {"uv": [1.75, 8.5, 1.25, 8], "texture": "#0"},
				"down": {"uv": [2.25, 8, 1.75, 8.5], "texture": "#0"}
			}
		},
		{
			"from": [2.32322, -1.72678, 7],
			"to": [5.32322, -0.72678, 8],
			"rotation": {"angle": -45, "axis": "z", "origin": [6.57322, 0.27322, 7.5]},
			"faces": {
				"north": {"uv": [5.75, 1.75, 7.25, 2.25], "texture": "#0"},
				"east": {"uv": [7.25, 4, 8, 4.5], "texture": "#0"},
				"south": {"uv": [5.75, 2.25, 7.25, 2.75], "texture": "#0"},
				"west": {"uv": [5.5, 7.5, 6.25, 8], "texture": "#0"},
				"up": {"uv": [3, 0.75, 1.5, 0], "texture": "#0"},
				"down": {"uv": [3, 0.75, 1.5, 1.5], "texture": "#0"}
			}
		},
		{
			"from": [2.31322, -0.73678, 6.99],
			"to": [6.33322, 0.78322, 8.01],
			"rotation": {"angle": -45, "axis": "z", "origin": [6.57322, 0.27322, 7.5]},
			"faces": {
				"north": {"uv": [4, 4, 6, 4.75], "texture": "#0"},
				"east": {"uv": [4.5, 7.5, 5, 8.25], "texture": "#0"},
				"south": {"uv": [4, 0, 6, 0.75], "texture": "#0"},
				"west": {"uv": [5, 7.5, 5.5, 8.25], "texture": "#0"},
				"up": {"uv": [6, 1.25, 4, 0.75], "texture": "#0"},
				"down": {"uv": [6, 1.25, 4, 1.75], "texture": "#0"}
			}
		},
		{
			"from": [5.5, -0.3, 7],
			"to": [7.5, 1.2, 8],
			"rotation": {"angle": 22.5, "axis": "z", "origin": [6.75, 0.45, 7.5]},
			"faces": {
				"north": {"uv": [5.25, 5.5, 6.25, 6.25], "texture": "#0"},
				"east": {"uv": [2.5, 7.25, 3, 8], "texture": "#0"},
				"south": {"uv": [0, 5.75, 1, 6.5], "texture": "#0"},
				"west": {"uv": [7.25, 1.75, 7.75, 2.5], "texture": "#0"},
				"up": {"uv": [7.75, 4, 6.75, 3.5], "texture": "#0"},
				"down": {"uv": [8, 7, 7, 7.5], "texture": "#0"}
			}
		},
		{
			"from": [10.67678, -1.72678, 7],
			"to": [13.67678, -0.72678, 8],
			"rotation": {"angle": 45, "axis": "z", "origin": [9.42678, 0.27322, 7.5]},
			"faces": {
				"north": {"uv": [7.25, 1.75, 5.75, 2.25], "texture": "#0"},
				"east": {"uv": [6.25, 7.5, 5.5, 8], "texture": "#0"},
				"south": {"uv": [7.25, 2.25, 5.75, 2.75], "texture": "#0"},
				"west": {"uv": [8, 4, 7.25, 4.5], "texture": "#0"},
				"up": {"uv": [1.5, 0.75, 3, 0], "texture": "#0"},
				"down": {"uv": [1.5, 0.75, 3, 1.5], "texture": "#0"}
			}
		},
		{
			"from": [9.66678, -0.73678, 6.99],
			"to": [13.68678, 0.78322, 8.01],
			"rotation": {"angle": 45, "axis": "z", "origin": [9.42678, 0.27322, 7.5]},
			"faces": {
				"north": {"uv": [6, 4, 4, 4.75], "texture": "#0"},
				"east": {"uv": [5.5, 7.5, 5, 8.25], "texture": "#0"},
				"south": {"uv": [6, 0, 4, 0.75], "texture": "#0"},
				"west": {"uv": [5, 7.5, 4.5, 8.25], "texture": "#0"},
				"up": {"uv": [4, 1.25, 6, 0.75], "texture": "#0"},
				"down": {"uv": [4, 1.25, 6, 1.75], "texture": "#0"}
			}
		},
		{
			"from": [8.5, -0.3, 7],
			"to": [10.5, 1.2, 8],
			"rotation": {"angle": -22.5, "axis": "z", "origin": [9.25, 0.45, 7.5]},
			"faces": {
				"north": {"uv": [6.25, 5.5, 5.25, 6.25], "texture": "#0"},
				"east": {"uv": [7.75, 1.75, 7.25, 2.5], "texture": "#0"},
				"south": {"uv": [1, 5.75, 0, 6.5], "texture": "#0"},
				"west": {"uv": [3, 7.25, 2.5, 8], "texture": "#0"},
				"up": {"uv": [6.75, 4, 7.75, 3.5], "texture": "#0"},
				"down": {"uv": [7, 7, 8, 7.5], "texture": "#0"}
			}
		}
	],
	"display": {
		"thirdperson_righthand": {
			"rotation": [3, -80, 10],
			"translation": [-1, 13, 0],
			"scale": [1.25, 1.25, 1.25]
		},
		"thirdperson_lefthand": {
			"rotation": [3, -80, 10],
			"translation": [-1, 13, 0],
			"scale": [1.25, 1.25, 1.25]
		},
		"firstperson_righthand": {
			"rotation": [-20, -68, 12],
			"translation": [3.75, 7.25, -6.25]
		},
		"firstperson_lefthand": {
			"rotation": [-20, -68, 12],
			"translation": [3.75, 7.25, -6.25]
		},
		"ground": {
			"rotation": [91, 0, 0],
			"translation": [0, -2.75, 0]
		},
		"gui": {
			"rotation": [0, 0, -45],
			"translation": [2.25, 2.5, -0.25],
			"scale": [0.75, 0.75, 0.75]
		},
		"fixed": {
			"rotation": [0, 0, 43],
			"translation": [-2.75, 2.5, -0.25]
		}
	},
	"groups": [0, 1, 2, 3, 4, 5, 6, 7, 8, 9, 10, 11, 12, 13, 14, 15, 16, 17, 18,
		{
			"name": "side_sweep_whole",
			"origin": [8, 8, 8],
			"children": [
				{
					"name": "side_sweep",
					"origin": [8, 8, 8],
					"children": [19]
				},
				{
					"name": "side_sweep",
					"origin": [8, 8, 8],
					"children": [20]
				},
				{
					"name": "side_sweep",
					"origin": [8, 8, 8],
					"children": [21]
				}
			]
		},
		{
			"name": "side_sweep_whole",
			"origin": [8, 8, 8],
			"children": [
				{
					"name": "side_sweep",
					"origin": [8, 8, 8],
					"children": [22]
				},
				{
					"name": "side_sweep",
					"origin": [8, 8, 8],
					"children": [23]
				},
				{
					"name": "side_sweep",
					"origin": [8, 8, 8],
					"children": [24]
				}
			]
		}
	]
}