{
	"credit": "Made with Blockbench",
	"texture_size": [128, 128],
	"textures": {
		"0": "manamodels:entity/scorpion"
	},
	"elements": [
		{
			"name": "claw_right",
			"from": [5.5, 1, 4],
			"to": [10.5, 6, 12],
			"rotation": {"angle": 0, "axis": "y", "origin": [8.5, 0, 8]},
			"faces": {
				"north": {"uv": [5.75, 6.875, 6.375, 7.5], "texture": "#0"},
				"east": {"uv": [5, 2.25, 6, 2.875], "texture": "#0"},
				"south": {"uv": [6.375, 6.875, 7, 7.5], "texture": "#0"},
				"west": {"uv": [5, 1.625, 6, 2.25], "texture": "#0"},
				"up": {"uv": [6.375, 1.375, 5.375, 0.75], "rotation": 270, "texture": "#0"},
				"down": {"uv": [2, 5.5, 1, 6.125], "rotation": 90, "texture": "#0"}
			}
		},
		{
			"name": "pincer1_right",
			"from": [8.5, 2, -2],
			"to": [10.5, 4, 4],
			"rotation": {"angle": -22.5, "axis": "y", "origin": [8.5, 0, 4]},
			"faces": {
				"north": {"uv": [4.75, 1.625, 5, 1.875], "texture": "#0"},
				"east": {"uv": [1.25, 7.5, 2, 7.75], "texture": "#0"},
				"south": {"uv": [5.375, 1.375, 5.625, 1.625], "texture": "#0"},
				"west": {"uv": [7.375, 2.375, 8.125, 2.625], "texture": "#0"},
				"up": {"uv": [6.5, 7.75, 5.75, 7.5], "rotation": 270, "texture": "#0"},
				"down": {"uv": [8.25, 2.625, 7.5, 2.875], "rotation": 90, "texture": "#0"}
			}
		},
		{
			"name": "pincer2_right",
			"from": [5.5, 2, -2],
			"to": [7.5, 4, 4],
			"rotation": {"angle": 22.5, "axis": "y", "origin": [7.5, 0, 4]},
			"faces": {
				"north": {"uv": [5.625, 1.375, 5.875, 1.625], "texture": "#0"},
				"east": {"uv": [7.5, 5.875, 8.25, 6.125], "texture": "#0"},
				"south": {"uv": [4.25, 6, 4.5, 6.25], "texture": "#0"},
				"west": {"uv": [7.5, 2.875, 8.25, 3.125], "texture": "#0"},
				"up": {"uv": [8.25, 6.375, 7.5, 6.125], "rotation": 270, "texture": "#0"},
				"down": {"uv": [0.75, 7.625, 0, 7.875], "rotation": 90, "texture": "#0"}
			}
		}
	],
	"gui_light": "front",
	"display": {
		"thirdperson_righthand": {
			"translation": [0, 2.5, 0]
		},
		"thirdperson_lefthand": {
			"translation": [0, 2.5, 0]
		},
		"firstperson_righthand": {
			"rotation": [44, 0, 36],
			"translation": [4.25, 0.25, 0]
		},
		"firstperson_lefthand": {
			"rotation": [44, 0, 36],
			"translation": [4.25, 0.25, 0]
		},
		"ground": {
			"translation": [0, 3.5, 0]
		},
		"gui": {
			"rotation": [90, -45, 0],
			"translation": [-2.25, -2.5, 0]
		},
		"fixed": {
			"rotation": [-90, 135, 0],
			"translation": [1.25, -2.25, -5.25]
		}
	},
	"groups": [
		{
			"name": "lowerarm_right",
			"origin": [10, 2, -9],
			"children": [
				{
					"name": "claw_right",
					"origin": [16, 2, -9],
					"children": [0,
						{
							"name": "pincer1_right",
							"origin": [24, 3, -9],
							"children": [1]
						},
						{
							"name": "pincer2_right",
							"origin": [24, 3, -12],
							"children": [2]
						}
					]
				}
			]
		}
	]
}