{
  "file_name": "head",
  "texture_size": [
    256,
    256
  ],
  "textures": {
    "layer0": "manamodels:entity/chocolate_monster"
  },
  "elements": [
    {
      "name": "head_0",
      "from": [
        9.2,
        7.4,
        5.0
      ],
      "to": [
        12.2,
        8.6,
        11.0
      ],
      "rotation": {
        "angle": 0.0,
        "axis": "z",
        "origin": [
          8.0,
          8.0,
          8.0
        ]
      },
      "faces": {
        "east": {
          "uv": [
            6.125,
            5.375,
            6.75,
            5.5
          ],
          "texture": "#layer0",
          "tintindex": 0
        },
        "south": {
          "uv": [
            6.6875,
            5.9375,
            7.0,
            6.0625
          ],
          "texture": "#layer0",
          "tintindex": 0
        },
        "north": {
          "uv": [
            4.375,
            6.6875,
            4.6875,
            6.8125
          ],
          "texture": "#layer0",
          "tintindex": 0
        },
        "west": {
          "uv": [
            6.1875,
            3.6875,
            6.8125,
            3.8125
          ],
          "texture": "#layer0",
          "tintindex": 0
        },
        "up": {
          "uv": [
            2.375,
            4.8125,
            2.0625,
            4.1875
          ],
          "texture": "#layer0",
          "tintindex": 0
        },
        "down": {
          "uv": [
            5.25,
            3.1875,
            5.5625,
            3.8125
          ],
          "texture": "#layer0",
          "tintindex": 0
        }
      }
    },
    {
      "name": "head_1",
      "from": [
        12.2,
        6.2,
        5.0
      ],
      "to": [
        12.2,
        7.4,
        11.0
      ],
      "rotation": {
        "angle": 0.0,
        "axis": "z",
        "origin": [
          8.0,
          8.0,
          8.0
        ]
      },
      "faces": {
        "east": {
          "uv": [
            6.0625,
            7.5,
            6.6875,
            7.625
          ],
          "texture": "#layer0",
          "tintindex": 0
        },
        "south": {
          "uv": [
            6.6875,
            5.9375,
            7.0,
            6.0625
          ],
          "texture": "#layer0",
          "tintindex": 0
        },
        "north": {
          "uv": [
            4.375,
            6.6875,
            4.6875,
            6.8125
          ],
          "texture": "#layer0",
          "tintindex": 0
        },
        "west": {
          "uv": [
            6.0625,
            7.875,
            6.6875,
            8.0
          ],
          "texture": "#layer0",
          "tintindex": 0
        },
        "up": {
          "uv": [
            2.375,
            4.8125,
            2.0625,
            4.1875
          ],
          "texture": "#layer0",
          "tintindex": 0
        },
        "down": {
          "uv": [
            5.25,
            3.1875,
            5.5625,
            3.8125
          ],
          "texture": "#layer0",
          "tintindex": 0
        }
      }
    },
    {
      "name": "head_2",
      "from": [
        4.01,
        8.6,
        5.0
      ],
      "to": [
        9.41,
        15.2,
        11.0
      ],
      "rotation": {
        "angle": 0.0,
        "axis": "z",
        "origin": [
          8.0,
          8.0,
          8.0
        ]
      },
      "faces": {
        "east": {
          "uv": [
            3.875,
            1.875,
            4.5,
            2.5625
          ],
          "texture": "#layer0",
          "tintindex": 0
        },
        "south": {
          "uv": [
            0.0,
            8.75,
            0.5625,
            9.4375
          ],
          "texture": "#layer0",
          "tintindex": 0
        },
        "north": {
          "uv": [
            0.0,
            7.5625,
            0.5625,
            8.25
          ],
          "texture": "#layer0",
          "tintindex": 0
        },
        "west": {
          "uv": [
            4.0,
            1.0625,
            4.625,
            1.75
          ],
          "texture": "#layer0",
          "tintindex": 0
        },
        "up": {
          "uv": [
            1.375,
            8.375,
            0.8125,
            7.75
          ],
          "texture": "#layer0",
          "tintindex": 0
        },
        "down": {
          "uv": [
            0.0,
            9.6875,
            0.5,
            10.3125
          ],
          "texture": "#layer0",
          "tintindex": 0
        }
      }
    },
    {
      "name": "head_3",
      "from": [
        3.395,
        9.2,
        6.2
      ],
      "to": [
        4.61,
        14.0,
        9.8
      ],
      "rotation": {
        "angle": 0.0,
        "axis": "z",
        "origin": [
          8.0,
          8.0,
          8.0
        ]
      },
      "faces": {
        "east": {
          "uv": [
            5.25,
            4.875,
            5.625,
            5.375
          ],
          "texture": "#layer0",
          "tintindex": 0
        },
        "south": {
          "uv": [
            6.25,
            6.25,
            6.375,
            6.75
          ],
          "texture": "#layer0",
          "tintindex": 0
        },
        "north": {
          "uv": [
            4.8125,
            6.25,
            4.9375,
            6.75
          ],
          "texture": "#layer0",
          "tintindex": 0
        },
        "west": {
          "uv": [
            0.375,
            5.3125,
            0.75,
            5.8125
          ],
          "texture": "#layer0",
          "tintindex": 0
        },
        "up": {
          "uv": [
            1.0625,
            6.6875,
            0.9375,
            6.3125
          ],
          "texture": "#layer0",
          "tintindex": 0
        },
        "down": {
          "uv": [
            5.25,
            6.5,
            5.375,
            6.875
          ],
          "texture": "#layer0",
          "tintindex": 0
        }
      }
    },
    {
      "name": "head_4",
      "from": [
        5.186948,
        7.02164,
        5.6
      ],
      "to": [
        9.401949,
        16.62164,
        10.4
      ],
      "rotation": {
        "angle": 0.0,
        "axis": "z",
        "origin": [
          8.0,
          8.0,
          8.0
        ]
      },
      "faces": {
        "east": {
          "uv": [
            2.5,
            3.8125,
            3.0,
            4.8125
          ],
          "texture": "#layer0",
          "tintindex": 0
        },
        "south": {
          "uv": [
            4.0,
            0.0,
            4.4375,
            1.0
          ],
          "texture": "#layer0",
          "tintindex": 0
        },
        "north": {
          "uv": [
            3.625,
            3.8125,
            4.0625,
            4.8125
          ],
          "texture": "#layer0",
          "tintindex": 0
        },
        "west": {
          "uv": [
            3.0625,
            3.8125,
            3.5625,
            4.8125
          ],
          "texture": "#layer0",
          "tintindex": 0
        },
        "up": {
          "uv": [
            5.625,
            1.0,
            5.1875,
            0.5
          ],
          "texture": "#layer0",
          "tintindex": 0
        },
        "down": {
          "uv": [
            5.25,
            2.3125,
            5.6875,
            2.8125
          ],
          "texture": "#layer0",
          "tintindex": 0
        }
      }
    },
    {
      "name": "head_5",
      "from": [
        8.0,
        8.6,
        6.2
      ],
      "to": [
        11.6,
        9.8,
        9.8
      ],
      "rotation": {
        "angle": 0.0,
        "axis": "z",
        "origin": [
          8.0,
          8.0,
          8.0
        ]
      },
      "faces": {
        "east": {
          "uv": [
            6.5,
            4.0625,
            6.875,
            4.1875
          ],
          "texture": "#layer0",
          "tintindex": 0
        },
        "south": {
          "uv": [
            6.5,
            4.25,
            6.875,
            4.375
          ],
          "texture": "#layer0",
          "tintindex": 0
        },
        "north": {
          "uv": [
            6.5,
            1.4375,
            6.875,
            1.5625
          ],
          "texture": "#layer0",
          "tintindex": 0
        },
        "west": {
          "uv": [
            4.375,
            6.5,
            4.75,
            6.625
          ],
          "texture": "#layer0",
          "tintindex": 0
        },
        "up": {
          "uv": [
            3.0625,
            6.0,
            2.6875,
            5.625
          ],
          "texture": "#layer0",
          "tintindex": 0
        },
        "down": {
          "uv": [
            5.6875,
            0.5,
            6.0625,
            0.875
          ],
          "texture": "#layer0",
          "tintindex": 0
        }
      }
    },
    {
      "name": "head_6",
      "from": [
        9.701948,
        14.221641,
        8.0
      ],
      "to": [
        10.901949,
        16.02164,
        9.8
      ],
      "rotation": {
        "angle": 0.0,
        "axis": "z",
        "origin": [
          8.0,
          8.0,
          8.0
        ]
      },
      "faces": {
        "east": {
          "uv": [
            4.9375,
            6.8125,
            5.125,
            7.0
          ],
          "texture": "#layer0",
          "tintindex": 0
        },
        "south": {
          "uv": [
            5.625,
            6.9375,
            5.75,
            7.125
          ],
          "texture": "#layer0",
          "tintindex": 0
        },
        "north": {
          "uv": [
            6.9375,
            5.4375,
            7.0625,
            5.625
          ],
          "texture": "#layer0",
          "tintindex": 0
        },
        "west": {
          "uv": [
            6.75,
            6.8125,
            6.9375,
            7.0
          ],
          "texture": "#layer0",
          "tintindex": 0
        },
        "up": {
          "uv": [
            7.0625,
            5.875,
            6.9375,
            5.6875
          ],
          "texture": "#layer0",
          "tintindex": 0
        },
        "down": {
          "uv": [
            6.9375,
            6.125,
            7.0625,
            6.3125
          ],
          "texture": "#layer0",
          "tintindex": 0
        }
      }
    },
    {
      "name": "head_7",
      "from": [
        9.701948,
        14.221641,
        6.2
      ],
      "to": [
        10.901949,
        16.02164,
        8.0
      ],
      "rotation": {
        "angle": 0.0,
        "axis": "z",
        "origin": [
          8.0,
          8.0,
          8.0
        ]
      },
      "faces": {
        "east": {
          "uv": [
            0.0,
            6.875,
            0.1875,
            7.0625
          ],
          "texture": "#layer0",
          "tintindex": 0
        },
        "south": {
          "uv": [
            7.0,
            2.125,
            7.125,
            2.3125
          ],
          "texture": "#layer0",
          "tintindex": 0
        },
        "north": {
          "uv": [
            6.9375,
            6.375,
            7.0625,
            6.5625
          ],
          "texture": "#layer0",
          "tintindex": 0
        },
        "west": {
          "uv": [
            0.25,
            6.875,
            0.4375,
            7.0625
          ],
          "texture": "#layer0",
          "tintindex": 0
        },
        "up": {
          "uv": [
            7.125,
            2.5625,
            7.0,
            2.375
          ],
          "texture": "#layer0",
          "tintindex": 0
        },
        "down": {
          "uv": [
            7.0,
            2.625,
            7.125,
            2.8125
          ],
          "texture": "#layer0",
          "tintindex": 0
        }
      }
    },
    {
      "name": "head_8",
      "from": [
        8.6,
        10.781624,
        15.56396
      ],
      "to": [
        11.6,
        11.981624,
        19.16396
      ],
      "rotation": {
        "angle": -45.0,
        "axis": "x",
        "origin": [
          6.2,
          3.5816236,
          17.36396
        ]
      },
      "faces": {
        "east": {
          "uv": [
            6.5,
            0.625,
            6.875,
            0.75
          ],
          "texture": "#layer0",
          "tintindex": 0
        },
        "south": {
          "uv": [
            6.75,
            4.6875,
            7.0625,
            4.8125
          ],
          "texture": "#layer0",
          "tintindex": 0
        },
        "north": {
          "uv": [
            6.75,
            3.875,
            7.0625,
            4.0
          ],
          "texture": "#layer0",
          "tintindex": 0
        },
        "west": {
          "uv": [
            6.5,
            1.25,
            6.875,
            1.375
          ],
          "texture": "#layer0",
          "tintindex": 0
        },
        "up": {
          "uv": [
            6.0625,
            2.6875,
            5.75,
            2.3125
          ],
          "texture": "#layer0",
          "tintindex": 0
        },
        "down": {
          "uv": [
            3.125,
            5.75,
            3.4375,
            6.125
          ],
          "texture": "#layer0",
          "tintindex": 0
        }
      }
    },
    {
      "name": "head_9",
      "from": [
        8.6,
        10.781624,
        -3.1639605
      ],
      "to": [
        11.6,
        11.981624,
        0.43603992
      ],
      "rotation": {
        "angle": 45.0,
        "axis": "x",
        "origin": [
          6.2,
          3.5816236,
          -1.3639603
        ]
      },
      "faces": {
        "east": {
          "uv": [
            6.875,
            0.625,
            6.5,
            0.75
          ],
          "texture": "#layer0",
          "tintindex": 0
        },
        "south": {
          "uv": [
            7.0625,
            3.875,
            6.75,
            4.0
          ],
          "texture": "#layer0",
          "tintindex": 0
        },
        "north": {
          "uv": [
            7.0625,
            4.6875,
            6.75,
            4.8125
          ],
          "texture": "#layer0",
          "tintindex": 0
        },
        "west": {
          "uv": [
            6.875,
            1.25,
            6.5,
            1.375
          ],
          "texture": "#layer0",
          "tintindex": 0
        },
        "up": {
          "uv": [
            6.0625,
            2.3125,
            5.75,
            2.6875
          ],
          "texture": "#layer0",
          "tintindex": 0
        },
        "down": {
          "uv": [
            3.125,
            6.125,
            3.4375,
            5.75
          ],
          "texture": "#layer0",
          "tintindex": 0
        }
      }
    },
    {
      "name": "head_10",
      "from": [
        8.3,
        13.781624,
        14.36396
      ],
      "to": [
        11.3,
        16.781624,
        17.96396
      ],
      "rotation": {
        "angle": -45.0,
        "axis": "x",
        "origin": [
          6.8,
          6.581624,
          16.16396
        ]
      },
      "faces": {
        "east": {
          "uv": [
            3.5,
            5.75,
            3.875,
            6.0625
          ],
          "texture": "#layer0",
          "tintindex": 0
        },
        "south": {
          "uv": [
            6.125,
            1.25,
            6.4375,
            1.5625
          ],
          "texture": "#layer0",
          "tintindex": 0
        },
        "north": {
          "uv": [
            6.125,
            0.5,
            6.4375,
            0.8125
          ],
          "texture": "#layer0",
          "tintindex": 0
        },
        "west": {
          "uv": [
            5.75,
            3.6875,
            6.125,
            4.0
          ],
          "texture": "#layer0",
          "tintindex": 0
        },
        "up": {
          "uv": [
            6.0625,
            4.4375,
            5.75,
            4.0625
          ],
          "texture": "#layer0",
          "tintindex": 0
        },
        "down": {
          "uv": [
            3.9375,
            5.8125,
            4.25,
            6.1875
          ],
          "texture": "#layer0",
          "tintindex": 0
        }
      }
    },
    {
      "name": "head_11",
      "from": [
        8.3,
        13.781624,
        -1.9639602
      ],
      "to": [
        11.3,
        16.781624,
        1.6360399
      ],
      "rotation": {
        "angle": 45.0,
        "axis": "x",
        "origin": [
          6.8,
          6.581624,
          -0.16396022
        ]
      },
      "faces": {
        "east": {
          "uv": [
            5.75,
            4.5,
            6.125,
            4.8125
          ],
          "texture": "#layer0",
          "tintindex": 0
        },
        "south": {
          "uv": [
            5.0625,
            6.125,
            5.375,
            6.4375
          ],
          "texture": "#layer0",
          "tintindex": 0
        },
        "north": {
          "uv": [
            6.125,
            4.0625,
            6.4375,
            4.375
          ],
          "texture": "#layer0",
          "tintindex": 0
        },
        "west": {
          "uv": [
            1.125,
            5.875,
            1.5,
            6.1875
          ],
          "texture": "#layer0",
          "tintindex": 0
        },
        "up": {
          "uv": [
            1.875,
            6.25,
            1.5625,
            5.875
          ],
          "texture": "#layer0",
          "tintindex": 0
        },
        "down": {
          "uv": [
            1.9375,
            5.875,
            2.25,
            6.25
          ],
          "texture": "#layer0",
          "tintindex": 0
        }
      }
    },
    {
      "name": "head_12",
      "from": [
        10.1,
        12.923217,
        11.68505
      ],
      "to": [
        11.900001,
        14.123217,
        14.085051
      ],
      "rotation": {
        "angle": -22.5,
        "axis": "x",
        "origin": [
          7.4,
          6.923216,
          17.08505
        ]
      },
      "faces": {
        "east": {
          "uv": [
            6.875,
            1.9375,
            7.125,
            2.0625
          ],
          "texture": "#layer0",
          "tintindex": 0
        },
        "south": {
          "uv": [
            3.0625,
            7.0,
            3.25,
            7.125
          ],
          "texture": "#layer0",
          "tintindex": 0
        },
        "north": {
          "uv": [
            2.8125,
            7.0,
            3.0,
            7.125
          ],
          "texture": "#layer0",
          "tintindex": 0
        },
        "west": {
          "uv": [
            2.3125,
            6.875,
            2.5625,
            7.0
          ],
          "texture": "#layer0",
          "tintindex": 0
        },
        "up": {
          "uv": [
            2.9375,
            6.625,
            2.75,
            6.375
          ],
          "texture": "#layer0",
          "tintindex": 0
        },
        "down": {
          "uv": [
            5.0,
            6.5,
            5.1875,
            6.75
          ],
          "texture": "#layer0",
          "tintindex": 0
        }
      }
    },
    {
      "name": "head_13",
      "from": [
        10.1,
        12.923217,
        1.9149495
      ],
      "to": [
        11.900001,
        14.123217,
        4.3149495
      ],
      "rotation": {
        "angle": 22.5,
        "axis": "x",
        "origin": [
          7.4,
          6.923216,
          -1.0850506
        ]
      },
      "faces": {
        "east": {
          "uv": [
            6.875,
            3.6875,
            7.125,
            3.8125
          ],
          "texture": "#layer0",
          "tintindex": 0
        },
        "south": {
          "uv": [
            7.0625,
            1.75,
            7.25,
            1.875
          ],
          "texture": "#layer0",
          "tintindex": 0
        },
        "north": {
          "uv": [
            7.0,
            7.0,
            7.1875,
            7.125
          ],
          "texture": "#layer0",
          "tintindex": 0
        },
        "west": {
          "uv": [
            6.9375,
            0.0,
            7.1875,
            0.125
          ],
          "texture": "#layer0",
          "tintindex": 0
        },
        "up": {
          "uv": [
            2.3125,
            6.8125,
            2.125,
            6.5625
          ],
          "texture": "#layer0",
          "tintindex": 0
        },
        "down": {
          "uv": [
            2.375,
            6.5625,
            2.5625,
            6.8125
          ],
          "texture": "#layer0",
          "tintindex": 0
        }
      }
    },
    {
      "name": "head_14",
      "from": [
        10.1,
        16.894178,
        14.67833
      ],
      "to": [
        11.3,
        18.094177,
        17.67833
      ],
      "rotation": {
        "angle": -45.0,
        "axis": "x",
        "origin": [
          6.2,
          10.894178,
          20.078331
        ]
      },
      "faces": {
        "east": {
          "uv": [
            6.75,
            6.625,
            7.0625,
            6.75
          ],
          "texture": "#layer0",
          "tintindex": 0
        },
        "south": {
          "uv": [
            7.125,
            0.5625,
            7.25,
            0.6875
          ],
          "texture": "#layer0",
          "tintindex": 0
        },
        "north": {
          "uv": [
            0.5625,
            7.125,
            0.6875,
            7.25
          ],
          "texture": "#layer0",
          "tintindex": 0
        },
        "west": {
          "uv": [
            6.8125,
            0.8125,
            7.125,
            0.9375
          ],
          "texture": "#layer0",
          "tintindex": 0
        },
        "up": {
          "uv": [
            4.625,
            1.0,
            4.5,
            0.6875
          ],
          "texture": "#layer0",
          "tintindex": 0
        },
        "down": {
          "uv": [
            5.0625,
            2.3125,
            5.1875,
            2.625
          ],
          "texture": "#layer0",
          "tintindex": 0
        }
      }
    },
    {
      "name": "head_15",
      "from": [
        10.1,
        16.894178,
        -1.6783304
      ],
      "to": [
        11.3,
        18.094177,
        1.3216695
      ],
      "rotation": {
        "angle": 45.0,
        "axis": "x",
        "origin": [
          6.2,
          10.894178,
          -4.0783305
        ]
      },
      "faces": {
        "east": {
          "uv": [
            6.8125,
            1.0,
            7.125,
            1.125
          ],
          "texture": "#layer0",
          "tintindex": 0
        },
        "south": {
          "uv": [
            1.25,
            7.125,
            1.375,
            7.25
          ],
          "texture": "#layer0",
          "tintindex": 0
        },
        "north": {
          "uv": [
            0.75,
            7.125,
            0.875,
            7.25
          ],
          "texture": "#layer0",
          "tintindex": 0
        },
        "west": {
          "uv": [
            6.8125,
            2.875,
            7.125,
            3.0
          ],
          "texture": "#layer0",
          "tintindex": 0
        },
        "up": {
          "uv": [
            5.5625,
            7.0,
            5.4375,
            6.6875
          ],
          "texture": "#layer0",
          "tintindex": 0
        },
        "down": {
          "uv": [
            4.75,
            6.8125,
            4.875,
            7.125
          ],
          "texture": "#layer0",
          "tintindex": 0
        }
      }
    },
    {
      "name": "head_16",
      "from": [
        9.2,
        11.238175,
        11.880086
      ],
      "to": [
        11.0,
        12.438176,
        16.080086
      ],
      "rotation": {
        "angle": 0.0,
        "axis": "x",
        "origin": [
          10.1,
          11.838176,
          13.680086
        ]
      },
      "faces": {
        "east": {
          "uv": [
            3.0625,
            2.6875,
            3.5,
            2.8125
          ],
          "texture": "#layer0",
          "tintindex": 0
        },
        "south": {
          "uv": [
            5.1875,
            6.9375,
            5.375,
            7.0625
          ],
          "texture": "#layer0",
          "tintindex": 0
        },
        "north": {
          "uv": [
            6.9375,
            4.4375,
            7.125,
            4.5625
          ],
          "texture": "#layer0",
          "tintindex": 0
        },
        "west": {
          "uv": [
            6.3125,
            3.0,
            6.75,
            3.125
          ],
          "texture": "#layer0",
          "tintindex": 0
        },
        "up": {
          "uv": [
            5.875,
            6.5625,
            5.6875,
            6.125
          ],
          "texture": "#layer0",
          "tintindex": 0
        },
        "down": {
          "uv": [
            3.125,
            6.1875,
            3.3125,
            6.625
          ],
          "texture": "#layer0",
          "tintindex": 0
        }
      }
    },
    {
      "name": "head_17",
      "from": [
        9.2,
        11.238175,
        -0.08008647
      ],
      "to": [
        11.0,
        12.438176,
        4.1199136
      ],
      "rotation": {
        "angle": 0.0,
        "axis": "x",
        "origin": [
          10.1,
          11.838176,
          2.3199136
        ]
      },
      "faces": {
        "east": {
          "uv": [
            3.5,
            2.6875,
            3.0625,
            2.8125
          ],
          "texture": "#layer0",
          "tintindex": 0
        },
        "south": {
          "uv": [
            7.125,
            4.4375,
            6.9375,
            4.5625
          ],
          "texture": "#layer0",
          "tintindex": 0
        },
        "north": {
          "uv": [
            5.375,
            6.9375,
            5.1875,
            7.0625
          ],
          "texture": "#layer0",
          "tintindex": 0
        },
        "west": {
          "uv": [
            6.75,
            3.0,
            6.3125,
            3.125
          ],
          "texture": "#layer0",
          "tintindex": 0
        },
        "up": {
          "uv": [
            5.875,
            6.125,
            5.6875,
            6.5625
          ],
          "texture": "#layer0",
          "tintindex": 0
        },
        "down": {
          "uv": [
            3.125,
            6.625,
            3.3125,
            6.1875
          ],
          "texture": "#layer0",
          "tintindex": 0
        }
      }
    },
    {
      "name": "head_18",
      "from": [
        6.2,
        11.238175,
        8.2800865
      ],
      "to": [
        10.4,
        15.438176,
        14.880086
      ],
      "rotation": {
        "angle": 0.0,
        "axis": "x",
        "origin": [
          10.1,
          11.838176,
          12.480086
        ]
      },
      "faces": {
        "east": {
          "uv": [
            4.5,
            3.8125,
            5.1875,
            4.25
          ],
          "texture": "#layer0",
          "tintindex": 0
        },
        "south": {
          "uv": [
            3.75,
            5.25,
            4.1875,
            5.6875
          ],
          "texture": "#layer0",
          "tintindex": 0
        },
        "north": {
          "uv": [
            3.25,
            5.25,
            3.6875,
            5.6875
          ],
          "texture": "#layer0",
          "tintindex": 0
        },
        "west": {
          "uv": [
            4.5,
            4.3125,
            5.1875,
            4.75
          ],
          "texture": "#layer0",
          "tintindex": 0
        },
        "up": {
          "uv": [
            5.0,
            2.5,
            4.5625,
            1.8125
          ],
          "texture": "#layer0",
          "tintindex": 0
        },
        "down": {
          "uv": [
            4.6875,
            0.6875,
            5.125,
            1.375
          ],
          "texture": "#layer0",
          "tintindex": 0
        }
      }
    },
    {
      "name": "head_19",
      "from": [
        6.2,
        11.238175,
        1.1199136
      ],
      "to": [
        10.4,
        15.438176,
        7.719914
      ],
      "rotation": {
        "angle": 0.0,
        "axis": "x",
        "origin": [
          10.1,
          11.838176,
          3.5199137
        ]
      },
      "faces": {
        "east": {
          "uv": [
            5.1875,
            3.8125,
            4.5,
            4.25
          ],
          "texture": "#layer0",
          "tintindex": 0
        },
        "south": {
          "uv": [
            3.6875,
            5.25,
            3.25,
            5.6875
          ],
          "texture": "#layer0",
          "tintindex": 0
        },
        "north": {
          "uv": [
            4.1875,
            5.25,
            3.75,
            5.6875
          ],
          "texture": "#layer0",
          "tintindex": 0
        },
        "west": {
          "uv": [
            5.1875,
            4.3125,
            4.5,
            4.75
          ],
          "texture": "#layer0",
          "tintindex": 0
        },
        "up": {
          "uv": [
            5.0,
            1.8125,
            4.5625,
            2.5
          ],
          "texture": "#layer0",
          "tintindex": 0
        },
        "down": {
          "uv": [
            4.6875,
            1.375,
            5.125,
            0.6875
          ],
          "texture": "#layer0",
          "tintindex": 0
        }
      }
    },
    {
      "name": "head_20",
      "from": [
        9.5,
        10.4,
        6.2
      ],
      "to": [
        12.5,
        11.6,
        9.8
      ],
      "rotation": {
        "angle": 0.0,
        "axis": "z",
        "origin": [
          8.0,
          8.0,
          8.0
        ]
      },
      "faces": {
        "east": {
          "uv": [
            6.5,
            0.0,
            6.875,
            0.125
          ],
          "texture": "#layer0",
          "tintindex": 0
        },
        "south": {
          "uv": [
            3.6875,
            6.75,
            4.0,
            6.875
          ],
          "texture": "#layer0",
          "tintindex": 0
        },
        "north": {
          "uv": [
            0.875,
            6.75,
            1.1875,
            6.875
          ],
          "texture": "#layer0",
          "tintindex": 0
        },
        "west": {
          "uv": [
            6.5,
            0.4375,
            6.875,
            0.5625
          ],
          "texture": "#layer0",
          "tintindex": 0
        },
        "up": {
          "uv": [
            0.3125,
            6.0,
            0.0,
            5.625
          ],
          "texture": "#layer0",
          "tintindex": 0
        },
        "down": {
          "uv": [
            5.6875,
            4.875,
            6.0,
            5.25
          ],
          "texture": "#layer0",
          "tintindex": 0
        }
      }
    },
    {
      "name": "head_21",
      "from": [
        8.801949,
        16.02164,
        5.6
      ],
      "to": [
        10.601948,
        17.221642,
        10.4
      ],
      "rotation": {
        "angle": 0.0,
        "axis": "z",
        "origin": [
          8.0,
          8.0,
          8.0
        ]
      },
      "faces": {
        "east": {
          "uv": [
            6.1875,
            3.875,
            6.6875,
            4.0
          ],
          "texture": "#layer0",
          "tintindex": 0
        },
        "south": {
          "uv": [
            7.0,
            3.25,
            7.1875,
            3.375
          ],
          "texture": "#layer0",
          "tintindex": 0
        },
        "north": {
          "uv": [
            7.0,
            3.0625,
            7.1875,
            3.1875
          ],
          "texture": "#layer0",
          "tintindex": 0
        },
        "west": {
          "uv": [
            6.1875,
            4.6875,
            6.6875,
            4.8125
          ],
          "texture": "#layer0",
          "tintindex": 0
        },
        "up": {
          "uv": [
            3.875,
            6.625,
            3.6875,
            6.125
          ],
          "texture": "#layer0",
          "tintindex": 0
        },
        "down": {
          "uv": [
            5.4375,
            6.125,
            5.625,
            6.625
          ],
          "texture": "#layer0",
          "tintindex": 0
        }
      }
    },
    {
      "name": "head_22",
      "from": [
        8.801949,
        13.62164,
        9.8
      ],
      "to": [
        10.601948,
        16.02164,
        11.0
      ],
      "rotation": {
        "angle": 0.0,
        "axis": "z",
        "origin": [
          8.0,
          8.0,
          8.0
        ]
      },
      "faces": {
        "east": {
          "uv": [
            4.0625,
            6.875,
            4.1875,
            7.125
          ],
          "texture": "#layer0",
          "tintindex": 0
        },
        "south": {
          "uv": [
            0.0,
            6.5625,
            0.1875,
            6.8125
          ],
          "texture": "#layer0",
          "tintindex": 0
        },
        "north": {
          "uv": [
            5.9375,
            6.5,
            6.125,
            6.75
          ],
          "texture": "#layer0",
          "tintindex": 0
        },
        "west": {
          "uv": [
            4.25,
            6.875,
            4.375,
            7.125
          ],
          "texture": "#layer0",
          "tintindex": 0
        },
        "up": {
          "uv": [
            3.5,
            7.125,
            3.3125,
            7.0
          ],
          "texture": "#layer0",
          "tintindex": 0
        },
        "down": {
          "uv": [
            5.8125,
            7.0,
            6.0,
            7.125
          ],
          "texture": "#layer0",
          "tintindex": 0
        }
      }
    },
    {
      "name": "head_23",
      "from": [
        8.801949,
        13.62164,
        5.0
      ],
      "to": [
        10.601948,
        16.02164,
        6.2
      ],
      "rotation": {
        "angle": 0.0,
        "axis": "z",
        "origin": [
          8.0,
          8.0,
          8.0
        ]
      },
      "faces": {
        "east": {
          "uv": [
            4.4375,
            6.875,
            4.5625,
            7.125
          ],
          "texture": "#layer0",
          "tintindex": 0
        },
        "south": {
          "uv": [
            1.875,
            6.5625,
            2.0625,
            6.8125
          ],
          "texture": "#layer0",
          "tintindex": 0
        },
        "north": {
          "uv": [
            6.5625,
            0.8125,
            6.75,
            1.0625
          ],
          "texture": "#layer0",
          "tintindex": 0
        },
        "west": {
          "uv": [
            6.875,
            4.875,
            7.0,
            5.125
          ],
          "texture": "#layer0",
          "tintindex": 0
        },
        "up": {
          "uv": [
            6.25,
            7.125,
            6.0625,
            7.0
          ],
          "texture": "#layer0",
          "tintindex": 0
        },
        "down": {
          "uv": [
            7.0,
            6.8125,
            7.1875,
            6.9375
          ],
          "texture": "#layer0",
          "tintindex": 0
        }
      }
    },
    {
      "name": "head_24",
      "from": [
        16.25758,
        10.676563,
        5.3
      ],
      "to": [
        17.457579,
        11.276564,
        10.700001
      ],
      "rotation": {
        "angle": 22.5,
        "axis": "z",
        "origin": [
          12.657578,
          -1.3234363,
          8.0
        ]
      },
      "faces": {
        "east": {
          "uv": [
            6.4375,
            1.8125,
            7.0,
            1.875
          ],
          "texture": "#layer0",
          "tintindex": 0
        },
        "south": {
          "uv": [
            4.6875,
            1.6875,
            4.8125,
            1.75
          ],
          "texture": "#layer0",
          "tintindex": 0
        },
        "north": {
          "uv": [
            4.5625,
            2.5625,
            4.6875,
            2.625
          ],
          "texture": "#layer0",
          "tintindex": 0
        },
        "west": {
          "uv": [
            6.5625,
            3.5625,
            7.125,
            3.625
          ],
          "texture": "#layer0",
          "tintindex": 0
        },
        "up": {
          "uv": [
            1.5,
            6.8125,
            1.375,
            6.25
          ],
          "texture": "#layer0",
          "tintindex": 0
        },
        "down": {
          "uv": [
            4.1875,
            6.25,
            4.3125,
            6.8125
          ],
          "texture": "#layer0",
          "tintindex": 0
        }
      }
    },
    {
      "name": "head_25",
      "from": [
        16.25758,
        11.276564,
        4.1
      ],
      "to": [
        17.457579,
        13.676564,
        11.900001
      ],
      "rotation": {
        "angle": 22.5,
        "axis": "z",
        "origin": [
          12.657578,
          -1.3234363,
          8.0
        ]
      },
      "faces": {
        "east": {
          "uv": [
            5.1875,
            1.0625,
            6.0,
            1.3125
          ],
          "texture": "#layer0",
          "tintindex": 0
        },
        "south": {
          "uv": [
            6.5,
            6.875,
            6.625,
            7.125
          ],
          "texture": "#layer0",
          "tintindex": 0
        },
        "north": {
          "uv": [
            6.3125,
            6.875,
            6.4375,
            7.125
          ],
          "texture": "#layer0",
          "tintindex": 0
        },
        "west": {
          "uv": [
            5.25,
            2.875,
            6.0625,
            3.125
          ],
          "texture": "#layer0",
          "tintindex": 0
        },
        "up": {
          "uv": [
            6.25,
            3.0625,
            6.125,
            2.25
          ],
          "texture": "#layer0",
          "tintindex": 0
        },
        "down": {
          "uv": [
            3.5,
            6.125,
            3.625,
            6.9375
          ],
          "texture": "#layer0",
          "tintindex": 0
        }
      }
    },
    {
      "name": "head_26",
      "from": [
        11.900001,
        12.8,
        7.4
      ],
      "to": [
        13.1,
        14.0,
        8.6
      ],
      "rotation": {
        "angle": 45.0,
        "axis": "z",
        "origin": [
          11.900001,
          12.8,
          8.0
        ]
      },
      "faces": {
        "east": {
          "uv": [
            7.0625,
            5.9375,
            7.1875,
            6.0625
          ],
          "texture": "#layer0",
          "tintindex": 0
        },
        "south": {
          "uv": [
            0.1875,
            7.125,
            0.3125,
            7.25
          ],
          "texture": "#layer0",
          "tintindex": 0
        },
        "north": {
          "uv": [
            7.0625,
            5.0625,
            7.1875,
            5.1875
          ],
          "texture": "#layer0",
          "tintindex": 0
        },
        "west": {
          "uv": [
            7.125,
            0.1875,
            7.25,
            0.3125
          ],
          "texture": "#layer0",
          "tintindex": 0
        },
        "up": {
          "uv": [
            0.5,
            7.25,
            0.375,
            7.125
          ],
          "texture": "#layer0",
          "tintindex": 0
        },
        "down": {
          "uv": [
            7.125,
            0.375,
            7.25,
            0.5
          ],
          "texture": "#layer0",
          "tintindex": 0
        }
      }
    },
    {
      "name": "head_27",
      "from": [
        8.6,
        13.222117,
        10.955372
      ],
      "to": [
        11.6,
        15.022118,
        14.555373
      ],
      "rotation": {
        "angle": 22.5,
        "axis": "x",
        "origin": [
          8.3,
          11.422118,
          11.555372
        ]
      },
      "faces": {
        "east": {
          "uv": [
            1.75,
            5.375,
            2.125,
            5.5625
          ],
          "texture": "#layer0",
          "tintindex": 0
        },
        "south": {
          "uv": [
            6.3125,
            2.25,
            6.625,
            2.4375
          ],
          "texture": "#layer0",
          "tintindex": 0
        },
        "north": {
          "uv": [
            1.875,
            6.3125,
            2.1875,
            6.5
          ],
          "texture": "#layer0",
          "tintindex": 0
        },
        "west": {
          "uv": [
            6.1875,
            4.4375,
            6.5625,
            4.625
          ],
          "texture": "#layer0",
          "tintindex": 0
        },
        "up": {
          "uv": [
            5.5,
            6.0625,
            5.1875,
            5.6875
          ],
          "texture": "#layer0",
          "tintindex": 0
        },
        "down": {
          "uv": [
            5.5625,
            5.6875,
            5.875,
            6.0625
          ],
          "texture": "#layer0",
          "tintindex": 0
        }
      }
    },
    {
      "name": "head_28",
      "from": [
        8.6,
        13.222117,
        1.4446276
      ],
      "to": [
        11.6,
        15.022118,
        5.0446277
      ],
      "rotation": {
        "angle": -22.5,
        "axis": "x",
        "origin": [
          8.3,
          11.422118,
          4.444628
        ]
      },
      "faces": {
        "east": {
          "uv": [
            2.125,
            5.375,
            1.75,
            5.5625
          ],
          "texture": "#layer0",
          "tintindex": 0
        },
        "south": {
          "uv": [
            2.1875,
            6.3125,
            1.875,
            6.5
          ],
          "texture": "#layer0",
          "tintindex": 0
        },
        "north": {
          "uv": [
            6.625,
            2.25,
            6.3125,
            2.4375
          ],
          "texture": "#layer0",
          "tintindex": 0
        },
        "west": {
          "uv": [
            6.5625,
            4.4375,
            6.1875,
            4.625
          ],
          "texture": "#layer0",
          "tintindex": 0
        },
        "up": {
          "uv": [
            5.5,
            5.6875,
            5.1875,
            6.0625
          ],
          "texture": "#layer0",
          "tintindex": 0
        },
        "down": {
          "uv": [
            5.5625,
            6.0625,
            5.875,
            5.6875
          ],
          "texture": "#layer0",
          "tintindex": 0
        }
      }
    }
  ],
  "display": {
    "head": {
      "translation": [
        0.0,
        -6.4,
        0.0
      ],
      "rotation": [
        0.0,
        0.0,
        0.0
      ],
      "scale": [
        3.8095,
        3.8095,
        3.8095
      ]
    },
    "gui": {
      "translation": [
        0.0,
        0.0,
        0.0
      ],
      "rotation": [
        35.0,
        225.0,
        0.0
      ],
      "scale": [
        0.625,
        0.625,
        0.625
      ]
    }
  }
}