{
	"credit": "Made with Blockbench",
	"texture_size": [128, 128],
	"textures": {
		"0": "manamodels:entity/kangaroo",
		"particle": "manamodels:entity/kangaroo"
	},
	"elements": [
		{
			"name": "head_1",
			"from": [6.8, 8, 3.2],
			"to": [9.2, 10.4, 6.2],
			"faces": {
				"north": {"uv": [0.5, 6.875, 1, 7.375], "texture": "#0", "tintindex": 0},
				"east": {"uv": [6.25, 4.75, 6.875, 5.25], "texture": "#0", "tintindex": 0},
				"south": {"uv": [6.875, 6.875, 7.375, 7.375], "texture": "#0", "tintindex": 0},
				"west": {"uv": [6.25, 5.25, 6.875, 5.75], "texture": "#0", "tintindex": 0},
				"up": {"uv": [3.5, 5.75, 3, 5.125], "texture": "#0", "tintindex": 0},
				"down": {"uv": [0, 6.5, 0.5, 7.125], "texture": "#0", "tintindex": 0}
			}
		},
		{
			"name": "head_0",
			"from": [6.194, 7.994, 6.194],
			"to": [9.806, 11.606, 9.806],
			"faces": {
				"north": {"uv": [0, 5, 0.75, 5.75], "texture": "#0", "tintindex": 0},
				"east": {"uv": [3.5, 5, 4.25, 5.75], "texture": "#0", "tintindex": 0},
				"south": {"uv": [0.75, 5.125, 1.5, 5.875], "texture": "#0", "tintindex": 0},
				"west": {"uv": [5.25, 3.25, 6, 4], "texture": "#0", "tintindex": 0},
				"up": {"uv": [6, 4.75, 5.25, 4], "texture": "#0", "tintindex": 0},
				"down": {"uv": [5.5, 1, 6.25, 1.75], "texture": "#0", "tintindex": 0}
			}
		},
		{
			"name": "ear_right_0",
			"from": [8.594, 10.994, 9.394],
			"to": [10.406, 14.606, 10.006],
			"rotation": {"angle": -22.5, "axis": "z", "origin": [9.2, 11, 9.4]},
			"faces": {
				"north": {"uv": [6.5, 0, 6.875, 0.75], "texture": "#0", "tintindex": 0},
				"east": {"uv": [6.375, 7, 6.5, 7.75], "texture": "#0", "tintindex": 0},
				"south": {"uv": [6.5, 1.75, 6.875, 2.5], "texture": "#0", "tintindex": 0},
				"west": {"uv": [4.625, 7.125, 4.75, 7.875], "texture": "#0", "tintindex": 0},
				"up": {"uv": [6.875, 6.5, 6.5, 6.375], "texture": "#0", "tintindex": 0},
				"down": {"uv": [6.875, 6.375, 7.25, 6.5], "texture": "#0", "tintindex": 0}
			}
		},
		{
			"name": "ear_left_0",
			"from": [5.594, 10.994, 9.394],
			"to": [7.406, 14.606, 10.006],
			"rotation": {"angle": 22.5, "axis": "z", "origin": [6.8, 11, 9.4]},
			"faces": {
				"north": {"uv": [6.5, 2.5, 6.875, 3.25], "texture": "#0", "tintindex": 0},
				"east": {"uv": [0.875, 7.375, 1, 8.125], "texture": "#0", "tintindex": 0},
				"south": {"uv": [1.25, 6.625, 1.625, 7.375], "texture": "#0", "tintindex": 0},
				"west": {"uv": [7.375, 1.75, 7.5, 2.5], "texture": "#0", "tintindex": 0},
				"up": {"uv": [7.25, 6.875, 6.875, 6.75], "texture": "#0", "tintindex": 0},
				"down": {"uv": [7.25, 6.75, 7.625, 6.875], "texture": "#0", "tintindex": 0}
			}
		}
	],
	"display": {
		"gui": {
			"rotation": [35, -135, 0],
			"translation": [-0.75, -3.75, 0],
			"scale": [1.8, 1.8, 1.8]
		}
	}
}