{
	"credit": "Made with Blockbench",
	"texture_size": [128, 128],
	"textures": {
		"0": "manamodels:entity/scorpion",
		"particle": "manamodels:entity/scorpion"
	},
	"elements": [
		{
			"name": "face_0",
			"from": [5.6, 6.5, 6.5],
			"to": [10.4, 9.5, 9.5],
			"rotation": {"angle": -45, "axis": "x", "origin": [8.006, 7.7, 8.9]},
			"faces": {
				"north": {"uv": [4.5, 2.875, 5.5, 3.5], "texture": "#0", "tintindex": 0},
				"east": {"uv": [6.75, 2, 7.375, 2.625], "texture": "#0", "tintindex": 0},
				"south": {"uv": [4.5, 3.5, 5.5, 4.125], "texture": "#0", "tintindex": 0},
				"west": {"uv": [1, 6.875, 1.625, 7.5], "texture": "#0", "tintindex": 0},
				"up": {"uv": [5.875, 5.5, 4.875, 4.875], "texture": "#0", "tintindex": 0},
				"down": {"uv": [4.875, 4.125, 5.875, 4.75], "texture": "#0", "tintindex": 0}
			}
		},
		{
			"name": "lowerarm_right_0",
			"from": [9.85, 4.85, 8.05],
			"to": [13.75, 6.95, 10.15],
			"rotation": {"angle": 22.5, "axis": "y", "origin": [10, 6, 10]},
			"faces": {
				"north": {"uv": [0, 7.25, 0.75, 7.625], "texture": "#0", "tintindex": 0},
				"east": {"uv": [2.75, 7.625, 3.125, 8], "texture": "#0", "tintindex": 0},
				"south": {"uv": [7.25, 3.5, 8, 3.875], "texture": "#0", "tintindex": 0},
				"west": {"uv": [4.75, 7.625, 5.125, 8], "texture": "#0", "tintindex": 0},
				"up": {"uv": [8, 4.25, 7.25, 3.875], "texture": "#0", "tintindex": 0},
				"down": {"uv": [7.25, 4.25, 8, 4.625], "texture": "#0", "tintindex": 0}
			}
		},
		{
			"name": "lowerarm_left_0",
			"from": [2.25, 4.85, 8.05],
			"to": [6.15, 6.95, 10.15],
			"rotation": {"angle": -22.5, "axis": "y", "origin": [6, 5, 10]},
			"faces": {
				"north": {"uv": [0.75, 7.25, 0, 7.625], "texture": "#0", "tintindex": 0},
				"east": {"uv": [5.125, 7.625, 4.75, 8], "texture": "#0", "tintindex": 0},
				"south": {"uv": [8, 3.5, 7.25, 3.875], "texture": "#0", "tintindex": 0},
				"west": {"uv": [3.125, 7.625, 2.75, 8], "texture": "#0", "tintindex": 0},
				"up": {"uv": [7.25, 4.25, 8, 3.875], "texture": "#0", "tintindex": 0},
				"down": {"uv": [8, 4.25, 7.25, 4.625], "texture": "#0", "tintindex": 0}
			}
		},
		{
			"name": "mandibles_0",
			"from": [5.606, 4.806, 6.106],
			"to": [10.394, 7.194, 7.894],
			"rotation": {"angle": 0, "axis": "y", "origin": [8, 6, 7]},
			"faces": {
				"north": {"uv": [4.25, 6.25, 5.25, 6.75], "texture": "#0", "tintindex": 0},
				"east": {"uv": [5.5, 3.625, 5.875, 4.125], "texture": "#0", "tintindex": 0},
				"south": {"uv": [5.25, 6.25, 6.25, 6.75], "texture": "#0", "tintindex": 0},
				"west": {"uv": [7.375, 5.375, 7.75, 5.875], "texture": "#0", "tintindex": 0},
				"up": {"uv": [3, 2, 2, 1.625], "texture": "#0", "tintindex": 0},
				"down": {"uv": [3, 1.625, 4, 2], "texture": "#0", "tintindex": 0}
			}
		},
		{
			"name": "upperarm_right_0",
			"from": [14.006, 5.006, 9.206],
			"to": [17.594, 6.794, 10.994],
			"rotation": {"angle": 45, "axis": "y", "origin": [11, 6, 11]},
			"faces": {
				"north": {"uv": [7, 7, 7.75, 7.375], "texture": "#0", "tintindex": 0},
				"east": {"uv": [2, 7.625, 2.375, 8], "texture": "#0", "tintindex": 0},
				"south": {"uv": [7, 0.625, 7.75, 1], "texture": "#0", "tintindex": 0},
				"west": {"uv": [2.375, 7.625, 2.75, 8], "texture": "#0", "tintindex": 0},
				"up": {"uv": [7.75, 1.375, 7, 1], "texture": "#0", "tintindex": 0},
				"down": {"uv": [7.125, 0, 7.875, 0.375], "texture": "#0", "tintindex": 0}
			}
		},
		{
			"name": "upperarm_left_0",
			"from": [-1.594, 5.006, 9.206],
			"to": [1.994, 6.794, 10.994],
			"rotation": {"angle": -45, "axis": "y", "origin": [5, 5, 11]},
			"faces": {
				"north": {"uv": [7.75, 7, 7, 7.375], "texture": "#0", "tintindex": 0},
				"east": {"uv": [2.75, 7.625, 2.375, 8], "texture": "#0", "tintindex": 0},
				"south": {"uv": [7.75, 0.625, 7, 1], "texture": "#0", "tintindex": 0},
				"west": {"uv": [2.375, 7.625, 2, 8], "texture": "#0", "tintindex": 0},
				"up": {"uv": [7, 1.375, 7.75, 1], "texture": "#0", "tintindex": 0},
				"down": {"uv": [7.875, 0, 7.125, 0.375], "texture": "#0", "tintindex": 0}
			}
		},
		{
			"name": "claw_right_0",
			"from": [10.6, 4.4, 1.2],
			"to": [13.6, 7.4, 6],
			"rotation": {"angle": -22.5, "axis": "y", "origin": [13, 6, 12]},
			"faces": {
				"north": {"uv": [5.75, 6.875, 6.375, 7.5], "texture": "#0", "tintindex": 0},
				"east": {"uv": [5, 2.25, 6, 2.875], "texture": "#0", "tintindex": 0},
				"south": {"uv": [6.375, 6.875, 7, 7.5], "texture": "#0", "tintindex": 0},
				"west": {"uv": [5, 1.625, 6, 2.25], "texture": "#0", "tintindex": 0},
				"up": {"uv": [6.375, 1.375, 5.375, 0.75], "rotation": 270, "texture": "#0", "tintindex": 0},
				"down": {"uv": [1, 5.5, 2, 6.125], "rotation": 90, "texture": "#0", "tintindex": 0}
			}
		},
		{
			"name": "claw_left_0",
			"from": [2.4, 4.4, 1.2],
			"to": [5.4, 7.4, 6],
			"rotation": {"angle": 22.5, "axis": "y", "origin": [3, 5, 12]},
			"faces": {
				"north": {"uv": [6.375, 6.875, 5.75, 7.5], "texture": "#0", "tintindex": 0},
				"east": {"uv": [6, 1.625, 5, 2.25], "texture": "#0", "tintindex": 0},
				"south": {"uv": [7, 6.875, 6.375, 7.5], "texture": "#0", "tintindex": 0},
				"west": {"uv": [6, 2.25, 5, 2.875], "texture": "#0", "tintindex": 0},
				"up": {"uv": [5.375, 1.375, 6.375, 0.75], "rotation": 90, "texture": "#0", "tintindex": 0},
				"down": {"uv": [2, 5.5, 1, 6.125], "rotation": 270, "texture": "#0", "tintindex": 0}
			}
		},
		{
			"name": "pincer1_left_0",
			"from": [-3.6, 5.4, -2.6],
			"to": [-2.4, 6.6, 1],
			"rotation": {"angle": -22.5, "axis": "y", "origin": [-5, 5, 11]},
			"faces": {
				"north": {"uv": [5, 1.625, 4.75, 1.875], "texture": "#0", "tintindex": 0},
				"east": {"uv": [8.125, 2.375, 7.375, 2.625], "texture": "#0", "tintindex": 0},
				"south": {"uv": [5.625, 1.375, 5.375, 1.625], "texture": "#0", "tintindex": 0},
				"west": {"uv": [2, 7.5, 1.25, 7.75], "texture": "#0", "tintindex": 0},
				"up": {"uv": [5.75, 7.75, 6.5, 7.5], "rotation": 90, "texture": "#0", "tintindex": 0},
				"down": {"uv": [8.25, 2.625, 7.5, 2.875], "rotation": 270, "texture": "#0", "tintindex": 0}
			}
		},
		{
			"name": "pincer2_left_0",
			"from": [-1.6, 5.4, -1.6],
			"to": [-0.4, 6.6, 2],
			"rotation": {"angle": 0, "axis": "y", "origin": [-1, 5, 12]},
			"faces": {
				"north": {"uv": [5.875, 1.375, 5.625, 1.625], "texture": "#0", "tintindex": 0},
				"east": {"uv": [8.25, 2.875, 7.5, 3.125], "texture": "#0", "tintindex": 0},
				"south": {"uv": [4.5, 6, 4.25, 6.25], "texture": "#0", "tintindex": 0},
				"west": {"uv": [8.25, 5.875, 7.5, 6.125], "texture": "#0", "tintindex": 0},
				"up": {"uv": [7.5, 6.375, 8.25, 6.125], "rotation": 90, "texture": "#0", "tintindex": 0},
				"down": {"uv": [0.75, 7.625, 0, 7.875], "rotation": 270, "texture": "#0", "tintindex": 0}
			}
		},
		{
			"name": "pincer1_right_0",
			"from": [18.4, 5.4, -2.6],
			"to": [19.6, 6.6, 1],
			"rotation": {"angle": 22.5, "axis": "y", "origin": [21, 6, 11]},
			"faces": {
				"north": {"uv": [4.75, 1.625, 5, 1.875], "texture": "#0", "tintindex": 0},
				"east": {"uv": [1.25, 7.5, 2, 7.75], "texture": "#0", "tintindex": 0},
				"south": {"uv": [5.375, 1.375, 5.625, 1.625], "texture": "#0", "tintindex": 0},
				"west": {"uv": [7.375, 2.375, 8.125, 2.625], "texture": "#0", "tintindex": 0},
				"up": {"uv": [6.5, 7.75, 5.75, 7.5], "rotation": 270, "texture": "#0", "tintindex": 0},
				"down": {"uv": [7.5, 2.625, 8.25, 2.875], "rotation": 90, "texture": "#0", "tintindex": 0}
			}
		},
		{
			"name": "pincer2_right_0",
			"from": [16.4, 5.4, -1.6],
			"to": [17.6, 6.6, 2],
			"rotation": {"angle": 0, "axis": "y", "origin": [17, 6, 12]},
			"faces": {
				"north": {"uv": [5.625, 1.375, 5.875, 1.625], "texture": "#0", "tintindex": 0},
				"east": {"uv": [7.5, 5.875, 8.25, 6.125], "texture": "#0", "tintindex": 0},
				"south": {"uv": [4.25, 6, 4.5, 6.25], "texture": "#0", "tintindex": 0},
				"west": {"uv": [7.5, 2.875, 8.25, 3.125], "texture": "#0", "tintindex": 0},
				"up": {"uv": [8.25, 6.375, 7.5, 6.125], "rotation": 270, "texture": "#0", "tintindex": 0},
				"down": {"uv": [0, 7.625, 0.75, 7.875], "rotation": 90, "texture": "#0", "tintindex": 0}
			}
		}
	],
	"display": {
		"gui": {
			"rotation": [39, -155, 9],
			"translation": [-1.5, 2, 0]
		}
	}
}