{
	"credit": "Made with Blockbench",
	"texture_size": [128, 128],
	"textures": {
		"2": "furniture/livingroom/tvstand/traditional/traditional_tvstand"
	},
	"elements": [
		{
			"from": [-8.31667, 14, -1],
			"to": [23.68333, 16, 17],
			"rotation": {"angle": 0, "axis": "y", "origin": [7.68333, 14, 8]},
			"faces": {
				"north": {"uv": [2.25, 2.25, 6.25, 2.5], "texture": "#2"},
				"east": {"uv": [0, 2.25, 2.25, 2.5], "texture": "#2"},
				"south": {"uv": [8.5, 2.25, 12.5, 2.5], "texture": "#2"},
				"west": {"uv": [6.25, 2.25, 8.5, 2.5], "texture": "#2"},
				"up": {"uv": [6.25, 2.25, 2.25, 0], "texture": "#2"},
				"down": {"uv": [10.25, 0, 6.25, 2.25], "texture": "#2"}
			}
		},
		{
			"from": [-8.31667, 6, -1],
			"to": [23.68333, 8, 17],
			"rotation": {"angle": 0, "axis": "y", "origin": [7.68333, 6, 8]},
			"faces": {
				"north": {"uv": [2.25, 2.25, 6.25, 2.5], "texture": "#2"},
				"east": {"uv": [0, 2.25, 2.25, 2.5], "texture": "#2"},
				"south": {"uv": [8.5, 2.25, 12.5, 2.5], "texture": "#2"},
				"west": {"uv": [6.25, 2.25, 8.5, 2.5], "texture": "#2"},
				"up": {"uv": [6.25, 2.25, 2.25, 0], "texture": "#2"},
				"down": {"uv": [10.25, 0, 6.25, 2.25], "texture": "#2"}
			}
		},
		{
			"from": [-8.31667, 0, -1],
			"to": [23.68333, 2, 17],
			"rotation": {"angle": 0, "axis": "y", "origin": [7.68333, 0, 8]},
			"faces": {
				"north": {"uv": [2.25, 2.25, 6.25, 2.5], "texture": "#2"},
				"east": {"uv": [0, 2.25, 2.25, 2.5], "texture": "#2"},
				"south": {"uv": [8.5, 2.25, 12.5, 2.5], "texture": "#2"},
				"west": {"uv": [6.25, 2.25, 8.5, 2.5], "texture": "#2"},
				"up": {"uv": [6.25, 2.25, 2.25, 0], "texture": "#2"},
				"down": {"uv": [10.25, 0, 6.25, 2.25], "texture": "#2"}
			}
		},
		{
			"from": [-7.31667, 2, 0],
			"to": [-6.31667, 14, 16],
			"rotation": {"angle": 0, "axis": "y", "origin": [-7.31667, 0, 8]},
			"faces": {
				"north": {"uv": [2, 5.5, 2.125, 7], "texture": "#2"},
				"east": {"uv": [0, 5.5, 2, 7], "texture": "#2"},
				"south": {"uv": [4.125, 5.5, 4.25, 7], "texture": "#2"},
				"west": {"uv": [2.125, 5.5, 4.125, 7], "texture": "#2"},
				"up": {"uv": [2.125, 5.5, 2, 3.5], "texture": "#2"},
				"down": {"uv": [2.25, 3.5, 2.125, 5.5], "texture": "#2"}
			}
		},
		{
			"from": [21.68333, 2, 0],
			"to": [22.68333, 14, 16],
			"rotation": {"angle": 0, "axis": "y", "origin": [21.68333, 0, 8]},
			"faces": {
				"north": {"uv": [6.25, 6.25, 6.375, 7.75], "texture": "#2"},
				"east": {"uv": [4.25, 6.25, 6.25, 7.75], "texture": "#2"},
				"south": {"uv": [8.375, 6.25, 8.5, 7.75], "texture": "#2"},
				"west": {"uv": [6.375, 6.25, 8.375, 7.75], "texture": "#2"},
				"up": {"uv": [6.375, 6.25, 6.25, 4.25], "texture": "#2"},
				"down": {"uv": [6.5, 4.25, 6.375, 6.25], "texture": "#2"}
			}
		},
		{
			"from": [-0.81667, 8.5, 3],
			"to": [2.18333, 11.5, 7],
			"rotation": {"angle": 0, "axis": "y", "origin": [1.18333, 8.5, 3]},
			"faces": {
				"north": {"uv": [0.5, 4, 0.875, 4.375], "texture": "#2"},
				"east": {"uv": [0, 4, 0.5, 4.375], "texture": "#2"},
				"south": {"uv": [1.375, 4, 1.75, 4.375], "texture": "#2"},
				"west": {"uv": [0.875, 4, 1.375, 4.375], "texture": "#2"},
				"up": {"uv": [0.875, 4, 0.5, 3.5], "texture": "#2"},
				"down": {"uv": [1.25, 3.5, 0.875, 4], "texture": "#2"}
			}
		},
		{
			"from": [-3.81667, 8.5, 3],
			"to": [-1.81667, 10.5, 4],
			"rotation": {"angle": 0, "axis": "y", "origin": [-1.81667, 8.5, 3]},
			"faces": {
				"north": {"uv": [0.125, 0.125, 0.375, 0.375], "texture": "#2"},
				"east": {"uv": [0, 0.125, 0.125, 0.375], "texture": "#2"},
				"south": {"uv": [0.5, 0.125, 0.75, 0.375], "texture": "#2"},
				"west": {"uv": [0.375, 0.125, 0.5, 0.375], "texture": "#2"},
				"up": {"uv": [0.375, 0.125, 0.125, 0], "texture": "#2"},
				"down": {"uv": [0.625, 0, 0.375, 0.125], "texture": "#2"}
			}
		},
		{
			"from": [13.18333, 8.5, 3],
			"to": [16.18333, 11.5, 7],
			"rotation": {"angle": 0, "axis": "y", "origin": [14.18333, 8.5, 3]},
			"faces": {
				"north": {"uv": [4.75, 4.75, 5.125, 5.125], "texture": "#2"},
				"east": {"uv": [4.25, 4.75, 4.75, 5.125], "texture": "#2"},
				"south": {"uv": [5.625, 4.75, 6, 5.125], "texture": "#2"},
				"west": {"uv": [5.125, 4.75, 5.625, 5.125], "texture": "#2"},
				"up": {"uv": [5.125, 4.75, 4.75, 4.25], "texture": "#2"},
				"down": {"uv": [5.5, 4.25, 5.125, 4.75], "texture": "#2"}
			}
		},
		{
			"from": [17.18333, 8.5, 3],
			"to": [19.18333, 10.5, 4],
			"rotation": {"angle": 0, "axis": "y", "origin": [17.18333, 8.5, 3]},
			"faces": {
				"north": {"uv": [0.125, 0.5, 0.375, 0.75], "texture": "#2"},
				"east": {"uv": [0, 0.5, 0.125, 0.75], "texture": "#2"},
				"south": {"uv": [0.5, 0.5, 0.75, 0.75], "texture": "#2"},
				"west": {"uv": [0.375, 0.5, 0.5, 0.75], "texture": "#2"},
				"up": {"uv": [0.375, 0.5, 0.125, 0.375], "texture": "#2"},
				"down": {"uv": [0.625, 0.375, 0.375, 0.5], "texture": "#2"}
			}
		},
		{
			"from": [-4.81667, 8, 4],
			"to": [20.18333, 11, 9],
			"rotation": {"angle": 0, "axis": "y", "origin": [7.18333, 8, 8]},
			"faces": {
				"north": {"uv": [0.625, 3.125, 3.75, 3.5], "texture": "#2"},
				"east": {"uv": [0, 3.125, 0.625, 3.5], "texture": "#2"},
				"south": {"uv": [4.375, 3.125, 7.5, 3.5], "texture": "#2"},
				"west": {"uv": [3.75, 3.125, 4.375, 3.5], "texture": "#2"},
				"up": {"uv": [3.75, 3.125, 0.625, 2.5], "texture": "#2"},
				"down": {"uv": [6.875, 2.5, 3.75, 3.125], "texture": "#2"}
			}
		},
		{
			"from": [-3.31667, 3, 5],
			"to": [2.68333, 4, 9],
			"rotation": {"angle": 0, "axis": "y", "origin": [1.68333, 3, 5]},
			"faces": {
				"north": {"uv": [2.75, 4, 3.5, 4.125], "texture": "#2"},
				"east": {"uv": [2.25, 4, 2.75, 4.125], "texture": "#2"},
				"south": {"uv": [4, 4, 4.75, 4.125], "texture": "#2"},
				"west": {"uv": [3.5, 4, 4, 4.125], "texture": "#2"},
				"up": {"uv": [3.5, 4, 2.75, 3.5], "texture": "#2"},
				"down": {"uv": [4.25, 3.5, 3.5, 4], "texture": "#2"}
			}
		},
		{
			"from": [-4.31667, 2, 4],
			"to": [1.68333, 3, 8],
			"rotation": {"angle": 0, "axis": "y", "origin": [0.68333, 2, 4]},
			"faces": {
				"north": {"uv": [2.75, 4.625, 3.5, 4.75], "texture": "#2"},
				"east": {"uv": [2.25, 4.625, 2.75, 4.75], "texture": "#2"},
				"south": {"uv": [4, 4.625, 4.75, 4.75], "texture": "#2"},
				"west": {"uv": [3.5, 4.625, 4, 4.75], "texture": "#2"},
				"up": {"uv": [3.5, 4.625, 2.75, 4.125], "texture": "#2"},
				"down": {"uv": [4.25, 4.125, 3.5, 4.625], "texture": "#2"}
			}
		},
		{
			"from": [7.68333, 2, 3],
			"to": [18.68333, 4, 9],
			"rotation": {"angle": 0, "axis": "y", "origin": [7.68333, 2, 8]},
			"faces": {
				"north": {"uv": [7.25, 4.25, 8.625, 4.5], "texture": "#2"},
				"east": {"uv": [6.5, 4.25, 7.25, 4.5], "texture": "#2"},
				"south": {"uv": [9.375, 4.25, 10.75, 4.5], "texture": "#2"},
				"west": {"uv": [8.625, 4.25, 9.375, 4.5], "texture": "#2"},
				"up": {"uv": [8.625, 4.25, 7.25, 3.5], "texture": "#2"},
				"down": {"uv": [10, 3.5, 8.625, 4.25], "texture": "#2"}
			}
		},
		{
			"from": [14.63333, 1.95, 2.95],
			"to": [15.73333, 4.05, 9.05],
			"rotation": {"angle": 0, "axis": "y", "origin": [7.68333, 2, 8]},
			"faces": {
				"north": {"uv": [0.75, 1.75, 0.875, 2], "texture": "#2"},
				"east": {"uv": [0, 1.75, 0.75, 2], "texture": "#2"},
				"south": {"uv": [1.625, 1.75, 1.75, 2], "texture": "#2"},
				"west": {"uv": [0.875, 1.75, 1.625, 2], "texture": "#2"},
				"up": {"uv": [0.875, 1.75, 0.75, 1], "texture": "#2"},
				"down": {"uv": [1, 1, 0.875, 1.75], "texture": "#2"}
			}
		},
		{
			"from": [15.88333, 1.95, 2.95],
			"to": [16.98333, 4.05, 9.05],
			"rotation": {"angle": 0, "axis": "y", "origin": [8.93333, 2, 8]},
			"faces": {
				"north": {"uv": [0.75, 0.75, 0.875, 1], "texture": "#2"},
				"east": {"uv": [0, 0.75, 0.75, 1], "texture": "#2"},
				"south": {"uv": [1.625, 0.75, 1.75, 1], "texture": "#2"},
				"west": {"uv": [0.875, 0.75, 1.625, 1], "texture": "#2"},
				"up": {"uv": [0.875, 0.75, 0.75, 0], "texture": "#2"},
				"down": {"uv": [1, 0, 0.875, 0.75], "texture": "#2"}
			}
		}
	],
	"gui_light": "front",
	"display": {
		"firstperson_righthand": {
			"rotation": [0, 136, 0],
			"translation": [5.75, 2.25, 0],
			"scale": [0.5, 0.5, 0.5]
		},
		"gui": {
			"rotation": [25, -145, 0],
			"translation": [0, -0.5, 0],
			"scale": [0.5, 0.5, 0.5]
		},
		"head": {
			"translation": [13.25, -31.25, 0],
			"scale": [1.65, 1.65, 1.65]
		}
	},
	"groups": [
		{
			"name": "TvStand",
			"origin": [0, 0, 0],
			"children": [0, 1, 2, 3, 4]
		},
		{
			"name": "Stereo",
			"origin": [-0.5, 8, 0],
			"children": [5, 6, 7, 8, 9]
		},
		{
			"name": "GameConsole",
			"origin": [1.25, 2, 0],
			"children": [10, 11, 12, 13, 14]
		}
	]
}