{
    "parent": "item/generated",
    "textures": {
        "layer0": "item/bow"
    },
        "overrides": [
				{ "predicate": {"damaged": 1, "pulling":1}, "model": "item/bow_pulling_0"},
				{ "predicate": {"damaged": 1, "pulling":1, "pull": 0.65}, "model": "item/bow_pulling_1"},
				{ "predicate": {"damaged": 1, "pulling":1, "pull": 0.9}, "model": "item/bow_pulling_2"},

				{ "predicate": { "damaged": 0, "damage": 0.171875}, "model": "item/weapons/forestbow"},
				{ "predicate": { "damaged": 0, "damage": 0.171875, "pulling":1}, "model": "item/weapons/forestbow_pulling_0"},
				{ "predicate": { "damaged": 0, "damage": 0.171875, "pulling":1, "pull": 0.65}, "model": "item/weapons/forestbow_pulling_1"},
				{ "predicate": { "damaged": 0, "damage": 0.171875, "pulling":1, "pull": 0.9}, "model": "item/weapons/forestbow_pulling_2"},

				{ "predicate": { "damaged": 0, "damage": 0.197916666}, "model": "item/weapons/cupidbow_regular"},
				{ "predicate": { "damaged": 0, "damage": 0.197916666, "pulling":1}, "model": "item/weapons/cupidbow_pulling_0"},
				{ "predicate": { "damaged": 0, "damage": 0.197916666, "pulling":1, "pull": 0.65}, "model": "item/weapons/cupidbow_pulling_1"},
				{ "predicate": { "damaged": 0, "damage": 0.197916666, "pulling":1, "pull": 0.9}, "model": "item/weapons/cupidbow_pulling_2"},

				{ "predicate": { "damaged": 0, "damage": 0.234375}, "model": "item/weapons/heroic_bow"},	
			
				{ "predicate": { "damaged": 0, "damage": 0.2682291666}, "model": "item/weapons/crystal_bow"},
				{ "predicate": { "damaged": 0, "damage": 0.2682291666, "pulling":1}, "model": "item/weapons/crystal_bow"},
				{ "predicate": { "damaged": 0, "damage": 0.2682291666, "pulling":1, "pull": 0.65}, "model": "item/weapons/crystal_bow2"},
				{ "predicate": { "damaged": 0, "damage": 0.2682291666, "pulling":1, "pull": 0.9}, "model": "item/weapons/crystal_bow3"},

				{ "predicate": { "damaged": 0, "damage": 0.3125}, "model": "item/christmas20/frostbow"},
				{ "predicate": { "damaged": 0, "damage": 0.3125, "pulling":1}, "model": "item/christmas20/frostbow_0"},
				{ "predicate": { "damaged": 0, "damage": 0.3125, "pulling":1, "pull": 0.65}, "model": "item/christmas20/frostbow_1"},
				{ "predicate": { "damaged": 0, "damage": 0.3125, "pulling":1, "pull": 0.9}, "model": "item/christmas20/frostbow_2"},


				{ "predicate": { "damaged": 0, "damage": 0.359375}, "model": "item/valentine20_crate/bow"},
				{ "predicate": { "damaged": 0, "damage": 0.359375, "pulling":1}, "model": "item/valentine20_crate/bow_draw1"},
				{ "predicate": { "damaged": 0, "damage": 0.359375, "pulling":1, "pull": 0.65}, "model": "item/valentine20_crate/bow_draw2"},
				{ "predicate": { "damaged": 0, "damage": 0.359375, "pulling":1, "pull": 0.9}, "model": "item/valentine20_crate/bow_draw3"},
				
				{ "predicate": { "damaged": 0, "damage": 0.375}, "model": "item/olympus/weapons/bow"},
				{ "predicate": { "damaged": 0, "damage": 0.375, "pulling":1}, "model": "item/olympus/weapons/bow_draw1"},
				{ "predicate": { "damaged": 0, "damage": 0.375, "pulling":1, "pull": 0.65}, "model": "item/olympus/weapons/bow_draw2"},
				{ "predicate": { "damaged": 0, "damage": 0.375, "pulling":1, "pull": 0.9}, "model": "item/olympus/weapons/bow_draw3"},	


				{ "predicate": { "damaged": 0, "damage": 0.38181818}, "model": "item/drseuss21_crate/plain_gold_bow"},
				{ "predicate": { "damaged": 0, "damage": 0.38181818, "pulling":1}, "model": "item/drseuss21_crate/plain_gold_bow_0"},
				{ "predicate": { "damaged": 0, "damage": 0.38181818, "pulling":1, "pull": 0.65}, "model": "item/drseuss21_crate/plain_gold_bow_1"},
				{ "predicate": { "damaged": 0, "damage": 0.38181818, "pulling":1, "pull": 0.9}, "model": "item/drseuss21_crate/plain_gold_bow_2"},	

				
				{ "predicate": {"damaged": 1}, "model": "item/bow"}

        ]
}