{
    "parent": "item/handheld",
    "textures": {
        "layer0": "item/leather_chestplate"
    },
        "overrides": [				
                { "predicate": { "damaged": 0, "damage": 1.7375}, "model": "item/valentine20_crate/harp"},	
                { "predicate": { "damaged": 0, "damage": 1.775}, "model": "item/valentine20_crate/teddy_bear"},	
                { "predicate": { "damaged": 0, "damage": 1.7875}, "model": "item/valentine20_crate/wings"},	
				
                { "predicate": {"damaged": 1}, "model": "item/leather_chestplate"}
        ]
}