{
    "parent": "item/handheld",
    "textures": {
        "layer0": "item/netherite_sword"
    },
        "overrides": [
				{ "predicate": { "damaged": 0, "damage": 0.00064061499}, "model": "item/tools/multitool"},
				{ "predicate": { "damaged": 0, "damage": 0.03198818}, "model": "item/weapons/scythe"},
				{ "predicate": { "damaged": 0, "damage": 0.03297244}, "model": "item/weapons/forestsword"},
				{ "predicate": { "damaged": 0, "damage": 0.03346456}, "model": "item/weapons/candycanesword"},
				{ "predicate": { "damaged": 0, "damage": 0.03395669}, "model": "item/weapons/greenlightsaber"},
				{ "predicate": { "damaged": 0, "damage": 0.03444881}, "model": "item/weapons/redlightsaber"},
			    { "predicate": { "damaged": 0, "damage": 0.03937007}, "model": "item/weapons/emerald_sword"},
			    { "predicate": { "damaged": 0, "damage": 0.04429133}, "model": "item/weapons/master_sword"},
			    { "predicate": { "damaged": 0, "damage": 0.04675196}, "model": "item/weapons/eaglesword"},
			    { "predicate": { "damaged": 0, "damage": 0.05019685}, "model": "item/weapons/ice_sword"},
			    { "predicate": { "damaged": 0, "damage": 0.05167322}, "model": "item/egypt_crate/pharaoh_sword"},
			    { "predicate": { "damaged": 0, "damage": 0.05364173}, "model": "item/weapons/scorpionsword"},
			    { "predicate": { "damaged": 0, "damage": 0.05954724}, "model": "item/christmas20/frostsword"},
			    { "predicate": { "damaged": 0, "damage": 0.06204759}, "model": "item/newyear20_crate/sword"},
			    { "predicate": { "damaged": 0, "damage": 0.06545275}, "model": "item/chinese20_crate/chinese_fortune_dao"},	
			    { "predicate": { "damaged": 0, "damage": 0.07185039}, "model": "item/olympus/weapons/trident"},			
                            { "predicate": { "damaged": 0, "damage": 0.07332677}, "model": "item/drseuss21_crate/king_birtrams_stilt"},
                            { "predicate": { "damaged": 0, "damage": 0.07726377}, "model": "item/easter21_crate/choco_sword"},								
				{ "predicate": {"damaged": 1}, "model": "item/netherite_sword"}
        ]
}