{
    "parent": "item/handheld",
    "textures": {
        "layer0": "item/netherite_axe"
    },
        "overrides": [
                { "predicate": { "damaged": 0, "damage": 0.00064061499}, "model": "item/tools/multitool"},
                { "predicate": { "damaged": 0, "damage": 0.03692762}, "model": "item/tools/cupidaxe"},
                { "predicate": { "damaged": 0, "damage": 0.04480551}, "model": "item/tools/hammer_3"},
                { "predicate": { "damaged": 0, "damage": 0.04972919}, "model": "item/tools/magical_ice_axe"},
                { "predicate": { "damaged": 0, "damage": 0.05416051}, "model": "item/tools/donkeykonghammer"},
                { "predicate": { "damaged": 0, "damage": 0.06253077}, "model": "item/newyear20_crate/axe"},
                { "predicate": { "damaged": 0, "damage": 0.06646971}, "model": "item/chinese20_crate/dragon_axe"},				
                { "predicate": { "damaged": 0, "damage": 0.06942392}, "model": "item/valentine20_crate/staff"},	
				
                { "predicate": {"damaged": 1}, "model": "item/netherite_axe"}
        ]
}