{
    "parent": "item/handheld",
    "textures": {
        "layer0": "item/netherite_shovel"
    },
        "overrides": [
				{ "predicate": { "damaged": 0, "damage": 0.00064061499}, "model": "item/tools/multitool"},
				{ "predicate": { "damaged": 0, "damage": 0.03986220}, "model": "item/tools/emerald_shovel"},
				{ "predicate": { "damaged": 0, "damage": 0.06151574}, "model": "item/newyear20_crate/shovel"},
				{ "predicate": { "damaged": 0, "damage": 0.07677165}, "model": "item/easter21_crate/silver_spoon_shovel"},
				{ "predicate": {"damaged": 1}, "model": "item/netherite_shovel"}
        ]
}