{
    "parent": "item/handheld",
    "textures": {
        "layer0": "item/stone_shovel"
    },
        "overrides": [
  				{ "predicate": {"custom_model_data": 100001}, "model": "item/furniture/decorations/carpet/traditional/traditional_carpet_black"},
  				{ "predicate": {"custom_model_data": 100002}, "model": "item/furniture/decorations/carpet/traditional/traditional_carpet_blue"},
  				{ "predicate": {"custom_model_data": 100003}, "model": "item/furniture/decorations/carpet/traditional/traditional_carpet_lime"},
  				{ "predicate": {"custom_model_data": 100004}, "model": "item/furniture/decorations/carpet/traditional/traditional_carpet_orange"},
  				{ "predicate": {"custom_model_data": 100005}, "model": "item/furniture/decorations/carpet/traditional/traditional_carpet_pink"},
  				{ "predicate": {"custom_model_data": 100006}, "model": "item/furniture/decorations/carpet/traditional/traditional_carpet_purple"},
  				{ "predicate": {"custom_model_data": 100007}, "model": "item/furniture/decorations/carpet/traditional/traditional_carpet_red"},
  				{ "predicate": {"custom_model_data": 100008}, "model": "item/furniture/decorations/carpet/traditional/traditional_carpet_white"},
  				{ "predicate": {"custom_model_data": 100009}, "model": "item/furniture/decorations/carpet/traditional/traditional_carpet_yellow"},

  				{ "predicate": {"custom_model_data": 100011}, "model": "item/furniture/decorations/curtain/traditional/traditional_curtain_black"},
  				{ "predicate": {"custom_model_data": 100012}, "model": "item/furniture/decorations/curtain/traditional/traditional_curtain_blue"},
  				{ "predicate": {"custom_model_data": 100013}, "model": "item/furniture/decorations/curtain/traditional/traditional_curtain_lime"},
  				{ "predicate": {"custom_model_data": 100014}, "model": "item/furniture/decorations/curtain/traditional/traditional_curtain_orange"},
  				{ "predicate": {"custom_model_data": 100015}, "model": "item/furniture/decorations/curtain/traditional/traditional_curtain_pink"},
  				{ "predicate": {"custom_model_data": 100016}, "model": "item/furniture/decorations/curtain/traditional/traditional_curtain_purple"},
  				{ "predicate": {"custom_model_data": 100017}, "model": "item/furniture/decorations/curtain/traditional/traditional_curtain_red"},
  				{ "predicate": {"custom_model_data": 100018}, "model": "item/furniture/decorations/curtain/traditional/traditional_curtain_white"},
  				{ "predicate": {"custom_model_data": 100019}, "model": "item/furniture/decorations/curtain/traditional/traditional_curtain_yellow"},

  				{ "predicate": {"custom_model_data": 100021}, "model": "item/furniture/decorations/lamp/traditional/traditional_lamp_black"},
  				{ "predicate": {"custom_model_data": 100022}, "model": "item/furniture/decorations/lamp/traditional/traditional_lamp_blue"},
  				{ "predicate": {"custom_model_data": 100023}, "model": "item/furniture/decorations/lamp/traditional/traditional_lamp_lime"},
  				{ "predicate": {"custom_model_data": 100024}, "model": "item/furniture/decorations/lamp/traditional/traditional_lamp_orange"},
  				{ "predicate": {"custom_model_data": 100025}, "model": "item/furniture/decorations/lamp/traditional/traditional_lamp_pink"},
  				{ "predicate": {"custom_model_data": 100026}, "model": "item/furniture/decorations/lamp/traditional/traditional_lamp_purple"},
  				{ "predicate": {"custom_model_data": 100027}, "model": "item/furniture/decorations/lamp/traditional/traditional_lamp_red"},
  				{ "predicate": {"custom_model_data": 100028}, "model": "item/furniture/decorations/lamp/traditional/traditional_lamp_white"},
  				{ "predicate": {"custom_model_data": 100029}, "model": "item/furniture/decorations/lamp/traditional/traditional_lamp_yellow"},

  				{ "predicate": {"custom_model_data": 200001}, "model": "item/furniture/decorations/tv/traditional/traditional_tv"}
        ]
}