{
    "parent": "item/generated",
    "textures": {
        "layer0": "bow"
    },
    "display": {
        "thirdperson_righthand": {
            "rotation": [ -80, 260, -40 ],
            "translation": [ -1, -2, 2.5 ],
            "scale": [ 0.9, 0.9, 0.9 ]
        },
        "thirdperson_lefthand": {
            "rotation": [ -80, -280, 40 ],
            "translation": [ -1, -2, 2.5 ],
            "scale": [ 0.9, 0.9, 0.9 ]
        },
        "firstperson_righthand": {
            "rotation": [ 0, -90, 25 ],
            "translation": [ 1.13, 3.2, 1.13],
            "scale": [ 0.68, 0.68, 0.68 ]
        },
        "firstperson_lefthand": {
            "rotation": [ 0, 90, -25 ],
            "translation": [ 1.13, 3.2, 1.13],
            "scale": [ 0.68, 0.68, 0.68 ]
        }
    },
        "overrides": [
				{ "predicate": {"pulling":1}, "model": "item/bow_pulling_0"},
				{ "predicate": {"pulling":1, "pull": 0.65}, "model": "item/bow_pulling_1"},
				{ "predicate": {"pulling":1, "pull": 0.9}, "model": "item/bow_pulling_2"},

				{ "predicate": { "damaged": 0, "damage": 0.00260416666}, "model": "item/weapons/candycanebow"},
				{ "predicate": { "damaged": 0, "damage": 0.00260416666, "pulling":1}, "model": "item/weapons/candycanebow_pulling_0"},
				{ "predicate": { "damaged": 0, "damage": 0.00260416666, "pulling":1, "pull": 0.65}, "model": "item/weapons/candycanebow_pulling_1"},
				{ "predicate": { "damaged": 0, "damage": 0.00260416666, "pulling":1, "pull": 0.9}, "model": "item/weapons/candycanebow_pulling_2"},


				{ "predicate": { "damaged": 0, "damage": 0.171875}, "model": "item/weapons/forestbow"},
				{ "predicate": { "damaged": 0, "damage": 0.171875, "pulling":1}, "model": "item/weapons/forestbow_pulling_0"},
				{ "predicate": { "damaged": 0, "damage": 0.171875, "pulling":1, "pull": 0.65}, "model": "item/weapons/forestbow_pulling_1"},
				{ "predicate": { "damaged": 0, "damage": 0.171875, "pulling":1, "pull": 0.9}, "model": "item/weapons/forestbow_pulling_2"},


				{ "predicate": { "damaged": 0, "damage": 0.197916666}, "model": "item/weapons/cupidbow_regular"},
				{ "predicate": { "damaged": 0, "damage": 0.197916666, "pulling":1}, "model": "item/weapons/cupidbow_pulling_0"},
				{ "predicate": { "damaged": 0, "damage": 0.197916666, "pulling":1, "pull": 0.65}, "model": "item/weapons/cupidbow_pulling_1"},
				{ "predicate": { "damaged": 0, "damage": 0.197916666, "pulling":1, "pull": 0.9}, "model": "item/weapons/cupidbow_pulling_2"},


				{ "predicate": { "damaged": 0, "damage": 0.234375}, "model": "item/weapons/heroic_bow"},	
				{ "predicate": { "damaged": 0, "damage": 0.234375, "pulling":1}, "model": "item/weapons/heroic_bow1"},	
				{ "predicate": { "damaged": 0, "damage": 0.234375, "pulling":1, "pull": 0.65}, "model": "item/weapons/heroic_bow2"},	
				{ "predicate": { "damaged": 0, "damage": 0.234375, "pulling":1, "pull": 0.9}, "model": "item/weapons/heroic_bow3"},	

			
				{ "predicate": { "damaged": 0, "damage": 0.2682291666}, "model": "item/weapons/crystal_bow"},
				{ "predicate": { "damaged": 0, "damage": 0.2682291666, "pulling":1}, "model": "item/weapons/crystal_bow1"},
				{ "predicate": { "damaged": 0, "damage": 0.2682291666, "pulling":1, "pull": 0.65}, "model": "item/weapons/crystal_bow2"},
				{ "predicate": { "damaged": 0, "damage": 0.2682291666, "pulling":1, "pull": 0.9}, "model": "item/weapons/crystal_bow3"},

				{ "predicate": { "damaged": 1}, "model": "item/bow"},

        			{"predicate": {"custom_model_data": 100001},"model": "item/thanksgiving20_crate/nativebow"},
        			{"predicate": {"custom_model_data": 100001,"pulling": 1},"model": "item/thanksgiving20_crate/nativebowdraw1"},
      				{"predicate": {"custom_model_data": 100001,"pulling": 1,"pull": 0.65},"model": "item/thanksgiving20_crate/nativebowdraw2"},
        			{"predicate": {"custom_model_data": 100001,"pulling": 1,"pull": 0.9},"model": "item/thanksgiving20_crate/nativebowdraw3"},

        			{"predicate": {"custom_model_data": 100002},"model": "item/christmas20_crate/frostbow"},
        			{"predicate": {"custom_model_data": 100002,"pulling": 1},"model": "item/christmas20_crate/frostbow_0"},
      				{"predicate": {"custom_model_data": 100002,"pulling": 1,"pull": 0.65},"model": "item/christmas20_crate/frostbow_1"},
        			{"predicate": {"custom_model_data": 100002,"pulling": 1,"pull": 0.9},"model": "item/christmas20_crate/frostbow_2"},

        			{"predicate": {"custom_model_data": 100003},"model": "item/valentine20_crate/bow"},
        			{"predicate": {"custom_model_data": 100003,"pulling": 1},"model": "item/valentine20_crate/bow_draw1"},
      				{"predicate": {"custom_model_data": 100003,"pulling": 1,"pull": 0.65},"model": "item/valentine20_crate/bow_draw2"},
        			{"predicate": {"custom_model_data": 100003,"pulling": 1,"pull": 0.9},"model": "item/valentine20_crate/bow_draw3"}					
        ]
}