{
    "parent": "item/handheld",
    "textures": {
        "layer0": "item/diamond_sword"
    },
        "overrides": [
				{ "predicate": { "damaged": 0, "damage": 0.00064061499}, "model": "item/tools/multitool"},
				{ "predicate": { "damaged": 0, "damage": 0.0416133159}, "model": "item/weapons/scythe"},
				{ "predicate": { "damaged": 0, "damage": 0.04289372562}, "model": "item/weapons/forestsword"},
				{ "predicate": { "damaged": 0, "damage": 0.04353393048}, "model": "item/weapons/candycanesword"},
				{ "predicate": { "damaged": 0, "damage": 0.04420243431}, "model": "item/weapons/greenlightsaber"},
				{ "predicate": { "damaged": 0, "damage": 0.0448430493}, "model": "item/weapons/redlightsaber"},
			    { "predicate": { "damaged": 0, "damage": 0.05121638924}, "model": "item/weapons/emerald_sword"},
			    { "predicate": { "damaged": 0, "damage": 0.05761843790}, "model": "item/weapons/master_sword"},
			    { "predicate": { "damaged": 0, "damage": 0.06081946222}, "model": "item/weapons/eaglesword"},
			    { "predicate": { "damaged": 0, "damage": 0.06530089628}, "model": "item/weapons/ice_sword"},
				{ "predicate": {"damaged": 1}, "model": "item/diamond_sword"},
  { "predicate": {"custom_model_data": 100002}, "model": "item/egypt_crate/pharaoh_sword"},
  { "predicate": {"custom_model_data": 100003}, "model": "item/halloween20_crate/scythe"},
  { "predicate": {"custom_model_data": 100004}, "model": "item/christmas20_crate/frostbite_sword"},
  { "predicate": {"custom_model_data": 100005}, "model": "item/newyear20_crate/sword"},
  { "predicate": {"custom_model_data": 100010}, "model": "item/christmas20_crate/multitool20"},

  { "predicate": {"custom_model_data": 200001}, "model": "item/islesmodels/dragon_sword"}
        ]
}