{
    "parent": "item/handheld",
    "textures": {
        "layer0": "item/diamond_hoe"
    },
        "overrides": [
				{ "predicate": { "damaged": 0, "damage": 0.0006402048}, "model": "item/chests/gold"},
				{ "predicate": { "damaged": 0, "damage": 0.0012804097}, "model": "item/chests/green"},
				{ "predicate": { "damaged": 0, "damage": 0.0019206145}, "model": "item/chests/blue"},
				{ "predicate": { "damaged": 0, "damage": 0.0025608194}, "model": "item/chests/purple"},
				{ "predicate": { "damaged": 0, "damage": 0.0032010243}, "model": "item/chests/red"},
				{ "predicate": { "damaged": 0, "damage": 0.0038412291}, "model": "item/water/sailor"},
				{ "predicate": { "damaged": 0, "damage": 0.0044814340}, "model": "item/water/pirate"},
				{ "predicate": { "damaged": 0, "damage": 0.0051216388}, "model": "item/water/captain"},
				{ "predicate": { "damaged": 0, "damage": 0.0057618437}, "model": "item/water/atlas"},
				{ "predicate": { "damaged": 0, "damage": 0.0064020486}, "model": "item/water/poseidon"},
				{ "predicate": { "damaged": 0, "damage": 0.0070422534}, "model": "item/kingdom/merchant"},
				{ "predicate": { "damaged": 0, "damage": 0.0076824583}, "model": "item/kingdom/knight"},
				{ "predicate": { "damaged": 0, "damage": 0.0083226631}, "model": "item/kingdom/prince"},
				{ "predicate": { "damaged": 0, "damage": 0.0089628680}, "model": "item/kingdom/king"},
				{ "predicate": { "damaged": 0, "damage": 0.0096030729}, "model": "item/kingdom/emperor"},
				{ "predicate": { "damaged": 0, "damage": 0.0102432777}, "model": "item/misc/minecoin"},
				{ "predicate": { "damaged": 0, "damage": 0.0108834826}, "model": "item/misc/partyhat"},
				{ "predicate": { "damaged": 0, "damage": 0.0115236874}, "model": "item/misc/discord"},
				{ "predicate": { "damaged": 0, "damage": 0.0121638923}, "model": "item/misc/dailyrewards"},
				{ "predicate": { "damaged": 0, "damage": 0.0128040972}, "model": "item/misc/nitro"},
				{ "predicate": { "damaged": 0, "damage": 0.0441741353}, "model": "item/weapons/snowballgun"},
				{ "predicate": { "damaged": 0, "damage": 0.0448430493}, "model": "item/misc/babyyoda"},

				{ "predicate": {"damaged": 1}, "model": "item/diamond_hoe"},

  				{ "predicate": {"custom_model_data": 100001}, "model": "item/thanksgiving20_crate/turkey"},
				{ "predicate": {"custom_model_data": 100002}, "model": "item/misc/babyyoda"},				
  				{ "predicate": {"custom_model_data": 100010}, "model": "item/christmas20_crate/multitool20"},

				{ "predicate": {"custom_model_data": 200001}, "model": "item/chests/gold"},
				{ "predicate": {"custom_model_data": 200002}, "model": "item/chests/green"},
				{ "predicate": {"custom_model_data": 200003}, "model": "item/chests/blue"},
				{ "predicate": {"custom_model_data": 200004}, "model": "item/chests/purple"},
				{ "predicate": {"custom_model_data": 200005}, "model": "item/chests/red"}
        ]
}