{
 "parent": "item/handheld",
 "textures": {
  "layer0": "item/feather"
 },

 "overrides": [
  		{ "predicate": {"custom_model_data": 100000}, "model": "item/guis/kingdoms/banknumbers/zero/center"},
  		{ "predicate": {"custom_model_data": 100001}, "model": "item/guis/kingdoms/banknumbers/one/center"},
  		{ "predicate": {"custom_model_data": 100002}, "model": "item/guis/kingdoms/banknumbers/two/center"},
  		{ "predicate": {"custom_model_data": 100003}, "model": "item/guis/kingdoms/banknumbers/three/center"},
  		{ "predicate": {"custom_model_data": 100004}, "model": "item/guis/kingdoms/banknumbers/four/center"},
  		{ "predicate": {"custom_model_data": 100005}, "model": "item/guis/kingdoms/banknumbers/five/center"},
  		{ "predicate": {"custom_model_data": 100006}, "model": "item/guis/kingdoms/banknumbers/six/center"},
  		{ "predicate": {"custom_model_data": 100007}, "model": "item/guis/kingdoms/banknumbers/seven/center"},
  		{ "predicate": {"custom_model_data": 100008}, "model": "item/guis/kingdoms/banknumbers/eight/center"},
  		{ "predicate": {"custom_model_data": 100009}, "model": "item/guis/kingdoms/banknumbers/nine/center"},

  		{ "predicate": {"custom_model_data": 200000}, "model": "item/guis/kingdoms/banknumbers/zero/left"},
  		{ "predicate": {"custom_model_data": 200001}, "model": "item/guis/kingdoms/banknumbers/one/left"},
  		{ "predicate": {"custom_model_data": 200002}, "model": "item/guis/kingdoms/banknumbers/two/left"},
  		{ "predicate": {"custom_model_data": 200003}, "model": "item/guis/kingdoms/banknumbers/three/left"},
  		{ "predicate": {"custom_model_data": 200004}, "model": "item/guis/kingdoms/banknumbers/four/left"},
  		{ "predicate": {"custom_model_data": 200005}, "model": "item/guis/kingdoms/banknumbers/five/left"},
  		{ "predicate": {"custom_model_data": 200006}, "model": "item/guis/kingdoms/banknumbers/six/left"},
  		{ "predicate": {"custom_model_data": 200007}, "model": "item/guis/kingdoms/banknumbers/seven/left"},
  		{ "predicate": {"custom_model_data": 200008}, "model": "item/guis/kingdoms/banknumbers/eight/left"},
  		{ "predicate": {"custom_model_data": 200009}, "model": "item/guis/kingdoms/banknumbers/nine/left"},

  		{ "predicate": {"custom_model_data": 300000}, "model": "item/guis/kingdoms/banknumbers/zero/right"},
  		{ "predicate": {"custom_model_data": 300001}, "model": "item/guis/kingdoms/banknumbers/one/right"},
  		{ "predicate": {"custom_model_data": 300002}, "model": "item/guis/kingdoms/banknumbers/two/right"},
  		{ "predicate": {"custom_model_data": 300003}, "model": "item/guis/kingdoms/banknumbers/three/right"},
  		{ "predicate": {"custom_model_data": 300004}, "model": "item/guis/kingdoms/banknumbers/four/right"},
  		{ "predicate": {"custom_model_data": 300005}, "model": "item/guis/kingdoms/banknumbers/five/right"},
  		{ "predicate": {"custom_model_data": 300006}, "model": "item/guis/kingdoms/banknumbers/six/right"},
  		{ "predicate": {"custom_model_data": 300007}, "model": "item/guis/kingdoms/banknumbers/seven/right"},
  		{ "predicate": {"custom_model_data": 300008}, "model": "item/guis/kingdoms/banknumbers/eight/right"},
  		{ "predicate": {"custom_model_data": 300009}, "model": "item/guis/kingdoms/banknumbers/nine/right"},

  		{ "predicate": {"custom_model_data": 900001}, "model": "item/guis/kingdoms/banknumbers/letterb"},
  		{ "predicate": {"custom_model_data": 900002}, "model": "item/guis/kingdoms/banknumbers/letterk"},
  		{ "predicate": {"custom_model_data": 900003}, "model": "item/guis/kingdoms/banknumbers/letterm"},
  		{ "predicate": {"custom_model_data": 900003}, "model": "item/guis/kingdoms/banknumbers/letterdollar"}

 ]

 
}