{
 "parent": "item/handheld",
 "textures": {
  "layer0": "item/leather_chestplate"
 },

 "overrides": [
  		{ "predicate": {"custom_model_data": 100001}, "model": "item/valentine20_crate/harp"},
  		{ "predicate": {"custom_model_data": 100003}, "model": "item/valentine20_crate/teddy_bear"},
  		{ "predicate": {"custom_model_data": 100004}, "model": "item/valentine20_crate/wings"},
  		{ "predicate": {"custom_model_data": 100005}, "model": "item/wardrobe/lightsaber"},		
  		{ "predicate": {"custom_model_data": 100006}, "model": "item/wardrobe/dragon_tail"}		

 ]

 
}