{
	"credit": "Made with Blockbench",
	"textures": {
		"0": "item/weapons/forestsword",
		"particle": "item/weapons/forestsword"
	},
	"elements": [
		{
			"from": [6.75, 0, 7],
			"to": [9.25, 2, 9],
			"rotation": {"angle": 0, "axis": "y", "origin": [8, 10, 8]},
			"faces": {
				"north": {"uv": [7, 3, 8, 4], "texture": "#0"},
				"east": {"uv": [6, 3, 7, 4], "texture": "#0"},
				"south": {"uv": [9, 3, 10, 4], "texture": "#0"},
				"west": {"uv": [8, 3, 9, 4], "texture": "#0"},
				"up": {"uv": [8, 3, 7, 2], "texture": "#0"},
				"down": {"uv": [9, 2, 8, 3], "texture": "#0"}
			}
		},
		{
			"from": [7, 6, 7.25],
			"to": [9, 8, 8.75],
			"rotation": {"angle": 0, "axis": "y", "origin": [8, 10, 8]},
			"faces": {
				"north": {"uv": [7.5, 4.5, 8.5, 5.5], "texture": "#0"},
				"east": {"uv": [7, 4.5, 7.5, 5.5], "texture": "#0"},
				"south": {"uv": [9, 4.5, 10, 5.5], "texture": "#0"},
				"west": {"uv": [8.5, 4.5, 9, 5.5], "texture": "#0"},
				"up": {"uv": [8.5, 4.5, 7.5, 4], "texture": "#0"},
				"down": {"uv": [9.5, 4, 8.5, 4.5], "texture": "#0"}
			}
		},
		{
			"from": [7.25, 1.75, 7.25],
			"to": [8.75, 6, 8.75],
			"rotation": {"angle": 0, "axis": "y", "origin": [8, 10, 8]},
			"faces": {
				"north": {"uv": [6.5, 8.5, 7, 10], "texture": "#0"},
				"east": {"uv": [6, 8.5, 6.5, 10], "texture": "#0"},
				"south": {"uv": [7.5, 8.5, 8, 10], "texture": "#0"},
				"west": {"uv": [7, 8.5, 7.5, 10], "texture": "#0"},
				"up": {"uv": [7, 8.5, 6.5, 8], "texture": "#0"},
				"down": {"uv": [7.5, 8, 7, 8.5], "texture": "#0"}
			}
		},
		{
			"from": [6.5, 9.25, 7.5],
			"to": [9.5, 18.75, 8.5],
			"rotation": {"angle": 0, "axis": "y", "origin": [8, 10, 8]},
			"faces": {
				"north": {"uv": [0.5, 4.5, 2, 8], "texture": "#0"},
				"east": {"uv": [0, 4.5, 0.5, 8], "texture": "#0"},
				"south": {"uv": [2.5, 4.5, 4, 8], "texture": "#0"},
				"west": {"uv": [2, 4.5, 2.5, 8], "texture": "#0"},
				"up": {"uv": [2, 4.5, 0.5, 4], "texture": "#0"},
				"down": {"uv": [3.5, 4, 2, 4.5], "texture": "#0"}
			}
		},
		{
			"from": [6, 18.5, 7.75],
			"to": [10, 21, 8.25],
			"rotation": {"angle": 0, "axis": "y", "origin": [8, 10.75, 8]},
			"faces": {
				"north": {"uv": [0.75, 3, 2.75, 4], "texture": "#0"},
				"east": {"uv": [4.25, 5.25, 4.75, 7.75], "texture": "#0"},
				"south": {"uv": [3.75, 3, 5.75, 4], "texture": "#0"},
				"west": {"uv": [4.25, 5, 4.75, 6.75], "texture": "#0"},
				"up": {"uv": [6.5, 5.75, 4, 5.25], "texture": "#0"},
				"down": {"uv": [6.25, 5.25, 4.5, 5.75], "texture": "#0"}
			}
		},
		{
			"from": [7, 21, 7.75],
			"to": [10, 21.5, 8.25],
			"rotation": {"angle": 0, "axis": "y", "origin": [8, 10.75, 8]},
			"faces": {
				"north": {"uv": [0.75, 2.75, 2.25, 3], "texture": "#0"},
				"east": {"uv": [4.25, 5.25, 4.75, 7.75], "texture": "#0"},
				"south": {"uv": [4.25, 2.75, 5.75, 3], "texture": "#0"},
				"west": {"uv": [4.25, 5, 4.75, 6.75], "texture": "#0"},
				"up": {"uv": [6.5, 5.75, 4, 5.25], "texture": "#0"},
				"down": {"uv": [6.25, 5.25, 4.5, 5.75], "texture": "#0"}
			}
		},
		{
			"from": [7.5, 21.5, 7.75],
			"to": [10, 22.25, 8.25],
			"rotation": {"angle": 0, "axis": "y", "origin": [8, 10.75, 8]},
			"faces": {
				"north": {"uv": [0.75, 2.5, 2, 2.75], "texture": "#0"},
				"east": {"uv": [4.25, 5.25, 4.75, 7.75], "texture": "#0"},
				"south": {"uv": [4.5, 2.5, 5.75, 2.75], "texture": "#0"},
				"west": {"uv": [4.25, 5, 4.75, 6.75], "texture": "#0"},
				"up": {"uv": [6.5, 5.75, 4, 5.25], "texture": "#0"},
				"down": {"uv": [6.25, 5.25, 4.5, 5.75], "texture": "#0"}
			}
		},
		{
			"from": [7.5, 22.25, 7.75],
			"to": [9.5, 24, 8.25],
			"rotation": {"angle": 0, "axis": "y", "origin": [8, 10.75, 8]},
			"faces": {
				"north": {"uv": [1, 1.75, 2, 2.5], "texture": "#0"},
				"east": {"uv": [4.25, 5.25, 4.75, 7.75], "texture": "#0"},
				"south": {"uv": [4.5, 1.75, 5.5, 2.5], "texture": "#0"},
				"west": {"uv": [4.25, 5, 4.75, 6.75], "texture": "#0"},
				"up": {"uv": [6.5, 5.75, 4, 5.25], "texture": "#0"},
				"down": {"uv": [6.25, 5.25, 4.5, 5.75], "texture": "#0"}
			}
		},
		{
			"from": [6.5, 23.25, 7.75],
			"to": [7, 24, 8.25],
			"rotation": {"angle": 0, "axis": "y", "origin": [8, 10.75, 8]},
			"faces": {
				"north": {"uv": [5.25, 1.75, 5.5, 2], "texture": "#0"},
				"east": {"uv": [4.25, 5.25, 4.75, 7.75], "texture": "#0"},
				"south": {"uv": [4, 1.75, 4.25, 2], "texture": "#0"},
				"west": {"uv": [4.25, 5, 4.75, 6.75], "texture": "#0"},
				"up": {"uv": [6.5, 5.75, 4, 5.25], "texture": "#0"},
				"down": {"uv": [6.25, 5.25, 4.5, 5.75], "texture": "#0"}
			}
		},
		{
			"from": [7, 22.75, 7.75],
			"to": [7.5, 25.25, 8.25],
			"rotation": {"angle": 0, "axis": "y", "origin": [8, 10.75, 8]},
			"faces": {
				"north": {"uv": [5, 1.25, 5.25, 2.25], "texture": "#0"},
				"east": {"uv": [4.25, 5.25, 4.75, 7.75], "texture": "#0"},
				"south": {"uv": [4.25, 1.25, 4.5, 2.25], "texture": "#0"},
				"west": {"uv": [4.25, 5, 4.75, 6.75], "texture": "#0"},
				"up": {"uv": [6.5, 5.75, 4, 5.25], "texture": "#0"},
				"down": {"uv": [6.25, 5.25, 4.5, 5.75], "texture": "#0"}
			}
		},
		{
			"from": [8.5, 24, 7.75],
			"to": [9, 25.25, 8.25],
			"rotation": {"angle": 0, "axis": "y", "origin": [8, 10.75, 8]},
			"faces": {
				"north": {"uv": [2, 1.25, 2.25, 1.75], "texture": "#0"},
				"east": {"uv": [4.25, 5.25, 4.75, 7.75], "texture": "#0"},
				"south": {"uv": [5, 1.25, 5.25, 1.75], "texture": "#0"},
				"west": {"uv": [4.25, 5, 4.75, 6.75], "texture": "#0"},
				"up": {"uv": [6.5, 5.75, 4, 5.25], "texture": "#0"},
				"down": {"uv": [6.25, 5.25, 4.5, 5.75], "texture": "#0"}
			}
		},
		{
			"from": [7.5, 24, 7.75],
			"to": [8.5, 26.5, 8.25],
			"rotation": {"angle": 0, "axis": "y", "origin": [8, 10.75, 8]},
			"faces": {
				"north": {"uv": [1.5, 0.75, 2, 2], "texture": "#0"},
				"east": {"uv": [4.25, 5.25, 4.75, 7.75], "texture": "#0"},
				"south": {"uv": [4.5, 0.75, 5, 1.75], "texture": "#0"},
				"west": {"uv": [4.25, 5, 4.75, 6.75], "texture": "#0"},
				"up": {"uv": [6.5, 5.75, 4, 5.25], "texture": "#0"},
				"down": {"uv": [6.25, 5.25, 4.5, 5.75], "texture": "#0"}
			}
		},
		{
			"from": [8.75, 7.5, 7],
			"to": [10, 11, 9],
			"rotation": {"angle": -22.5, "axis": "z", "origin": [8, 10, 8]},
			"faces": {
				"north": {"uv": [4, 8, 4.5, 9.5], "texture": "#0"},
				"east": {"uv": [3, 8, 4, 9.5], "texture": "#0"},
				"south": {"uv": [5.5, 8, 6, 9.5], "texture": "#0"},
				"west": {"uv": [4.5, 8, 5.5, 9.5], "texture": "#0"},
				"up": {"uv": [4.5, 8, 4, 7], "texture": "#0"},
				"down": {"uv": [5, 7, 4.5, 8], "texture": "#0"}
			}
		},
		{
			"from": [6.70485, 7.51136, 7],
			"to": [8.20485, 11.51136, 9],
			"rotation": {"angle": 22.5, "axis": "z", "origin": [9.08071, 9.01376, 7.99639]},
			"faces": {
				"north": {"uv": [5, 5, 5.5, 7], "texture": "#0"},
				"east": {"uv": [4, 5, 5, 7], "texture": "#0"},
				"south": {"uv": [6.5, 5, 7, 7], "texture": "#0"},
				"west": {"uv": [5.5, 5, 6.5, 7], "texture": "#0"},
				"up": {"uv": [5.5, 5, 5, 4], "texture": "#0"},
				"down": {"uv": [6, 4, 5.5, 5], "texture": "#0"}
			}
		},
		{
			"from": [8.25, 9, 6.75],
			"to": [10.5, 11.25, 9.25],
			"rotation": {"angle": -22.5, "axis": "z", "origin": [8, 10, 8]},
			"faces": {
				"north": {"uv": [7, 1, 8, 2], "texture": "#0"},
				"east": {"uv": [6, 1, 7, 2], "texture": "#0"},
				"south": {"uv": [9, 1, 10, 2], "texture": "#0"},
				"west": {"uv": [8, 1, 9, 2], "texture": "#0"},
				"up": {"uv": [8, 1, 7, 0], "texture": "#0"},
				"down": {"uv": [9, 0, 8, 1], "texture": "#0"}
			}
		},
		{
			"from": [5.49877, 9.75401, 6.75],
			"to": [7.99877, 12.25401, 9.25],
			"rotation": {"angle": 22.5, "axis": "z", "origin": [9.49615, 11.00575, 7.99914]},
			"faces": {
				"north": {"uv": [7, 7, 8, 8], "texture": "#0"},
				"east": {"uv": [6, 7, 7, 8], "texture": "#0"},
				"south": {"uv": [9, 7, 10, 8], "texture": "#0"},
				"west": {"uv": [8, 7, 9, 8], "texture": "#0"},
				"up": {"uv": [8, 7, 7, 6], "texture": "#0"},
				"down": {"uv": [9, 6, 8, 7], "texture": "#0"}
			}
		},
		{
			"from": [7.24529, 13.75401, 3.87677],
			"to": [7.24529, 16.25401, 6.37677],
			"rotation": {"angle": 45, "axis": "y", "origin": [9.49615, 11.00575, 7.87414]},
			"faces": {
				"north": {"uv": [1, 9, 1.5, 10], "texture": "#0"},
				"east": {"uv": [0, 9, 1, 10], "texture": "#0"},
				"south": {"uv": [2.5, 9, 3, 10], "texture": "#0"},
				"west": {"uv": [1.5, 9, 2.5, 10], "texture": "#0"},
				"up": {"uv": [1.5, 9, 1, 8], "texture": "#0"},
				"down": {"uv": [2, 8, 1.5, 9], "texture": "#0"}
			}
		},
		{
			"from": [11.04562, 21.21825, 8.125],
			"to": [13.54562, 23.71825, 8.125],
			"rotation": {"angle": -45, "axis": "z", "origin": [12.28907, 25.74339, 10.14718]},
			"faces": {
				"north": {"uv": [0, 9, 1, 10], "rotation": 270, "texture": "#0"},
				"east": {"uv": [1.5, 9, 1, 8], "texture": "#0"},
				"south": {"uv": [1.5, 9, 2.5, 10], "rotation": 90, "texture": "#0"},
				"west": {"uv": [2, 8, 1.5, 9], "rotation": 180, "texture": "#0"},
				"up": {"uv": [1, 9, 1.5, 10], "rotation": 90, "texture": "#0"},
				"down": {"uv": [2.5, 9, 3, 10], "rotation": 90, "texture": "#0"}
			}
		},
		{
			"from": [5.24877, 0.75401, 9],
			"to": [7.74877, 3.25401, 9],
			"rotation": {"angle": -22.5, "axis": "y", "origin": [9.49615, 11.00575, 7.99914]},
			"faces": {
				"north": {"uv": [0, 9, 1, 10], "texture": "#0"},
				"east": {"uv": [2.5, 9, 3, 10], "texture": "#0"},
				"south": {"uv": [1.5, 9, 2.5, 10], "texture": "#0"},
				"west": {"uv": [1, 9, 1.5, 10], "texture": "#0"},
				"up": {"uv": [1.5, 9, 1, 8], "rotation": 270, "texture": "#0"},
				"down": {"uv": [2, 8, 1.5, 9], "rotation": 90, "texture": "#0"}
			}
		},
		{
			"from": [10.49877, 6.75401, 8.25],
			"to": [12.99877, 9.25401, 8.25],
			"rotation": {"angle": -22.5, "axis": "z", "origin": [9.49615, 11.00575, 7.99914]},
			"faces": {
				"north": {"uv": [8.5, 8.5, 9.5, 9.5], "texture": "#0"},
				"east": {"uv": [8, 8.5, 8.5, 9.5], "texture": "#0"},
				"south": {"uv": [10, 8.5, 11, 9.5], "texture": "#0"},
				"west": {"uv": [9.5, 8.5, 10, 9.5], "texture": "#0"},
				"up": {"uv": [9.5, 8.5, 8.5, 8], "texture": "#0"},
				"down": {"uv": [10.5, 8, 9.5, 8.5], "texture": "#0"}
			}
		}
	],
	"display": {
		"thirdperson_righthand": {
			"rotation": [65, -90, 55],
			"translation": [0, 2.75, 2.25],
			"scale": [0.85, 0.85, 0.85]
		},
		"firstperson_righthand": {
			"rotation": [23, -90, 25],
			"translation": [1.13, 3.2, 1.13],
			"scale": [0.68, 0.68, 0.68]
		},
		"ground": {
			"rotation": [42.25, 0, 0],
			"translation": [0, 2, 0],
			"scale": [0.6, 0.6, 0.6]
		},
		"gui": {
			"rotation": [39, 16, -42],
			"translation": [-2, -2.25, 0],
			"scale": [0.8, 0.8, 0.8]
		}
	}
}