{
	"credit": "Made with Blockbench",
	"textures": {
		"0": "item/wearables/dayofthedead",
		"particle": "item/wearables/dayofthedead"
	},
	"elements": [
		{
			"from": [-0.75, 7, 0],
			"to": [16.75, 10, 16.75],
			"faces": {
				"north": {"uv": [2.125, 2.125, 4.375, 2.5], "texture": "#0"},
				"east": {"uv": [0, 2.125, 2.125, 2.5], "texture": "#0"},
				"south": {"uv": [6.5, 2.125, 8.75, 2.5], "texture": "#0"},
				"west": {"uv": [4.375, 2.125, 6.5, 2.5], "texture": "#0"},
				"up": {"uv": [4.375, 2.125, 2.125, 0], "texture": "#0"},
				"down": {"uv": [6.625, 0, 4.375, 2.125], "texture": "#0"}
			}
		},
		{
			"from": [-1.25, 4.5, -0.5],
			"to": [17.25, 16.5, 4.75],
			"faces": {
				"north": {"uv": [0.625, 3.125, 2.875, 4.625], "texture": "#0"},
				"east": {"uv": [0, 3.125, 0.625, 4.625], "texture": "#0"},
				"south": {"uv": [3.5, 3.125, 5.75, 4.625], "texture": "#0"},
				"west": {"uv": [2.875, 3.125, 3.5, 4.625], "texture": "#0"},
				"up": {"uv": [2.875, 3.125, 0.625, 2.5], "texture": "#0"},
				"down": {"uv": [5.125, 2.5, 2.875, 3.125], "texture": "#0"}
			}
		},
		{
			"from": [0.25, 0, -0.25],
			"to": [15.75, 16, 3],
			"faces": {
				"north": {"uv": [0.375, 6.25, 2.625, 7.75], "texture": "#0"},
				"east": {"uv": [0.625, 6.625, 1.25, 8.125], "texture": "#0"},
				"south": {"uv": [0.75, 6.25, 3, 7.75], "texture": "#0"},
				"west": {"uv": [1.125, 6.875, 1.75, 8.375], "texture": "#0"},
				"up": {"uv": [2.5, 6.875, 0.25, 6.25], "texture": "#0"},
				"down": {"uv": [2.875, 7.125, 0.625, 7.75], "texture": "#0"}
			}
		},
		{
			"from": [-0.25, -0.5, -0.5],
			"to": [16.25, 4.5, 4.75],
			"faces": {
				"north": {"uv": [0.625, 5.25, 2.625, 5.875], "texture": "#0"},
				"east": {"uv": [0, 5.25, 0.625, 5.875], "texture": "#0"},
				"south": {"uv": [3.25, 5.25, 5.25, 5.875], "texture": "#0"},
				"west": {"uv": [2.625, 5.25, 3.25, 5.875], "texture": "#0"},
				"up": {"uv": [2.625, 5.25, 0.625, 4.625], "texture": "#0"},
				"down": {"uv": [4.625, 4.625, 2.625, 5.25], "texture": "#0"}
			}
		}
	],
	"display": {
		"thirdperson_righthand": {
			"translation": [0, 3, 1],
			"scale": [0.55, 0.55, 0.55]
		},
		"firstperson_righthand": {
			"rotation": [0, -90, 25],
			"translation": [1.13, 3.2, 1.13],
			"scale": [0.68, 0.68, 0.68]
		},
		"ground": {
			"translation": [0, 2, 0],
			"scale": [0.5, 0.5, 0.5]
		},
		"gui": {
			"rotation": [0, -156, 0],
			"scale": [0.7, 0.7, 0.7]
		},
		"head": {
			"translation": [0, 0, -0.25],
			"scale": [0.91, 0.91, 0.91]
		}
	}
}