{
	"credit": "Made with Blockbench",
	"textures": {
		"0": "item/wearables/halo",
		"particle": "item/wearables/halo"
	},
	"elements": [
		{
			"from": [5.5, 21, 0.5],
			"to": [10.5, 23, 3.5],
			"faces": {
				"north": {"uv": [1.5, 4, 4, 5], "texture": "#0"},
				"east": {"uv": [0, 4, 1.5, 5], "texture": "#0"},
				"south": {"uv": [5.5, 4, 8, 5], "texture": "#0"},
				"west": {"uv": [4, 4, 5.5, 5], "texture": "#0"},
				"up": {"uv": [4, 4, 1.5, 2.5], "texture": "#0"},
				"down": {"uv": [6.5, 2.5, 4, 4], "texture": "#0"}
			}
		},
		{
			"from": [5.5, 21, 12.5],
			"to": [10.5, 23, 15.5],
			"faces": {
				"north": {"uv": [1.5, 1.5, 4, 2.5], "texture": "#0"},
				"east": {"uv": [0, 1.5, 1.5, 2.5], "texture": "#0"},
				"south": {"uv": [5.5, 1.5, 8, 2.5], "texture": "#0"},
				"west": {"uv": [4, 1.5, 5.5, 2.5], "texture": "#0"},
				"up": {"uv": [4, 1.5, 1.5, 0], "texture": "#0"},
				"down": {"uv": [6.5, 0, 4, 1.5], "texture": "#0"}
			}
		},
		{
			"from": [12.5, 21, 5.5],
			"to": [15.5, 23, 8.5],
			"faces": {
				"north": {"uv": [6, 7.5, 7.5, 8.5], "texture": "#0"},
				"east": {"uv": [4.5, 7.5, 6, 8.5], "texture": "#0"},
				"south": {"uv": [9, 7.5, 10.5, 8.5], "texture": "#0"},
				"west": {"uv": [7.5, 7.5, 9, 8.5], "texture": "#0"},
				"up": {"uv": [7.5, 7.5, 6, 6], "texture": "#0"},
				"down": {"uv": [9, 6, 7.5, 7.5], "texture": "#0"}
			}
		},
		{
			"from": [12.5, 21, 8.5],
			"to": [15.5, 23, 10.5],
			"faces": {
				"north": {"uv": [8, 2.5, 9.5, 3.5], "texture": "#0"},
				"east": {"uv": [7, 2.5, 8, 3.5], "texture": "#0"},
				"south": {"uv": [10.5, 2.5, 12, 3.5], "texture": "#0"},
				"west": {"uv": [9.5, 2.5, 10.5, 3.5], "texture": "#0"},
				"up": {"uv": [9.5, 2.5, 8, 1.5], "texture": "#0"},
				"down": {"uv": [11, 1.5, 9.5, 2.5], "texture": "#0"}
			}
		},
		{
			"from": [0.5, 21, 5.5],
			"to": [3.5, 23, 8.5],
			"faces": {
				"north": {"uv": [1.5, 6.5, 3, 7.5], "texture": "#0"},
				"east": {"uv": [0, 6.5, 1.5, 7.5], "texture": "#0"},
				"south": {"uv": [4.5, 6.5, 6, 7.5], "texture": "#0"},
				"west": {"uv": [3, 6.5, 4.5, 7.5], "texture": "#0"},
				"up": {"uv": [3, 6.5, 1.5, 5], "texture": "#0"},
				"down": {"uv": [4.5, 5, 3, 6.5], "texture": "#0"}
			}
		},
		{
			"from": [0.5, 21, 8.5],
			"to": [3.5, 23, 10.5],
			"faces": {
				"north": {"uv": [5, 9.5, 6.5, 10.5], "texture": "#0"},
				"east": {"uv": [4, 9.5, 5, 10.5], "texture": "#0"},
				"south": {"uv": [7.5, 9.5, 9, 10.5], "texture": "#0"},
				"west": {"uv": [6.5, 9.5, 7.5, 10.5], "texture": "#0"},
				"up": {"uv": [6.5, 9.5, 5, 8.5], "texture": "#0"},
				"down": {"uv": [8, 8.5, 6.5, 9.5], "texture": "#0"}
			}
		},
		{
			"from": [3.5, 21, 1.5],
			"to": [5.5, 23, 3.5],
			"faces": {
				"north": {"uv": [12, 1, 13, 2], "texture": "#0"},
				"east": {"uv": [11, 1, 12, 2], "texture": "#0"},
				"south": {"uv": [14, 1, 15, 2], "texture": "#0"},
				"west": {"uv": [13, 1, 14, 2], "texture": "#0"},
				"up": {"uv": [13, 1, 12, 0], "texture": "#0"},
				"down": {"uv": [14, 0, 13, 1], "texture": "#0"}
			}
		},
		{
			"from": [3.5, 21, 12.5],
			"to": [5.5, 23, 14.5],
			"faces": {
				"north": {"uv": [11.5, 7, 12.5, 8], "texture": "#0"},
				"east": {"uv": [10.5, 7, 11.5, 8], "texture": "#0"},
				"south": {"uv": [13.5, 7, 14.5, 8], "texture": "#0"},
				"west": {"uv": [12.5, 7, 13.5, 8], "texture": "#0"},
				"up": {"uv": [12.5, 7, 11.5, 6], "texture": "#0"},
				"down": {"uv": [13.5, 6, 12.5, 7], "texture": "#0"}
			}
		},
		{
			"from": [10.5, 21, 1.5],
			"to": [12.5, 23, 3.5],
			"faces": {
				"north": {"uv": [9, 12, 10, 13], "texture": "#0"},
				"east": {"uv": [8, 12, 9, 13], "texture": "#0"},
				"south": {"uv": [11, 12, 12, 13], "texture": "#0"},
				"west": {"uv": [10, 12, 11, 13], "texture": "#0"},
				"up": {"uv": [10, 12, 9, 11], "texture": "#0"},
				"down": {"uv": [11, 11, 10, 12], "texture": "#0"}
			}
		},
		{
			"from": [10.5, 21, 12.5],
			"to": [12.5, 23, 14.5],
			"faces": {
				"north": {"uv": [5, 11.5, 6, 12.5], "texture": "#0"},
				"east": {"uv": [4, 11.5, 5, 12.5], "texture": "#0"},
				"south": {"uv": [7, 11.5, 8, 12.5], "texture": "#0"},
				"west": {"uv": [6, 11.5, 7, 12.5], "texture": "#0"},
				"up": {"uv": [6, 11.5, 5, 10.5], "texture": "#0"},
				"down": {"uv": [7, 10.5, 6, 11.5], "texture": "#0"}
			}
		},
		{
			"from": [11.5, 21, 3.5],
			"to": [14.5, 23, 5.5],
			"faces": {
				"north": {"uv": [1, 10.5, 2.5, 11.5], "texture": "#0"},
				"east": {"uv": [0, 10.5, 1, 11.5], "texture": "#0"},
				"south": {"uv": [3.5, 10.5, 5, 11.5], "texture": "#0"},
				"west": {"uv": [2.5, 10.5, 3.5, 11.5], "texture": "#0"},
				"up": {"uv": [2.5, 10.5, 1, 9.5], "texture": "#0"},
				"down": {"uv": [4, 9.5, 2.5, 10.5], "texture": "#0"}
			}
		},
		{
			"from": [11.5, 21, 10.5],
			"to": [14.5, 23, 12.5],
			"faces": {
				"north": {"uv": [8, 5, 9.5, 6], "texture": "#0"},
				"east": {"uv": [7, 5, 8, 6], "texture": "#0"},
				"south": {"uv": [10.5, 5, 12, 6], "texture": "#0"},
				"west": {"uv": [9.5, 5, 10.5, 6], "texture": "#0"},
				"up": {"uv": [9.5, 5, 8, 4], "texture": "#0"},
				"down": {"uv": [11, 4, 9.5, 5], "texture": "#0"}
			}
		},
		{
			"from": [1.5, 21, 3.5],
			"to": [4.5, 23, 5.5],
			"faces": {
				"north": {"uv": [10, 10, 11.5, 11], "texture": "#0"},
				"east": {"uv": [9, 10, 10, 11], "texture": "#0"},
				"south": {"uv": [12.5, 10, 14, 11], "texture": "#0"},
				"west": {"uv": [11.5, 10, 12.5, 11], "texture": "#0"},
				"up": {"uv": [11.5, 10, 10, 9], "texture": "#0"},
				"down": {"uv": [13, 9, 11.5, 10], "texture": "#0"}
			}
		},
		{
			"from": [1.5, 21, 10.5],
			"to": [4.5, 23, 12.5],
			"faces": {
				"north": {"uv": [1, 8.5, 2.5, 9.5], "texture": "#0"},
				"east": {"uv": [0, 8.5, 1, 9.5], "texture": "#0"},
				"south": {"uv": [3.5, 8.5, 5, 9.5], "texture": "#0"},
				"west": {"uv": [2.5, 8.5, 3.5, 9.5], "texture": "#0"},
				"up": {"uv": [2.5, 8.5, 1, 7.5], "texture": "#0"},
				"down": {"uv": [4, 7.5, 2.5, 8.5], "texture": "#0"}
			}
		},
		{
			"from": [12.5, 21, 2.5],
			"to": [13.5, 23, 3.5],
			"faces": {
				"north": {"uv": [4, 13, 4.5, 14], "texture": "#0"},
				"east": {"uv": [3.5, 13, 4, 14], "texture": "#0"},
				"south": {"uv": [5, 13, 5.5, 14], "texture": "#0"},
				"west": {"uv": [4.5, 13, 5, 14], "texture": "#0"},
				"up": {"uv": [4.5, 13, 4, 12.5], "texture": "#0"},
				"down": {"uv": [5, 12.5, 4.5, 13], "texture": "#0"}
			}
		},
		{
			"from": [12.5, 21, 12.5],
			"to": [13.5, 23, 13.5],
			"faces": {
				"north": {"uv": [9, 0.5, 9.5, 1.5], "texture": "#0"},
				"east": {"uv": [8.5, 0.5, 9, 1.5], "texture": "#0"},
				"south": {"uv": [10, 0.5, 10.5, 1.5], "texture": "#0"},
				"west": {"uv": [9.5, 0.5, 10, 1.5], "texture": "#0"},
				"up": {"uv": [9.5, 0.5, 9, 0], "texture": "#0"},
				"down": {"uv": [10, 0, 9.5, 0.5], "texture": "#0"}
			}
		},
		{
			"from": [2.5, 21, 2.5],
			"to": [3.5, 23, 3.5],
			"faces": {
				"north": {"uv": [12.5, 12.5, 13, 13.5], "texture": "#0"},
				"east": {"uv": [12, 12.5, 12.5, 13.5], "texture": "#0"},
				"south": {"uv": [13.5, 12.5, 14, 13.5], "texture": "#0"},
				"west": {"uv": [13, 12.5, 13.5, 13.5], "texture": "#0"},
				"up": {"uv": [13, 12.5, 12.5, 12], "texture": "#0"},
				"down": {"uv": [13.5, 12, 13, 12.5], "texture": "#0"}
			}
		},
		{
			"from": [2.5, 21, 12.5],
			"to": [3.5, 23, 13.5],
			"faces": {
				"north": {"uv": [11.5, 4, 12, 5], "texture": "#0"},
				"east": {"uv": [11, 4, 11.5, 5], "texture": "#0"},
				"south": {"uv": [12.5, 4, 13, 5], "texture": "#0"},
				"west": {"uv": [12, 4, 12.5, 5], "texture": "#0"},
				"up": {"uv": [12, 4, 11.5, 3.5], "texture": "#0"},
				"down": {"uv": [12.5, 3.5, 12, 4], "texture": "#0"}
			}
		},
		{
			"from": [10.5, 21, 3.5],
			"to": [11.5, 23, 4.5],
			"faces": {
				"north": {"uv": [12.5, 2.5, 13, 3.5], "texture": "#0"},
				"east": {"uv": [12, 2.5, 12.5, 3.5], "texture": "#0"},
				"south": {"uv": [13.5, 2.5, 14, 3.5], "texture": "#0"},
				"west": {"uv": [13, 2.5, 13.5, 3.5], "texture": "#0"},
				"up": {"uv": [13, 2.5, 12.5, 2], "texture": "#0"},
				"down": {"uv": [13.5, 2, 13, 2.5], "texture": "#0"}
			}
		},
		{
			"from": [10.5, 21, 11.5],
			"to": [11.5, 23, 12.5],
			"faces": {
				"north": {"uv": [7, 0.5, 7.5, 1.5], "texture": "#0"},
				"east": {"uv": [6.5, 0.5, 7, 1.5], "texture": "#0"},
				"south": {"uv": [8, 0.5, 8.5, 1.5], "texture": "#0"},
				"west": {"uv": [7.5, 0.5, 8, 1.5], "texture": "#0"},
				"up": {"uv": [7.5, 0.5, 7, 0], "texture": "#0"},
				"down": {"uv": [8, 0, 7.5, 0.5], "texture": "#0"}
			}
		},
		{
			"from": [4.5, 21, 3.5],
			"to": [5.5, 23, 4.5],
			"faces": {
				"north": {"uv": [2.5, 12, 3, 13], "texture": "#0"},
				"east": {"uv": [2, 12, 2.5, 13], "texture": "#0"},
				"south": {"uv": [3.5, 12, 4, 13], "texture": "#0"},
				"west": {"uv": [3, 12, 3.5, 13], "texture": "#0"},
				"up": {"uv": [3, 12, 2.5, 11.5], "texture": "#0"},
				"down": {"uv": [3.5, 11.5, 3, 12], "texture": "#0"}
			}
		},
		{
			"from": [4.5, 21, 11.5],
			"to": [5.5, 23, 12.5],
			"faces": {
				"north": {"uv": [0.5, 12, 1, 13], "texture": "#0"},
				"east": {"uv": [0, 12, 0.5, 13], "texture": "#0"},
				"south": {"uv": [1.5, 12, 2, 13], "texture": "#0"},
				"west": {"uv": [1, 12, 1.5, 13], "texture": "#0"},
				"up": {"uv": [1, 12, 0.5, 11.5], "texture": "#0"},
				"down": {"uv": [1.5, 11.5, 1, 12], "texture": "#0"}
			}
		}
	],
	"display": {
		"thirdperson_righthand": {
			"translation": [0, 3, 1],
			"scale": [0.55, 0.55, 0.55]
		},
		"firstperson_righthand": {
			"rotation": [0, -90, 25],
			"translation": [1.13, 3.2, 1.13],
			"scale": [0.68, 0.68, 0.68]
		},
		"ground": {
			"translation": [0, 2, 0],
			"scale": [0.5, 0.5, 0.5]
		},
		"gui": {
			"rotation": [35, -93, 0],
			"translation": [0, -11.25, 0]
		},
		"head": {
			"scale": [0.91, 0.91, 0.91]
		}
	}
}