{
	"credit": "Made with Blockbench",
	"textures": {
		"0": "item/wearables/horse",
		"particle": "item/wearables/horse"
	},
	"elements": [
		{
			"from": [0, -4, 0],
			"to": [16, 13, 16],
			"faces": {
				"north": {"uv": [2, 5.375, 4, 7.5], "texture": "#0"},
				"east": {"uv": [0, 5.375, 2, 7.5], "texture": "#0"},
				"south": {"uv": [6, 5.375, 8, 7.5], "texture": "#0"},
				"west": {"uv": [4, 5.375, 6, 7.5], "texture": "#0"},
				"up": {"uv": [4, 5.375, 2, 3.375], "texture": "#0"},
				"down": {"uv": [6, 3.375, 4, 5.375], "texture": "#0"}
			}
		},
		{
			"from": [-1, -6, -1],
			"to": [17, 4, 16.5],
			"faces": {
				"north": {"uv": [2.125, 2.125, 4.375, 3.375], "texture": "#0"},
				"east": {"uv": [0, 2.125, 2.125, 3.375], "texture": "#0"},
				"south": {"uv": [6.5, 2.125, 8.75, 3.375], "texture": "#0"},
				"west": {"uv": [4.375, 2.125, 6.5, 3.375], "texture": "#0"},
				"up": {"uv": [4.375, 2.125, 2.125, 0], "texture": "#0"},
				"down": {"uv": [6.625, 0, 4.375, 2.125], "texture": "#0"}
			}
		},
		{
			"from": [0, -6, 16],
			"to": [16, 6, 17.5],
			"faces": {
				"north": {"uv": [11.75, 8.875, 13.75, 10.375], "texture": "#0"},
				"east": {"uv": [11.625, 8.875, 11.75, 10.375], "texture": "#0"},
				"south": {"uv": [13.875, 8.875, 15.875, 10.375], "texture": "#0"},
				"west": {"uv": [13.75, 8.875, 13.875, 10.375], "texture": "#0"},
				"up": {"uv": [13.75, 8.875, 11.75, 8.75], "texture": "#0"},
				"down": {"uv": [15.75, 8.75, 13.75, 8.875], "texture": "#0"}
			}
		},
		{
			"from": [4, -5.75, 17],
			"to": [12, 6, 20.5],
			"faces": {
				"north": {"uv": [11, 12.5, 12, 14], "texture": "#0"},
				"east": {"uv": [10.625, 12.5, 11, 14], "texture": "#0"},
				"south": {"uv": [12.375, 12.5, 13.375, 14], "texture": "#0"},
				"west": {"uv": [12, 12.5, 12.375, 14], "texture": "#0"},
				"up": {"uv": [12, 12.5, 11, 12.125], "texture": "#0"},
				"down": {"uv": [13, 12.125, 12, 12.5], "texture": "#0"}
			}
		},
		{
			"from": [4, 6, 16],
			"to": [12, 17, 19.5],
			"faces": {
				"north": {"uv": [13.125, 1.375, 14.125, 2.75], "texture": "#0"},
				"east": {"uv": [12.75, 1.375, 13.125, 2.75], "texture": "#0"},
				"south": {"uv": [14.5, 1.375, 15.5, 2.75], "texture": "#0"},
				"west": {"uv": [14.125, 1.375, 14.5, 2.75], "texture": "#0"},
				"up": {"uv": [14.125, 1.375, 13.125, 1], "texture": "#0"},
				"down": {"uv": [15.125, 1, 14.125, 1.375], "texture": "#0"}
			}
		},
		{
			"from": [4.25, 15, 12],
			"to": [11.75, 19, 18.5],
			"faces": {
				"north": {"uv": [7.25, 13.5, 8.125, 14], "texture": "#0"},
				"east": {"uv": [6.5, 13.5, 7.25, 14], "texture": "#0"},
				"south": {"uv": [8.875, 13.5, 9.75, 14], "texture": "#0"},
				"west": {"uv": [8.125, 13.5, 8.875, 14], "texture": "#0"},
				"up": {"uv": [8.125, 13.5, 7.25, 12.75], "texture": "#0"},
				"down": {"uv": [9, 12.75, 8.125, 13.5], "texture": "#0"}
			}
		},
		{
			"from": [4.5, 16, 7],
			"to": [11.5, 20, 17.5],
			"faces": {
				"north": {"uv": [11.625, 11.625, 12.5, 12.125], "texture": "#0"},
				"east": {"uv": [10.375, 11.625, 11.625, 12.125], "texture": "#0"},
				"south": {"uv": [13.75, 11.625, 14.625, 12.125], "texture": "#0"},
				"west": {"uv": [12.5, 11.625, 13.75, 12.125], "texture": "#0"},
				"up": {"uv": [12.5, 11.625, 11.625, 10.375], "texture": "#0"},
				"down": {"uv": [13.375, 10.375, 12.5, 11.625], "texture": "#0"}
			}
		},
		{
			"from": [-0.25, 7, 2],
			"to": [16.25, 16, 15.25],
			"faces": {
				"north": {"uv": [8.75, 3.375, 10.75, 4.5], "texture": "#0"},
				"east": {"uv": [7.125, 3.375, 8.75, 4.5], "texture": "#0"},
				"south": {"uv": [12.375, 3.375, 14.375, 4.5], "texture": "#0"},
				"west": {"uv": [10.75, 3.375, 12.375, 4.5], "texture": "#0"},
				"up": {"uv": [10.75, 3.375, 8.75, 1.75], "texture": "#0"},
				"down": {"uv": [12.75, 1.75, 10.75, 3.375], "texture": "#0"}
			}
		},
		{
			"from": [-2.5, 13.5, 12],
			"to": [2.5, 22.5, 15],
			"rotation": {"angle": 22.5, "axis": "z", "origin": [4.52437, 20.12617, 15.20121]},
			"faces": {
				"north": {"uv": [0.375, 0.375, 1, 1.5], "texture": "#0"},
				"east": {"uv": [0, 0.375, 0.375, 1.5], "texture": "#0"},
				"south": {"uv": [1.375, 0.375, 2, 1.5], "texture": "#0"},
				"west": {"uv": [1, 0.375, 1.375, 1.5], "texture": "#0"},
				"up": {"uv": [1, 0.375, 0.375, 0], "texture": "#0"},
				"down": {"uv": [1.625, 0, 1, 0.375], "texture": "#0"}
			}
		},
		{
			"from": [13.5, 13.5, 12],
			"to": [18.5, 22.5, 15],
			"rotation": {"angle": -22.5, "axis": "z", "origin": [11.47563, 20.12617, 15.20121]},
			"faces": {
				"north": {"uv": [0.375, 3.75, 1, 4.875], "texture": "#0"},
				"east": {"uv": [0, 3.75, 0.375, 4.875], "texture": "#0"},
				"south": {"uv": [1.375, 3.75, 2, 4.875], "texture": "#0"},
				"west": {"uv": [1, 3.75, 1.375, 4.875], "texture": "#0"},
				"up": {"uv": [1, 3.75, 0.375, 3.375], "texture": "#0"},
				"down": {"uv": [1.625, 3.375, 1, 3.75], "texture": "#0"}
			}
		},
		{
			"from": [-1.5, 21.19319, 12.38193],
			"to": [1.5, 25.19319, 15.38193],
			"rotation": {"angle": 22.5, "axis": "z", "origin": [4.52437, 20.12617, 15.20121]},
			"faces": {
				"north": {"uv": [0.375, 10.5, 0.75, 11], "texture": "#0"},
				"east": {"uv": [0, 10.5, 0.375, 11], "texture": "#0"},
				"south": {"uv": [1.125, 10.5, 1.5, 11], "texture": "#0"},
				"west": {"uv": [0.75, 10.5, 1.125, 11], "texture": "#0"},
				"up": {"uv": [0.75, 10.5, 0.375, 10.125], "texture": "#0"},
				"down": {"uv": [1.125, 10.125, 0.75, 10.5], "texture": "#0"}
			}
		},
		{
			"from": [14.5, 21.19319, 12.38193],
			"to": [17.5, 25.19319, 15.38193],
			"rotation": {"angle": -22.5, "axis": "z", "origin": [11.47563, 20.12617, 15.20121]},
			"faces": {
				"north": {"uv": [0.375, 7.875, 0.75, 8.375], "texture": "#0"},
				"east": {"uv": [0, 7.875, 0.375, 8.375], "texture": "#0"},
				"south": {"uv": [1.125, 7.875, 1.5, 8.375], "texture": "#0"},
				"west": {"uv": [0.75, 7.875, 1.125, 8.375], "texture": "#0"},
				"up": {"uv": [0.75, 7.875, 0.375, 7.5], "texture": "#0"},
				"down": {"uv": [1.125, 7.5, 0.75, 7.875], "texture": "#0"}
			}
		},
		{
			"from": [1, 8, 3],
			"to": [15, 17, 14],
			"faces": {
				"north": {"uv": [6.75, 10.125, 8.5, 11.25], "texture": "#0"},
				"east": {"uv": [5.375, 10.125, 6.75, 11.25], "texture": "#0"},
				"south": {"uv": [9.875, 10.125, 11.625, 11.25], "texture": "#0"},
				"west": {"uv": [8.5, 10.125, 9.875, 11.25], "texture": "#0"},
				"up": {"uv": [8.5, 10.125, 6.75, 8.75], "texture": "#0"},
				"down": {"uv": [10.25, 8.75, 8.5, 10.125], "texture": "#0"}
			}
		},
		{
			"from": [1, 7, 3],
			"to": [15, 15, 16.25],
			"faces": {
				"north": {"uv": [1.625, 9.125, 3.375, 10.125], "texture": "#0"},
				"east": {"uv": [0, 9.125, 1.625, 10.125], "texture": "#0"},
				"south": {"uv": [5, 9.125, 6.75, 10.125], "texture": "#0"},
				"west": {"uv": [3.375, 9.125, 5, 10.125], "texture": "#0"},
				"up": {"uv": [3.375, 9.125, 1.625, 7.5], "texture": "#0"},
				"down": {"uv": [5.125, 7.5, 3.375, 9.125], "texture": "#0"}
			}
		},
		{
			"from": [0.5, 7, -9],
			"to": [15.5, 11, 3.75],
			"rotation": {"angle": -22.5, "axis": "x", "origin": [8.5, -2, 8]},
			"faces": {
				"north": {"uv": [1.5, 11.625, 3.375, 12.125], "texture": "#0"},
				"east": {"uv": [0, 11.625, 1.5, 12.125], "texture": "#0"},
				"south": {"uv": [4.875, 11.625, 6.75, 12.125], "texture": "#0"},
				"west": {"uv": [3.375, 11.625, 4.875, 12.125], "texture": "#0"},
				"up": {"uv": [3.375, 11.625, 1.5, 10.125], "texture": "#0"},
				"down": {"uv": [5.25, 10.125, 3.375, 11.625], "texture": "#0"}
			}
		},
		{
			"from": [1.75, 8, -11],
			"to": [3, 12, 1.75],
			"rotation": {"angle": -22.5, "axis": "x", "origin": [8.5, -2, 8]},
			"faces": {
				"north": {"uv": [4.75, 13.625, 4.875, 14.125], "texture": "#0"},
				"east": {"uv": [3.25, 13.625, 4.75, 14.125], "texture": "#0"},
				"south": {"uv": [6.375, 13.625, 6.5, 14.125], "texture": "#0"},
				"west": {"uv": [4.875, 13.625, 6.375, 14.125], "texture": "#0"},
				"up": {"uv": [4.875, 13.625, 4.75, 12.125], "texture": "#0"},
				"down": {"uv": [5, 12.125, 4.875, 13.625], "texture": "#0"}
			}
		},
		{
			"from": [13, 8, -11],
			"to": [14.25, 12, 1.75],
			"rotation": {"angle": -22.5, "axis": "x", "origin": [8.5, -2, 8]},
			"faces": {
				"north": {"uv": [1.5, 13.625, 1.625, 14.125], "texture": "#0"},
				"east": {"uv": [0, 13.625, 1.5, 14.125], "texture": "#0"},
				"south": {"uv": [3.125, 13.625, 3.25, 14.125], "texture": "#0"},
				"west": {"uv": [1.625, 13.625, 3.125, 14.125], "texture": "#0"},
				"up": {"uv": [1.625, 13.625, 1.5, 12.125], "texture": "#0"},
				"down": {"uv": [1.75, 12.125, 1.625, 13.625], "texture": "#0"}
			}
		},
		{
			"from": [2.75, 8, -11],
			"to": [13, 12, -9.25],
			"rotation": {"angle": -22.5, "axis": "x", "origin": [8.5, -2, 8]},
			"faces": {
				"north": {"uv": [6.125, 4.625, 7.375, 5.125], "texture": "#0"},
				"east": {"uv": [6, 4.625, 6.125, 5.125], "texture": "#0"},
				"south": {"uv": [7.5, 4.625, 8.75, 5.125], "texture": "#0"},
				"west": {"uv": [7.375, 4.625, 7.5, 5.125], "texture": "#0"},
				"up": {"uv": [7.375, 4.625, 6.125, 4.5], "texture": "#0"},
				"down": {"uv": [8.625, 4.5, 7.375, 4.625], "texture": "#0"}
			}
		},
		{
			"from": [0.5, 8, -14.25],
			"to": [15.5, 14, 3],
			"faces": {
				"north": {"uv": [8, 8, 9.875, 8.75], "texture": "#0"},
				"east": {"uv": [5.875, 8, 8, 8.75], "texture": "#0"},
				"south": {"uv": [12, 8, 13.875, 8.75], "texture": "#0"},
				"west": {"uv": [9.875, 8, 12, 8.75], "texture": "#0"},
				"up": {"uv": [9.875, 8, 8, 5.875], "texture": "#0"},
				"down": {"uv": [11.75, 5.875, 9.875, 8], "texture": "#0"}
			}
		},
		{
			"from": [13.5, 7, -15.25],
			"to": [14.5, 9, -6],
			"faces": {
				"north": {"uv": [9.75, 14, 9.875, 14.25], "texture": "#0"},
				"east": {"uv": [8.625, 14, 9.75, 14.25], "texture": "#0"},
				"south": {"uv": [11, 14, 11.125, 14.25], "texture": "#0"},
				"west": {"uv": [9.875, 14, 11, 14.25], "texture": "#0"},
				"up": {"uv": [9.875, 14, 9.75, 12.875], "texture": "#0"},
				"down": {"uv": [10, 12.875, 9.875, 14], "texture": "#0"}
			}
		},
		{
			"from": [1.5, 7, -15.25],
			"to": [2.5, 9, -6],
			"faces": {
				"north": {"uv": [2.875, 13.25, 3, 13.5], "texture": "#0"},
				"east": {"uv": [1.75, 13.25, 2.875, 13.5], "texture": "#0"},
				"south": {"uv": [4.125, 13.25, 4.25, 13.5], "texture": "#0"},
				"west": {"uv": [3, 13.25, 4.125, 13.5], "texture": "#0"},
				"up": {"uv": [3, 13.25, 2.875, 12.125], "texture": "#0"},
				"down": {"uv": [3.125, 12.125, 3, 13.25], "texture": "#0"}
			}
		},
		{
			"from": [2.5, 7, -15.25],
			"to": [13.5, 9, -14],
			"faces": {
				"north": {"uv": [6.75, 1.5, 8.125, 1.75], "texture": "#0"},
				"east": {"uv": [6.625, 1.5, 6.75, 1.75], "texture": "#0"},
				"south": {"uv": [8.25, 1.5, 9.625, 1.75], "texture": "#0"},
				"west": {"uv": [8.125, 1.5, 8.25, 1.75], "texture": "#0"},
				"up": {"uv": [8.125, 1.5, 6.75, 1.375], "texture": "#0"},
				"down": {"uv": [9.5, 1.375, 8.125, 1.5], "texture": "#0"}
			}
		},
		{
			"from": [0.75, 6, -7.25],
			"to": [15.25, 8, 2],
			"faces": {
				"north": {"uv": [7.75, 1.125, 9.5, 1.375], "texture": "#0"},
				"east": {"uv": [6.625, 1.125, 7.75, 1.375], "texture": "#0"},
				"south": {"uv": [10.625, 1.125, 12.375, 1.375], "texture": "#0"},
				"west": {"uv": [9.5, 1.125, 10.625, 1.375], "texture": "#0"},
				"up": {"uv": [9.5, 1.125, 7.75, 0], "texture": "#0"},
				"down": {"uv": [11.25, 0, 9.5, 1.125], "texture": "#0"}
			}
		},
		{
			"from": [1.5, 6.5, -11.25],
			"to": [14.5, 10.5, -6.25],
			"rotation": {"angle": -22.5, "axis": "x", "origin": [8.5, -2, 8]},
			"faces": {
				"north": {"uv": [11.75, 0.5, 13.375, 1], "texture": "#0"},
				"east": {"uv": [11.25, 0.5, 11.75, 1], "texture": "#0"},
				"south": {"uv": [13.875, 0.5, 15.5, 1], "texture": "#0"},
				"west": {"uv": [13.375, 0.5, 13.875, 1], "texture": "#0"},
				"up": {"uv": [13.375, 0.5, 11.75, 0], "texture": "#0"},
				"down": {"uv": [15, 0, 13.375, 0.5], "texture": "#0"}
			}
		},
		{
			"from": [1, 8, -15.75],
			"to": [15, 12.25, -14.25],
			"faces": {
				"north": {"uv": [11.875, 7.375, 13.625, 7.875], "texture": "#0"},
				"east": {"uv": [11.75, 7.375, 11.875, 7.875], "texture": "#0"},
				"south": {"uv": [13.75, 7.375, 15.5, 7.875], "texture": "#0"},
				"west": {"uv": [13.625, 7.375, 13.75, 7.875], "texture": "#0"},
				"up": {"uv": [13.625, 7.375, 11.875, 7.25], "texture": "#0"},
				"down": {"uv": [15.375, 7.25, 13.625, 7.375], "texture": "#0"}
			}
		},
		{
			"from": [3, 12, -15.75],
			"to": [13, 14.25, -14.25],
			"faces": {
				"north": {"uv": [5.25, 7.625, 6.5, 7.875], "texture": "#0"},
				"east": {"uv": [5.125, 7.625, 5.25, 7.875], "texture": "#0"},
				"south": {"uv": [6.625, 7.625, 7.875, 7.875], "texture": "#0"},
				"west": {"uv": [6.5, 7.625, 6.625, 7.875], "texture": "#0"},
				"up": {"uv": [6.5, 7.625, 5.25, 7.5], "texture": "#0"},
				"down": {"uv": [7.75, 7.5, 6.5, 7.625], "texture": "#0"}
			}
		},
		{
			"from": [1.5, 5.75, -2],
			"to": [14.5, 11, 3.75],
			"rotation": {"angle": -22.5, "axis": "x", "origin": [8.5, -2, 8]},
			"faces": {
				"north": {"uv": [6.75, 12.125, 8.375, 12.75], "texture": "#0"},
				"east": {"uv": [6.125, 12.125, 6.75, 12.75], "texture": "#0"},
				"south": {"uv": [9, 12.125, 10.625, 12.75], "texture": "#0"},
				"west": {"uv": [8.375, 12.125, 9, 12.75], "texture": "#0"},
				"up": {"uv": [8.375, 12.125, 6.75, 11.5], "texture": "#0"},
				"down": {"uv": [10, 11.5, 8.375, 12.125], "texture": "#0"}
			}
		},
		{
			"from": [1, 9, -13.5],
			"to": [15, 14.75, -7],
			"faces": {
				"north": {"uv": [8.75, 5.25, 10.5, 5.875], "texture": "#0"},
				"east": {"uv": [8, 5.25, 8.75, 5.875], "texture": "#0"},
				"south": {"uv": [11.25, 5.25, 13, 5.875], "texture": "#0"},
				"west": {"uv": [10.5, 5.25, 11.25, 5.875], "texture": "#0"},
				"up": {"uv": [10.5, 5.25, 8.75, 4.5], "texture": "#0"},
				"down": {"uv": [12.25, 4.5, 10.5, 5.25], "texture": "#0"}
			}
		},
		{
			"from": [2, 8.25, -1.75],
			"to": [14, 14.25, 3.5],
			"rotation": {"angle": -22.5, "axis": "x", "origin": [7.96051, 12.01501, -0.6005]},
			"faces": {
				"north": {"uv": [12.375, 6.5, 13.875, 7.25], "texture": "#0"},
				"east": {"uv": [11.75, 6.5, 12.375, 7.25], "texture": "#0"},
				"south": {"uv": [14.5, 6.5, 16, 7.25], "texture": "#0"},
				"west": {"uv": [13.875, 6.5, 14.5, 7.25], "texture": "#0"},
				"up": {"uv": [13.875, 6.5, 12.375, 5.875], "texture": "#0"},
				"down": {"uv": [15.375, 5.875, 13.875, 6.5], "texture": "#0"}
			}
		}
	],
	"display": {
		"thirdperson_righthand": {
			"translation": [0, 3, 1],
			"scale": [0.55, 0.55, 0.55]
		},
		"firstperson_righthand": {
			"rotation": [0, -90, 25],
			"translation": [1.13, 3.2, 1.13],
			"scale": [0.68, 0.68, 0.68]
		},
		"ground": {
			"translation": [0, 2, 0],
			"scale": [0.5, 0.5, 0.5]
		},
		"gui": {
			"rotation": [0, -127, -12],
			"translation": [-2, 0.5, 0],
			"scale": [0.5, 0.5, 0.5]
		},
		"head": {
			"rotation": [2, 0, 0],
			"translation": [0, 1.75, 0],
			"scale": [0.91, 0.91, 0.91]
		}
	}
}