{
	"credit": "Made with Blockbench",
	"textures": {
		"0": "item/wearables/toilet",
		"particle": "item/wearables/toilet"
	},
	"elements": [
		{
			"from": [-2, -5, -3],
			"to": [18, 2, 24],
			"faces": {
				"north": {"uv": [3.375, 3.375, 5.875, 4.25], "texture": "#0"},
				"east": {"uv": [0, 3.375, 3.375, 4.25], "texture": "#0"},
				"south": {"uv": [9.25, 3.375, 11.75, 4.25], "texture": "#0"},
				"west": {"uv": [5.875, 3.375, 9.25, 4.25], "texture": "#0"},
				"up": {"uv": [5.875, 3.375, 3.375, 0], "texture": "#0"},
				"down": {"uv": [8.375, 0, 5.875, 3.375], "texture": "#0"}
			}
		},
		{
			"from": [7, -9, 16.5],
			"to": [11, -3, 20.5],
			"faces": {
				"north": {"uv": [0.5, 4.75, 1, 5.5], "texture": "#0"},
				"east": {"uv": [0, 4.75, 0.5, 5.5], "texture": "#0"},
				"south": {"uv": [1.5, 4.75, 2, 5.5], "texture": "#0"},
				"west": {"uv": [1, 4.75, 1.5, 5.5], "texture": "#0"},
				"up": {"uv": [1, 4.75, 0.5, 4.25], "texture": "#0"},
				"down": {"uv": [1.5, 4.25, 1, 4.75], "texture": "#0"}
			}
		},
		{
			"from": [4, -11, 19.5],
			"to": [6, -3, 21.5],
			"faces": {
				"north": {"uv": [7.125, 4.5, 7.375, 5.5], "texture": "#0"},
				"east": {"uv": [6.875, 4.5, 7.125, 5.5], "texture": "#0"},
				"south": {"uv": [7.625, 4.5, 7.875, 5.5], "texture": "#0"},
				"west": {"uv": [7.375, 4.5, 7.625, 5.5], "texture": "#0"},
				"up": {"uv": [7.375, 4.5, 7.125, 4.25], "texture": "#0"},
				"down": {"uv": [7.625, 4.25, 7.375, 4.5], "texture": "#0"}
			}
		},
		{
			"from": [-2, 2, 18],
			"to": [18, 26, 27],
			"faces": {
				"north": {"uv": [1.125, 8.625, 3.625, 11], "texture": "#0"},
				"east": {"uv": [0, 8.625, 1.125, 11], "texture": "#0"},
				"south": {"uv": [4.75, 8.625, 7.25, 11], "texture": "#0"},
				"west": {"uv": [3.625, 8.625, 4.75, 11], "texture": "#0"},
				"up": {"uv": [3.625, 8.625, 1.125, 7.5], "texture": "#0"},
				"down": {"uv": [6.125, 7.5, 3.625, 8.625], "texture": "#0"}
			}
		},
		{
			"from": [-2, 2, 15],
			"to": [18, 19, 17],
			"faces": {
				"north": {"uv": [7.5, 7.75, 10, 9.875], "texture": "#0"},
				"east": {"uv": [7.25, 7.75, 7.5, 9.875], "texture": "#0"},
				"south": {"uv": [10.25, 7.75, 12.75, 9.875], "texture": "#0"},
				"west": {"uv": [10, 7.75, 10.25, 9.875], "texture": "#0"},
				"up": {"uv": [10, 7.75, 7.5, 7.5], "texture": "#0"},
				"down": {"uv": [12.5, 7.5, 10, 7.75], "texture": "#0"}
			}
		},
		{
			"from": [13.5, 0, 11.5],
			"to": [17.5, 16, 13.5],
			"rotation": {"angle": -22.5, "axis": "x", "origin": [8, 10, 8]},
			"faces": {
				"north": {"uv": [1.75, 0.25, 2.25, 2.25], "texture": "#0"},
				"east": {"uv": [1.5, 0.25, 1.75, 2.25], "texture": "#0"},
				"south": {"uv": [2.5, 0.25, 3, 2.25], "texture": "#0"},
				"west": {"uv": [2.25, 0.25, 2.5, 2.25], "texture": "#0"},
				"up": {"uv": [2.25, 0.25, 1.75, 0], "texture": "#0"},
				"down": {"uv": [2.75, 0, 2.25, 0.25], "texture": "#0"}
			}
		},
		{
			"from": [-1.5, 0, 11.5],
			"to": [2.5, 16, 13.5],
			"rotation": {"angle": -22.5, "axis": "x", "origin": [8, 10, 8]},
			"faces": {
				"north": {"uv": [0.25, 0.25, 0.75, 2.25], "texture": "#0"},
				"east": {"uv": [0, 0.25, 0.25, 2.25], "texture": "#0"},
				"south": {"uv": [1, 0.25, 1.5, 2.25], "texture": "#0"},
				"west": {"uv": [0.75, 0.25, 1, 2.25], "texture": "#0"},
				"up": {"uv": [0.75, 0.25, 0.25, 0], "texture": "#0"},
				"down": {"uv": [1.25, 0, 0.75, 0.25], "texture": "#0"}
			}
		},
		{
			"from": [-1, 19, 15],
			"to": [17, 22, 17],
			"faces": {
				"north": {"uv": [7.125, 5.875, 9.375, 6.25], "texture": "#0"},
				"east": {"uv": [6.875, 5.875, 7.125, 6.25], "texture": "#0"},
				"south": {"uv": [9.625, 5.875, 11.875, 6.25], "texture": "#0"},
				"west": {"uv": [9.375, 5.875, 9.625, 6.25], "texture": "#0"},
				"up": {"uv": [9.375, 5.875, 7.125, 5.625], "texture": "#0"},
				"down": {"uv": [11.625, 5.625, 9.375, 5.875], "texture": "#0"}
			}
		},
		{
			"from": [-4, 21.75, 17.25],
			"to": [-0.25, 23.25, 18.75],
			"faces": {
				"north": {"uv": [1.375, 5.125, 1.75, 5.5], "texture": "#0"},
				"east": {"uv": [6.875, 5.875, 7.125, 6.25], "texture": "#0"},
				"south": {"uv": [0.625, 5.125, 1, 5.5], "texture": "#0"},
				"west": {"uv": [0.75, 5, 1.125, 5.375], "texture": "#0"},
				"up": {"uv": [1, 5.25, 0.625, 4.875], "texture": "#0"},
				"down": {"uv": [1.25, 5, 0.875, 5.375], "texture": "#0"}
			}
		},
		{
			"from": [12.5, 16, 11.5],
			"to": [16.5, 19, 13.5],
			"rotation": {"angle": -22.5, "axis": "x", "origin": [8, 10, 8]},
			"faces": {
				"north": {"uv": [2, 2.5, 2.5, 2.875], "texture": "#0"},
				"east": {"uv": [1.75, 2.5, 2, 2.875], "texture": "#0"},
				"south": {"uv": [2.75, 2.5, 3.25, 2.875], "texture": "#0"},
				"west": {"uv": [2.5, 2.5, 2.75, 2.875], "texture": "#0"},
				"up": {"uv": [2.5, 2.5, 2, 2.25], "texture": "#0"},
				"down": {"uv": [3, 2.25, 2.5, 2.5], "texture": "#0"}
			}
		},
		{
			"from": [-0.5, 16, 11.5],
			"to": [4.5, 19, 13.5],
			"rotation": {"angle": -22.5, "axis": "x", "origin": [8, 10, 8]},
			"faces": {
				"north": {"uv": [0.25, 2.5, 0.875, 2.875], "texture": "#0"},
				"east": {"uv": [0, 2.5, 0.25, 2.875], "texture": "#0"},
				"south": {"uv": [1.125, 2.5, 1.75, 2.875], "texture": "#0"},
				"west": {"uv": [0.875, 2.5, 1.125, 2.875], "texture": "#0"},
				"up": {"uv": [0.875, 2.5, 0.25, 2.25], "texture": "#0"},
				"down": {"uv": [1.5, 2.25, 0.875, 2.5], "texture": "#0"}
			}
		},
		{
			"from": [1, 22, 15],
			"to": [15, 24, 17],
			"faces": {
				"north": {"uv": [8.625, 0.75, 10.375, 1], "texture": "#0"},
				"east": {"uv": [8.375, 0.75, 8.625, 1], "texture": "#0"},
				"south": {"uv": [10.625, 0.75, 12.375, 1], "texture": "#0"},
				"west": {"uv": [10.375, 0.75, 10.625, 1], "texture": "#0"},
				"up": {"uv": [10.375, 0.75, 8.625, 0.5], "texture": "#0"},
				"down": {"uv": [12.125, 0.5, 10.375, 0.75], "texture": "#0"}
			}
		},
		{
			"from": [1.5, 18, 11.5],
			"to": [14.5, 21, 13.5],
			"rotation": {"angle": -22.5, "axis": "x", "origin": [8, 10, 8]},
			"faces": {
				"north": {"uv": [8.625, 1.25, 10.25, 1.625], "texture": "#0"},
				"east": {"uv": [8.375, 1.25, 8.625, 1.625], "texture": "#0"},
				"south": {"uv": [10.5, 1.25, 12.125, 1.625], "texture": "#0"},
				"west": {"uv": [10.25, 1.25, 10.5, 1.625], "texture": "#0"},
				"up": {"uv": [10.25, 1.25, 8.625, 1], "texture": "#0"},
				"down": {"uv": [11.875, 1, 10.25, 1.25], "texture": "#0"}
			}
		},
		{
			"from": [-2.5, 25.25, 17.5],
			"to": [18.5, 26.25, 27.5],
			"faces": {
				"north": {"uv": [8.125, 5.5, 10.75, 5.625], "texture": "#0"},
				"east": {"uv": [6.875, 5.5, 8.125, 5.625], "texture": "#0"},
				"south": {"uv": [12, 5.5, 14.625, 5.625], "texture": "#0"},
				"west": {"uv": [10.75, 5.5, 12, 5.625], "texture": "#0"},
				"up": {"uv": [10.75, 5.5, 8.125, 4.25], "texture": "#0"},
				"down": {"uv": [13.375, 4.25, 10.75, 5.5], "texture": "#0"}
			}
		},
		{
			"from": [-1, -7, -1],
			"to": [17, 0, 18],
			"faces": {
				"north": {"uv": [2.375, 6.625, 4.625, 7.5], "texture": "#0"},
				"east": {"uv": [0, 6.625, 2.375, 7.5], "texture": "#0"},
				"south": {"uv": [7, 6.625, 9.25, 7.5], "texture": "#0"},
				"west": {"uv": [4.625, 6.625, 7, 7.5], "texture": "#0"},
				"up": {"uv": [4.625, 6.625, 2.375, 4.25], "texture": "#0"},
				"down": {"uv": [6.875, 4.25, 4.625, 6.625], "texture": "#0"}
			}
		}
	],
	"display": {
		"thirdperson_righthand": {
			"translation": [0, 3.75, 0.75],
			"scale": [0.3, 0.3, 0.3]
		},
		"firstperson_righthand": {
			"rotation": [0, -90, 25],
			"translation": [1.13, 3.2, 1.13],
			"scale": [0.3, 0.3, 0.3]
		},
		"ground": {
			"translation": [0, 2, 0],
			"scale": [0.5, 0.5, 0.5]
		},
		"gui": {
			"rotation": [21, -151, 1],
			"translation": [1.5, -1.5, 0],
			"scale": [0.4, 0.4, 0.4]
		},
		"head": {
			"translation": [0, 0.25, -0.75],
			"scale": [0.91, 0.91, 0.91]
		}
	}
}