{
	"credit": "Made with Blockbench",
	"texture_size": [256, 256],
	"textures": {
		"0": "signs/empire_survival",
		"particle": "signs/empire_survival"
	},
	"elements": [
		{
			"from": [-11, 0, 8],
			"to": [-8, 11, 11],
			"rotation": {"angle": 0, "axis": "y", "origin": [7.86154, 1.72086, 7.631]},
			"faces": {
				"north": {"uv": [6.5625, 1.0625, 6.75, 1.75], "texture": "#0"},
				"east": {"uv": [6.375, 1.0625, 6.5625, 1.75], "texture": "#0"},
				"south": {"uv": [6.9375, 1.0625, 7.125, 1.75], "texture": "#0"},
				"west": {"uv": [6.75, 1.0625, 6.9375, 1.75], "texture": "#0"},
				"up": {"uv": [6.75, 1.0625, 6.5625, 0.875], "texture": "#0"},
				"down": {"uv": [6.9375, 0.875, 6.75, 1.0625], "texture": "#0"}
			}
		},
		{
			"from": [-15, 0, 8],
			"to": [-11, 3, 11],
			"rotation": {"angle": 0, "axis": "y", "origin": [7.86154, 1.72086, 7.631]},
			"faces": {
				"north": {"uv": [7.3125, 2.9375, 7.5625, 3.125], "texture": "#0"},
				"east": {"uv": [7.125, 2.9375, 7.3125, 3.125], "texture": "#0"},
				"south": {"uv": [7.75, 2.9375, 8, 3.125], "texture": "#0"},
				"west": {"uv": [7.5625, 2.9375, 7.75, 3.125], "texture": "#0"},
				"up": {"uv": [7.5625, 2.9375, 7.3125, 2.75], "texture": "#0"},
				"down": {"uv": [7.8125, 2.75, 7.5625, 2.9375], "texture": "#0"}
			}
		},
		{
			"from": [-15, 8, 8],
			"to": [-11, 11, 11],
			"rotation": {"angle": 0, "axis": "y", "origin": [7.86154, 1.72086, 7.631]},
			"faces": {
				"north": {"uv": [7.3125, 2.5625, 7.5625, 2.75], "texture": "#0"},
				"east": {"uv": [7.125, 2.5625, 7.3125, 2.75], "texture": "#0"},
				"south": {"uv": [7.75, 2.5625, 8, 2.75], "texture": "#0"},
				"west": {"uv": [7.5625, 2.5625, 7.75, 2.75], "texture": "#0"},
				"up": {"uv": [7.5625, 2.5625, 7.3125, 2.375], "texture": "#0"},
				"down": {"uv": [7.8125, 2.375, 7.5625, 2.5625], "texture": "#0"}
			}
		},
		{
			"from": [-14, 4, 8],
			"to": [-11, 7, 11],
			"rotation": {"angle": 0, "axis": "y", "origin": [7.86154, 1.72086, 7.631]},
			"faces": {
				"north": {"uv": [7.8125, 0.625, 8, 0.8125], "texture": "#0"},
				"east": {"uv": [7.625, 0.625, 7.8125, 0.8125], "texture": "#0"},
				"south": {"uv": [8.1875, 0.625, 8.375, 0.8125], "texture": "#0"},
				"west": {"uv": [8, 0.625, 8.1875, 0.8125], "texture": "#0"},
				"up": {"uv": [8, 0.625, 7.8125, 0.4375], "texture": "#0"},
				"down": {"uv": [8.1875, 0.4375, 8, 0.625], "texture": "#0"}
			}
		},
		{
			"from": [-3, 0, 8],
			"to": [0, 11, 11],
			"rotation": {"angle": 0, "axis": "y", "origin": [7.86154, 1.72086, 7.631]},
			"faces": {
				"north": {"uv": [6.5625, 0.1875, 6.75, 0.875], "texture": "#0"},
				"east": {"uv": [6.375, 0.1875, 6.5625, 0.875], "texture": "#0"},
				"south": {"uv": [6.9375, 0.1875, 7.125, 0.875], "texture": "#0"},
				"west": {"uv": [6.75, 0.1875, 6.9375, 0.875], "texture": "#0"},
				"up": {"uv": [6.75, 0.1875, 6.5625, 0], "texture": "#0"},
				"down": {"uv": [6.9375, 0, 6.75, 0.1875], "texture": "#0"}
			}
		},
		{
			"from": [-7, 8, 8],
			"to": [-3, 11, 11],
			"rotation": {"angle": 0, "axis": "y", "origin": [7.86154, 1.72086, 7.631]},
			"faces": {
				"north": {"uv": [7.3125, 1.625, 7.5625, 1.8125], "texture": "#0"},
				"east": {"uv": [7.125, 1.625, 7.3125, 1.8125], "texture": "#0"},
				"south": {"uv": [7.75, 1.625, 8, 1.8125], "texture": "#0"},
				"west": {"uv": [7.5625, 1.625, 7.75, 1.8125], "texture": "#0"},
				"up": {"uv": [7.5625, 1.625, 7.3125, 1.4375], "texture": "#0"},
				"down": {"uv": [7.8125, 1.4375, 7.5625, 1.625], "texture": "#0"}
			}
		},
		{
			"from": [-7, 5, 8],
			"to": [-4, 8, 11],
			"rotation": {"angle": 0, "axis": "y", "origin": [7.86154, 1.72086, 7.631]},
			"faces": {
				"north": {"uv": [1.25, 7.8125, 1.4375, 8], "texture": "#0"},
				"east": {"uv": [1.0625, 7.8125, 1.25, 8], "texture": "#0"},
				"south": {"uv": [1.625, 7.8125, 1.8125, 8], "texture": "#0"},
				"west": {"uv": [1.4375, 7.8125, 1.625, 8], "texture": "#0"},
				"up": {"uv": [1.4375, 7.8125, 1.25, 7.625], "texture": "#0"},
				"down": {"uv": [1.625, 7.625, 1.4375, 7.8125], "texture": "#0"}
			}
		},
		{
			"from": [-5, 3, 8],
			"to": [-3, 5, 11],
			"rotation": {"angle": 0, "axis": "y", "origin": [7.86154, 1.72086, 7.631]},
			"faces": {
				"north": {"uv": [7.9375, 0.1875, 8.0625, 0.3125], "texture": "#0"},
				"east": {"uv": [7.75, 0.1875, 7.9375, 0.3125], "texture": "#0"},
				"south": {"uv": [8.25, 0.1875, 8.375, 0.3125], "texture": "#0"},
				"west": {"uv": [8.0625, 0.1875, 8.25, 0.3125], "texture": "#0"},
				"up": {"uv": [8.0625, 0.1875, 7.9375, 0], "texture": "#0"},
				"down": {"uv": [8.1875, 0, 8.0625, 0.1875], "texture": "#0"}
			}
		},
		{
			"from": [-7, 0, 8],
			"to": [-4, 3, 11],
			"rotation": {"angle": 0, "axis": "y", "origin": [7.86154, 1.72086, 7.631]},
			"faces": {
				"north": {"uv": [7.6875, 7.75, 7.875, 7.9375], "texture": "#0"},
				"east": {"uv": [7.5, 7.75, 7.6875, 7.9375], "texture": "#0"},
				"south": {"uv": [8.0625, 7.75, 8.25, 7.9375], "texture": "#0"},
				"west": {"uv": [7.875, 7.75, 8.0625, 7.9375], "texture": "#0"},
				"up": {"uv": [7.875, 7.75, 7.6875, 7.5625], "texture": "#0"},
				"down": {"uv": [8.0625, 7.5625, 7.875, 7.75], "texture": "#0"}
			}
		},
		{
			"from": [1, 0, 8],
			"to": [4, 11, 11],
			"rotation": {"angle": 0, "axis": "y", "origin": [7.86154, 1.72086, 7.631]},
			"faces": {
				"north": {"uv": [4.625, 6.5, 4.8125, 7.1875], "texture": "#0"},
				"east": {"uv": [4.4375, 6.5, 4.625, 7.1875], "texture": "#0"},
				"south": {"uv": [5, 6.5, 5.1875, 7.1875], "texture": "#0"},
				"west": {"uv": [4.8125, 6.5, 5, 7.1875], "texture": "#0"},
				"up": {"uv": [4.8125, 6.5, 4.625, 6.3125], "texture": "#0"},
				"down": {"uv": [5, 6.3125, 4.8125, 6.5], "texture": "#0"}
			}
		},
		{
			"from": [5, 4, 8],
			"to": [8, 8, 11],
			"rotation": {"angle": 0, "axis": "y", "origin": [7.86154, 1.72086, 7.631]},
			"faces": {
				"north": {"uv": [7.375, 4.1875, 7.5625, 4.4375], "texture": "#0"},
				"east": {"uv": [7.1875, 4.1875, 7.375, 4.4375], "texture": "#0"},
				"south": {"uv": [7.75, 4.1875, 7.9375, 4.4375], "texture": "#0"},
				"west": {"uv": [7.5625, 4.1875, 7.75, 4.4375], "texture": "#0"},
				"up": {"uv": [7.5625, 4.1875, 7.375, 4], "texture": "#0"},
				"down": {"uv": [7.75, 4, 7.5625, 4.1875], "texture": "#0"}
			}
		},
		{
			"from": [5, 8, 8],
			"to": [9, 11, 11],
			"rotation": {"angle": 0, "axis": "y", "origin": [7.86154, 1.72086, 7.631]},
			"faces": {
				"north": {"uv": [7.3125, 1.25, 7.5625, 1.4375], "texture": "#0"},
				"east": {"uv": [7.125, 1.25, 7.3125, 1.4375], "texture": "#0"},
				"south": {"uv": [7.75, 1.25, 8, 1.4375], "texture": "#0"},
				"west": {"uv": [7.5625, 1.25, 7.75, 1.4375], "texture": "#0"},
				"up": {"uv": [7.5625, 1.25, 7.3125, 1.0625], "texture": "#0"},
				"down": {"uv": [7.8125, 1.0625, 7.5625, 1.25], "texture": "#0"}
			}
		},
		{
			"from": [9, 0, 8],
			"to": [12, 11, 11],
			"rotation": {"angle": 0, "axis": "y", "origin": [7.86154, 1.72086, 7.631]},
			"faces": {
				"north": {"uv": [6.1875, 3.5, 6.375, 4.1875], "texture": "#0"},
				"east": {"uv": [6, 3.5, 6.1875, 4.1875], "texture": "#0"},
				"south": {"uv": [6.5625, 3.5, 6.75, 4.1875], "texture": "#0"},
				"west": {"uv": [6.375, 3.5, 6.5625, 4.1875], "texture": "#0"},
				"up": {"uv": [6.375, 3.5, 6.1875, 3.3125], "texture": "#0"},
				"down": {"uv": [6.5625, 3.3125, 6.375, 3.5], "texture": "#0"}
			}
		},
		{
			"from": [8, 4, 8],
			"to": [9, 7, 11],
			"rotation": {"angle": 0, "axis": "y", "origin": [7.86154, 1.72086, 7.631]},
			"faces": {
				"north": {"uv": [4.5, 7.9375, 4.5625, 8.125], "texture": "#0"},
				"east": {"uv": [4.3125, 7.9375, 4.5, 8.125], "texture": "#0"},
				"south": {"uv": [4.75, 7.9375, 4.8125, 8.125], "texture": "#0"},
				"west": {"uv": [4.5625, 7.9375, 4.75, 8.125], "texture": "#0"},
				"up": {"uv": [4.5625, 7.9375, 4.5, 7.75], "texture": "#0"},
				"down": {"uv": [4.625, 7.75, 4.5625, 7.9375], "texture": "#0"}
			}
		},
		{
			"from": [13, 0, 8],
			"to": [16, 10, 11],
			"rotation": {"angle": 0, "axis": "y", "origin": [7.86154, 1.72086, 7.631]},
			"faces": {
				"north": {"uv": [6.75, 1.9375, 6.9375, 2.5625], "texture": "#0"},
				"east": {"uv": [6.5625, 1.9375, 6.75, 2.5625], "texture": "#0"},
				"south": {"uv": [7.125, 1.9375, 7.3125, 2.5625], "texture": "#0"},
				"west": {"uv": [6.9375, 1.9375, 7.125, 2.5625], "texture": "#0"},
				"up": {"uv": [6.9375, 1.9375, 6.75, 1.75], "texture": "#0"},
				"down": {"uv": [7.125, 1.75, 6.9375, 1.9375], "texture": "#0"}
			}
		},
		{
			"from": [17, 2, 8],
			"to": [20, 9, 11],
			"rotation": {"angle": 0, "axis": "y", "origin": [7.86154, 1.72086, 7.631]},
			"faces": {
				"north": {"uv": [1.4375, 7.1875, 1.625, 7.625], "texture": "#0"},
				"east": {"uv": [1.25, 7.1875, 1.4375, 7.625], "texture": "#0"},
				"south": {"uv": [1.8125, 7.1875, 2, 7.625], "texture": "#0"},
				"west": {"uv": [1.625, 7.1875, 1.8125, 7.625], "texture": "#0"},
				"up": {"uv": [1.625, 7.1875, 1.4375, 7], "texture": "#0"},
				"down": {"uv": [1.8125, 7, 1.625, 7.1875], "texture": "#0"}
			}
		},
		{
			"from": [15, 9, 8],
			"to": [18, 11, 11],
			"rotation": {"angle": 0, "axis": "y", "origin": [7.86154, 1.72086, 7.631]},
			"faces": {
				"north": {"uv": [5.5625, 7.875, 5.75, 8], "texture": "#0"},
				"east": {"uv": [5.375, 7.875, 5.5625, 8], "texture": "#0"},
				"south": {"uv": [5.9375, 7.875, 6.125, 8], "texture": "#0"},
				"west": {"uv": [5.75, 7.875, 5.9375, 8], "texture": "#0"},
				"up": {"uv": [5.75, 7.875, 5.5625, 7.6875], "texture": "#0"},
				"down": {"uv": [5.9375, 7.6875, 5.75, 7.875], "texture": "#0"}
			}
		},
		{
			"from": [19, 9, 8],
			"to": [22, 11, 11],
			"rotation": {"angle": 0, "axis": "y", "origin": [7.86154, 1.72086, 7.631]},
			"faces": {
				"north": {"uv": [2.625, 7.875, 2.8125, 8], "texture": "#0"},
				"east": {"uv": [2.4375, 7.875, 2.625, 8], "texture": "#0"},
				"south": {"uv": [3, 7.875, 3.1875, 8], "texture": "#0"},
				"west": {"uv": [2.8125, 7.875, 3, 8], "texture": "#0"},
				"up": {"uv": [2.8125, 7.875, 2.625, 7.6875], "texture": "#0"},
				"down": {"uv": [3, 7.6875, 2.8125, 7.875], "texture": "#0"}
			}
		},
		{
			"from": [21, 0, 8],
			"to": [24, 10, 11],
			"rotation": {"angle": 0, "axis": "y", "origin": [7.86154, 1.72086, 7.631]},
			"faces": {
				"north": {"uv": [3.8125, 6.6875, 4, 7.3125], "texture": "#0"},
				"east": {"uv": [3.625, 6.6875, 3.8125, 7.3125], "texture": "#0"},
				"south": {"uv": [4.1875, 6.6875, 4.375, 7.3125], "texture": "#0"},
				"west": {"uv": [4, 6.6875, 4.1875, 7.3125], "texture": "#0"},
				"up": {"uv": [4, 6.6875, 3.8125, 6.5], "texture": "#0"},
				"down": {"uv": [4.1875, 6.5, 4, 6.6875], "texture": "#0"}
			}
		},
		{
			"from": [26, 4, 8],
			"to": [29, 7, 11],
			"rotation": {"angle": 0, "axis": "y", "origin": [7.86154, 1.72086, 7.631]},
			"faces": {
				"north": {"uv": [4.8125, 7.75, 5, 7.9375], "texture": "#0"},
				"east": {"uv": [4.625, 7.75, 4.8125, 7.9375], "texture": "#0"},
				"south": {"uv": [5.1875, 7.75, 5.375, 7.9375], "texture": "#0"},
				"west": {"uv": [5, 7.75, 5.1875, 7.9375], "texture": "#0"},
				"up": {"uv": [5, 7.75, 4.8125, 7.5625], "texture": "#0"},
				"down": {"uv": [5.1875, 7.5625, 5, 7.75], "texture": "#0"}
			}
		},
		{
			"from": [25, 8, 8],
			"to": [29, 11, 11],
			"rotation": {"angle": 0, "axis": "y", "origin": [7.86154, 1.72086, 7.631]},
			"faces": {
				"north": {"uv": [7.125, 0.875, 7.375, 1.0625], "texture": "#0"},
				"east": {"uv": [6.9375, 0.875, 7.125, 1.0625], "texture": "#0"},
				"south": {"uv": [7.5625, 0.875, 7.8125, 1.0625], "texture": "#0"},
				"west": {"uv": [7.375, 0.875, 7.5625, 1.0625], "texture": "#0"},
				"up": {"uv": [7.375, 0.875, 7.125, 0.6875], "texture": "#0"},
				"down": {"uv": [7.625, 0.6875, 7.375, 0.875], "texture": "#0"}
			}
		},
		{
			"from": [29, 0, 8],
			"to": [32, 11, 11],
			"rotation": {"angle": 0, "axis": "y", "origin": [7.86154, 1.72086, 7.631]},
			"faces": {
				"north": {"uv": [0.1875, 4.6875, 0.375, 5.375], "texture": "#0"},
				"east": {"uv": [0, 4.6875, 0.1875, 5.375], "texture": "#0"},
				"south": {"uv": [0.5625, 4.6875, 0.75, 5.375], "texture": "#0"},
				"west": {"uv": [0.375, 4.6875, 0.5625, 5.375], "texture": "#0"},
				"up": {"uv": [0.375, 4.6875, 0.1875, 4.5], "texture": "#0"},
				"down": {"uv": [0.5625, 4.5, 0.375, 4.6875], "texture": "#0"}
			}
		},
		{
			"from": [25, 0, 8],
			"to": [29, 3, 11],
			"rotation": {"angle": 0, "axis": "y", "origin": [7.86154, 1.72086, 7.631]},
			"faces": {
				"north": {"uv": [4.5625, 5.75, 4.8125, 5.9375], "texture": "#0"},
				"east": {"uv": [4.375, 5.75, 4.5625, 5.9375], "texture": "#0"},
				"south": {"uv": [5, 5.75, 5.25, 5.9375], "texture": "#0"},
				"west": {"uv": [4.8125, 5.75, 5, 5.9375], "texture": "#0"},
				"up": {"uv": [4.8125, 5.75, 4.5625, 5.5625], "texture": "#0"},
				"down": {"uv": [5.0625, 5.5625, 4.8125, 5.75], "texture": "#0"}
			}
		},
		{
			"from": [11, -7, 8],
			"to": [13, -1, 11],
			"rotation": {"angle": 0, "axis": "y", "origin": [7.86154, 1.72086, 7.631]},
			"faces": {
				"north": {"uv": [3.4375, 7.5, 3.5625, 7.875], "texture": "#0"},
				"east": {"uv": [3.25, 7.5, 3.4375, 7.875], "texture": "#0"},
				"south": {"uv": [3.75, 7.5, 3.875, 7.875], "texture": "#0"},
				"west": {"uv": [3.5625, 7.5, 3.75, 7.875], "texture": "#0"},
				"up": {"uv": [3.5625, 7.5, 3.4375, 7.3125], "texture": "#0"},
				"down": {"uv": [3.6875, 7.3125, 3.5625, 7.5], "texture": "#0"}
			}
		},
		{
			"from": [1, -7, 8],
			"to": [3, -1, 11],
			"rotation": {"angle": 0, "axis": "y", "origin": [7.86154, 1.72086, 7.631]},
			"faces": {
				"north": {"uv": [7.25, 7.375, 7.375, 7.75], "texture": "#0"},
				"east": {"uv": [7.0625, 7.375, 7.25, 7.75], "texture": "#0"},
				"south": {"uv": [7.5625, 7.375, 7.6875, 7.75], "texture": "#0"},
				"west": {"uv": [7.375, 7.375, 7.5625, 7.75], "texture": "#0"},
				"up": {"uv": [7.375, 7.375, 7.25, 7.1875], "texture": "#0"},
				"down": {"uv": [7.5, 7.1875, 7.375, 7.375], "texture": "#0"}
			}
		},
		{
			"from": [8, -9, 8],
			"to": [12, -7, 11],
			"rotation": {"angle": 0, "axis": "y", "origin": [7.86154, 1.72086, 7.631]},
			"faces": {
				"north": {"uv": [6.1875, 4.375, 6.4375, 4.5], "texture": "#0"},
				"east": {"uv": [6, 4.375, 6.1875, 4.5], "texture": "#0"},
				"south": {"uv": [6.625, 4.375, 6.875, 4.5], "texture": "#0"},
				"west": {"uv": [6.4375, 4.375, 6.625, 4.5], "texture": "#0"},
				"up": {"uv": [6.4375, 4.375, 6.1875, 4.1875], "texture": "#0"},
				"down": {"uv": [6.6875, 4.1875, 6.4375, 4.375], "texture": "#0"}
			}
		},
		{
			"from": [-2, -9, 8],
			"to": [2, -7, 11],
			"rotation": {"angle": 0, "axis": "y", "origin": [7.86154, 1.72086, 7.631]},
			"faces": {
				"north": {"uv": [4.4375, 6.1875, 4.6875, 6.3125], "texture": "#0"},
				"east": {"uv": [4.25, 6.1875, 4.4375, 6.3125], "texture": "#0"},
				"south": {"uv": [4.875, 6.1875, 5.125, 6.3125], "texture": "#0"},
				"west": {"uv": [4.6875, 6.1875, 4.875, 6.3125], "texture": "#0"},
				"up": {"uv": [4.6875, 6.1875, 4.4375, 6], "texture": "#0"},
				"down": {"uv": [4.9375, 6, 4.6875, 6.1875], "texture": "#0"}
			}
		},
		{
			"from": [9, -12, 8],
			"to": [11, -9, 11],
			"rotation": {"angle": 0, "axis": "y", "origin": [7.86154, 1.72086, 7.631]},
			"faces": {
				"north": {"uv": [6.9375, 7.9375, 7.0625, 8.125], "texture": "#0"},
				"east": {"uv": [6.75, 7.9375, 6.9375, 8.125], "texture": "#0"},
				"south": {"uv": [7.25, 7.9375, 7.375, 8.125], "texture": "#0"},
				"west": {"uv": [7.0625, 7.9375, 7.25, 8.125], "texture": "#0"},
				"up": {"uv": [7.0625, 7.9375, 6.9375, 7.75], "texture": "#0"},
				"down": {"uv": [7.1875, 7.75, 7.0625, 7.9375], "texture": "#0"}
			}
		},
		{
			"from": [-1, -12, 8],
			"to": [1, -9, 11],
			"rotation": {"angle": 0, "axis": "y", "origin": [7.86154, 1.72086, 7.631]},
			"faces": {
				"north": {"uv": [6.3125, 7.9375, 6.4375, 8.125], "texture": "#0"},
				"east": {"uv": [6.125, 7.9375, 6.3125, 8.125], "texture": "#0"},
				"south": {"uv": [6.625, 7.9375, 6.75, 8.125], "texture": "#0"},
				"west": {"uv": [6.4375, 7.9375, 6.625, 8.125], "texture": "#0"},
				"up": {"uv": [6.4375, 7.9375, 6.3125, 7.75], "texture": "#0"},
				"down": {"uv": [6.5625, 7.75, 6.4375, 7.9375], "texture": "#0"}
			}
		},
		{
			"from": [20, -9, 8],
			"to": [22, -1, 11],
			"rotation": {"angle": 0, "axis": "y", "origin": [7.86154, 1.72086, 7.631]},
			"faces": {
				"north": {"uv": [2.8125, 7.1875, 2.9375, 7.6875], "texture": "#0"},
				"east": {"uv": [2.625, 7.1875, 2.8125, 7.6875], "texture": "#0"},
				"south": {"uv": [3.125, 7.1875, 3.25, 7.6875], "texture": "#0"},
				"west": {"uv": [2.9375, 7.1875, 3.125, 7.6875], "texture": "#0"},
				"up": {"uv": [2.9375, 7.1875, 2.8125, 7], "texture": "#0"},
				"down": {"uv": [3.0625, 7, 2.9375, 7.1875], "texture": "#0"}
			}
		},
		{
			"from": [23, -9, 8],
			"to": [25, -1, 11],
			"rotation": {"angle": 0, "axis": "y", "origin": [7.86154, 1.72086, 7.631]},
			"faces": {
				"north": {"uv": [2.1875, 7.1875, 2.3125, 7.6875], "texture": "#0"},
				"east": {"uv": [2, 7.1875, 2.1875, 7.6875], "texture": "#0"},
				"south": {"uv": [2.5, 7.1875, 2.625, 7.6875], "texture": "#0"},
				"west": {"uv": [2.3125, 7.1875, 2.5, 7.6875], "texture": "#0"},
				"up": {"uv": [2.3125, 7.1875, 2.1875, 7], "texture": "#0"},
				"down": {"uv": [2.4375, 7, 2.3125, 7.1875], "texture": "#0"}
			}
		},
		{
			"from": [7, -7, 8],
			"to": [9, -1, 11],
			"rotation": {"angle": 0, "axis": "y", "origin": [7.86154, 1.72086, 7.631]},
			"faces": {
				"north": {"uv": [6.625, 7.375, 6.75, 7.75], "texture": "#0"},
				"east": {"uv": [6.4375, 7.375, 6.625, 7.75], "texture": "#0"},
				"south": {"uv": [6.9375, 7.375, 7.0625, 7.75], "texture": "#0"},
				"west": {"uv": [6.75, 7.375, 6.9375, 7.75], "texture": "#0"},
				"up": {"uv": [6.75, 7.375, 6.625, 7.1875], "texture": "#0"},
				"down": {"uv": [6.875, 7.1875, 6.75, 7.375], "texture": "#0"}
			}
		},
		{
			"from": [-3, -7, 8],
			"to": [-1, -1, 11],
			"rotation": {"angle": 0, "axis": "y", "origin": [7.86154, 1.72086, 7.631]},
			"faces": {
				"north": {"uv": [4.375, 7.375, 4.5, 7.75], "texture": "#0"},
				"east": {"uv": [4.1875, 7.375, 4.375, 7.75], "texture": "#0"},
				"south": {"uv": [4.6875, 7.375, 4.8125, 7.75], "texture": "#0"},
				"west": {"uv": [4.5, 7.375, 4.6875, 7.75], "texture": "#0"},
				"up": {"uv": [4.5, 7.375, 4.375, 7.1875], "texture": "#0"},
				"down": {"uv": [4.625, 7.1875, 4.5, 7.375], "texture": "#0"}
			}
		},
		{
			"from": [20, -12, 8],
			"to": [25, -9, 11],
			"rotation": {"angle": 0, "axis": "y", "origin": [7.86154, 1.72086, 7.631]},
			"faces": {
				"north": {"uv": [6.625, 7, 6.9375, 7.1875], "texture": "#0"},
				"east": {"uv": [6.4375, 7, 6.625, 7.1875], "texture": "#0"},
				"south": {"uv": [7.125, 7, 7.4375, 7.1875], "texture": "#0"},
				"west": {"uv": [6.9375, 7, 7.125, 7.1875], "texture": "#0"},
				"up": {"uv": [6.9375, 7, 6.625, 6.8125], "texture": "#0"},
				"down": {"uv": [7.25, 6.8125, 6.9375, 7], "texture": "#0"}
			}
		},
		{
			"from": [26, -12, 8],
			"to": [28, -8, 11],
			"rotation": {"angle": 0, "axis": "y", "origin": [7.86154, 1.72086, 7.631]},
			"faces": {
				"north": {"uv": [2, 7.875, 2.125, 8.125], "texture": "#0"},
				"east": {"uv": [1.8125, 7.875, 2, 8.125], "texture": "#0"},
				"south": {"uv": [2.3125, 7.875, 2.4375, 8.125], "texture": "#0"},
				"west": {"uv": [2.125, 7.875, 2.3125, 8.125], "texture": "#0"},
				"up": {"uv": [2.125, 7.875, 2, 7.6875], "texture": "#0"},
				"down": {"uv": [2.25, 7.6875, 2.125, 7.875], "texture": "#0"}
			}
		},
		{
			"from": [29, -8, 8],
			"to": [31, -1, 11],
			"rotation": {"angle": 0, "axis": "y", "origin": [7.86154, 1.72086, 7.631]},
			"faces": {
				"north": {"uv": [7.3125, 0.1875, 7.4375, 0.625], "texture": "#0"},
				"east": {"uv": [7.125, 0.1875, 7.3125, 0.625], "texture": "#0"},
				"south": {"uv": [7.625, 0.1875, 7.75, 0.625], "texture": "#0"},
				"west": {"uv": [7.4375, 0.1875, 7.625, 0.625], "texture": "#0"},
				"up": {"uv": [7.4375, 0.1875, 7.3125, 0], "texture": "#0"},
				"down": {"uv": [7.5625, 0, 7.4375, 0.1875], "texture": "#0"}
			}
		},
		{
			"from": [4, -12, 8],
			"to": [6, -1, 11],
			"rotation": {"angle": 0, "axis": "y", "origin": [7.86154, 1.72086, 7.631]},
			"faces": {
				"north": {"uv": [6, 7, 6.125, 7.6875], "texture": "#0"},
				"east": {"uv": [5.8125, 7, 6, 7.6875], "texture": "#0"},
				"south": {"uv": [6.3125, 7, 6.4375, 7.6875], "texture": "#0"},
				"west": {"uv": [6.125, 7, 6.3125, 7.6875], "texture": "#0"},
				"up": {"uv": [6.125, 7, 6, 6.8125], "texture": "#0"},
				"down": {"uv": [6.25, 6.8125, 6.125, 7], "texture": "#0"}
			}
		},
		{
			"from": [-12, -12, 8],
			"to": [-10, -1, 11],
			"rotation": {"angle": 0, "axis": "y", "origin": [7.86154, 1.72086, 7.631]},
			"faces": {
				"north": {"uv": [5.375, 7, 5.5, 7.6875], "texture": "#0"},
				"east": {"uv": [5.1875, 7, 5.375, 7.6875], "texture": "#0"},
				"south": {"uv": [5.6875, 7, 5.8125, 7.6875], "texture": "#0"},
				"west": {"uv": [5.5, 7, 5.6875, 7.6875], "texture": "#0"},
				"up": {"uv": [5.5, 7, 5.375, 6.8125], "texture": "#0"},
				"down": {"uv": [5.625, 6.8125, 5.5, 7], "texture": "#0"}
			}
		},
		{
			"from": [-15, -12, 8],
			"to": [-12, -10, 11],
			"rotation": {"angle": 0, "axis": "y", "origin": [7.86154, 1.72086, 7.631]},
			"faces": {
				"north": {"uv": [0.1875, 7.875, 0.375, 8], "texture": "#0"},
				"east": {"uv": [0, 7.875, 0.1875, 8], "texture": "#0"},
				"south": {"uv": [0.5625, 7.875, 0.75, 8], "texture": "#0"},
				"west": {"uv": [0.375, 7.875, 0.5625, 8], "texture": "#0"},
				"up": {"uv": [0.375, 7.875, 0.1875, 7.6875], "texture": "#0"},
				"down": {"uv": [0.5625, 7.6875, 0.375, 7.875], "texture": "#0"}
			}
		},
		{
			"from": [-6, -12, 8],
			"to": [-4, -1, 11],
			"rotation": {"angle": 0, "axis": "y", "origin": [7.86154, 1.72086, 7.631]},
			"faces": {
				"north": {"uv": [0.8125, 7, 0.9375, 7.6875], "texture": "#0"},
				"east": {"uv": [0.625, 7, 0.8125, 7.6875], "texture": "#0"},
				"south": {"uv": [1.125, 7, 1.25, 7.6875], "texture": "#0"},
				"west": {"uv": [0.9375, 7, 1.125, 7.6875], "texture": "#0"},
				"up": {"uv": [0.9375, 7, 0.8125, 6.8125], "texture": "#0"},
				"down": {"uv": [1.0625, 6.8125, 0.9375, 7], "texture": "#0"}
			}
		},
		{
			"from": [-9, -12, 8],
			"to": [-7, -1, 11],
			"rotation": {"angle": 0, "axis": "y", "origin": [7.86154, 1.72086, 7.631]},
			"faces": {
				"north": {"uv": [0.1875, 7, 0.3125, 7.6875], "texture": "#0"},
				"east": {"uv": [0, 7, 0.1875, 7.6875], "texture": "#0"},
				"south": {"uv": [0.5, 7, 0.625, 7.6875], "texture": "#0"},
				"west": {"uv": [0.3125, 7, 0.5, 7.6875], "texture": "#0"},
				"up": {"uv": [0.3125, 7, 0.1875, 6.8125], "texture": "#0"},
				"down": {"uv": [0.4375, 6.8125, 0.3125, 7], "texture": "#0"}
			}
		},
		{
			"from": [17, -12, 8],
			"to": [19, -1, 11],
			"rotation": {"angle": 0, "axis": "y", "origin": [7.86154, 1.72086, 7.631]},
			"faces": {
				"north": {"uv": [6.9375, 3.5, 7.0625, 4.1875], "texture": "#0"},
				"east": {"uv": [6.75, 3.5, 6.9375, 4.1875], "texture": "#0"},
				"south": {"uv": [7.25, 3.5, 7.375, 4.1875], "texture": "#0"},
				"west": {"uv": [7.0625, 3.5, 7.25, 4.1875], "texture": "#0"},
				"up": {"uv": [7.0625, 3.5, 6.9375, 3.3125], "texture": "#0"},
				"down": {"uv": [7.1875, 3.3125, 7.0625, 3.5], "texture": "#0"}
			}
		},
		{
			"from": [14, -4, 8],
			"to": [17, -1, 11],
			"rotation": {"angle": 0, "axis": "y", "origin": [7.86154, 1.72086, 7.631]},
			"faces": {
				"north": {"uv": [7.625, 7, 7.8125, 7.1875], "texture": "#0"},
				"east": {"uv": [7.4375, 7, 7.625, 7.1875], "texture": "#0"},
				"south": {"uv": [8, 7, 8.1875, 7.1875], "texture": "#0"},
				"west": {"uv": [7.8125, 7, 8, 7.1875], "texture": "#0"},
				"up": {"uv": [7.8125, 7, 7.625, 6.8125], "texture": "#0"},
				"down": {"uv": [8, 6.8125, 7.8125, 7], "texture": "#0"}
			}
		},
		{
			"from": [14, -7, 8],
			"to": [16, -4, 11],
			"rotation": {"angle": 0, "axis": "y", "origin": [7.86154, 1.72086, 7.631]},
			"faces": {
				"north": {"uv": [7.875, 7.375, 8, 7.5625], "texture": "#0"},
				"east": {"uv": [7.6875, 7.375, 7.875, 7.5625], "texture": "#0"},
				"south": {"uv": [8.1875, 7.375, 8.3125, 7.5625], "texture": "#0"},
				"west": {"uv": [8, 7.375, 8.1875, 7.5625], "texture": "#0"},
				"up": {"uv": [8, 7.375, 7.875, 7.1875], "texture": "#0"},
				"down": {"uv": [8.125, 7.1875, 8, 7.375], "texture": "#0"}
			}
		},
		{
			"from": [15, -9, 8],
			"to": [17, -7, 11],
			"rotation": {"angle": 0, "axis": "y", "origin": [7.86154, 1.72086, 7.631]},
			"faces": {
				"north": {"uv": [5.4375, 5.75, 5.5625, 5.875], "texture": "#0"},
				"east": {"uv": [5.25, 5.75, 5.4375, 5.875], "texture": "#0"},
				"south": {"uv": [5.75, 5.75, 5.875, 5.875], "texture": "#0"},
				"west": {"uv": [5.5625, 5.75, 5.75, 5.875], "texture": "#0"},
				"up": {"uv": [5.5625, 5.75, 5.4375, 5.5625], "texture": "#0"},
				"down": {"uv": [5.6875, 5.5625, 5.5625, 5.75], "texture": "#0"}
			}
		},
		{
			"from": [-7, -8, 8],
			"to": [-6, -5, 11],
			"rotation": {"angle": 0, "axis": "y", "origin": [7.86154, 1.72086, 7.631]},
			"faces": {
				"north": {"uv": [1.8125, 6.1875, 1.875, 6.375], "texture": "#0"},
				"east": {"uv": [1.625, 6.1875, 1.8125, 6.375], "texture": "#0"},
				"south": {"uv": [2.0625, 6.1875, 2.125, 6.375], "texture": "#0"},
				"west": {"uv": [1.875, 6.1875, 2.0625, 6.375], "texture": "#0"},
				"up": {"uv": [1.875, 6.1875, 1.8125, 6], "texture": "#0"},
				"down": {"uv": [1.9375, 6, 1.875, 6.1875], "texture": "#0"}
			}
		},
		{
			"from": [-7, -4, 8],
			"to": [-6, -1, 11],
			"rotation": {"angle": 0, "axis": "y", "origin": [7.86154, 1.72086, 7.631]},
			"faces": {
				"north": {"uv": [0.1875, 2.25, 0.25, 2.4375], "texture": "#0"},
				"east": {"uv": [0, 2.25, 0.1875, 2.4375], "texture": "#0"},
				"south": {"uv": [0.4375, 2.25, 0.5, 2.4375], "texture": "#0"},
				"west": {"uv": [0.25, 2.25, 0.4375, 2.4375], "texture": "#0"},
				"up": {"uv": [0.25, 2.25, 0.1875, 2.0625], "texture": "#0"},
				"down": {"uv": [0.3125, 2.0625, 0.25, 2.25], "texture": "#0"}
			}
		},
		{
			"from": [14, -12, 8],
			"to": [16, -9, 11],
			"rotation": {"angle": 0, "axis": "y", "origin": [7.86154, 1.72086, 7.631]},
			"faces": {
				"north": {"uv": [3.875, 7.875, 4, 8.0625], "texture": "#0"},
				"east": {"uv": [3.6875, 7.875, 3.875, 8.0625], "texture": "#0"},
				"south": {"uv": [4.1875, 7.875, 4.3125, 8.0625], "texture": "#0"},
				"west": {"uv": [4, 7.875, 4.1875, 8.0625], "texture": "#0"},
				"up": {"uv": [4, 7.875, 3.875, 7.6875], "texture": "#0"},
				"down": {"uv": [4.125, 7.6875, 4, 7.875], "texture": "#0"}
			}
		},
		{
			"from": [26, -4, 8],
			"to": [29, -1, 11],
			"rotation": {"angle": 0, "axis": "y", "origin": [7.86154, 1.72086, 7.631]},
			"faces": {
				"north": {"uv": [7.5625, 3.6875, 7.75, 3.875], "texture": "#0"},
				"east": {"uv": [7.375, 3.6875, 7.5625, 3.875], "texture": "#0"},
				"south": {"uv": [7.9375, 3.6875, 8.125, 3.875], "texture": "#0"},
				"west": {"uv": [7.75, 3.6875, 7.9375, 3.875], "texture": "#0"},
				"up": {"uv": [7.75, 3.6875, 7.5625, 3.5], "texture": "#0"},
				"down": {"uv": [7.9375, 3.5, 7.75, 3.6875], "texture": "#0"}
			}
		},
		{
			"from": [26, -8, 8],
			"to": [29, -5, 11],
			"rotation": {"angle": 0, "axis": "y", "origin": [7.86154, 1.72086, 7.631]},
			"faces": {
				"north": {"uv": [7.5, 3.3125, 7.6875, 3.5], "texture": "#0"},
				"east": {"uv": [7.3125, 3.3125, 7.5, 3.5], "texture": "#0"},
				"south": {"uv": [7.875, 3.3125, 8.0625, 3.5], "texture": "#0"},
				"west": {"uv": [7.6875, 3.3125, 7.875, 3.5], "texture": "#0"},
				"up": {"uv": [7.6875, 3.3125, 7.5, 3.125], "texture": "#0"},
				"down": {"uv": [7.875, 3.125, 7.6875, 3.3125], "texture": "#0"}
			}
		},
		{
			"from": [28, -12, 8],
			"to": [31, -9, 11],
			"rotation": {"angle": 0, "axis": "y", "origin": [7.86154, 1.72086, 7.631]},
			"faces": {
				"north": {"uv": [7.5, 2, 7.6875, 2.1875], "texture": "#0"},
				"east": {"uv": [7.3125, 2, 7.5, 2.1875], "texture": "#0"},
				"south": {"uv": [7.875, 2, 8.0625, 2.1875], "texture": "#0"},
				"west": {"uv": [7.6875, 2, 7.875, 2.1875], "texture": "#0"},
				"up": {"uv": [7.6875, 2, 7.5, 1.8125], "texture": "#0"},
				"down": {"uv": [7.875, 1.8125, 7.6875, 2], "texture": "#0"}
			}
		},
		{
			"from": [-16, -16, 8],
			"to": [32, -13, 11],
			"rotation": {"angle": 0, "axis": "y", "origin": [7.86154, 1.72086, 7.631]},
			"faces": {
				"north": {"uv": [5.125, 4.6875, 8.125, 4.875], "texture": "#0"},
				"east": {"uv": [4.9375, 4.6875, 5.125, 4.875], "texture": "#0"},
				"south": {"uv": [8.3125, 4.6875, 11.3125, 4.875], "texture": "#0"},
				"west": {"uv": [8.125, 4.6875, 8.3125, 4.875], "texture": "#0"},
				"up": {"uv": [8.125, 4.6875, 5.125, 4.5], "texture": "#0"},
				"down": {"uv": [11.125, 4.5, 8.125, 4.6875], "texture": "#0"}
			}
		},
		{
			"from": [-16, -16, 7],
			"to": [32, 11, 7],
			"rotation": {"angle": 0, "axis": "y", "origin": [7.86154, 1.72086, 7.631]},
			"faces": {
				"north": {"uv": [0, 2.8125, 3, 4.5], "texture": "#0"},
				"east": {"uv": [0, 2.8125, 0, 4.5], "texture": "#0"},
				"south": {"uv": [3, 2.8125, 6, 4.5], "texture": "#0"},
				"west": {"uv": [3, 2.8125, 3, 4.5], "texture": "#0"},
				"up": {"uv": [3, 2.8125, 0, 2.8125], "texture": "#0"},
				"down": {"uv": [6, 2.8125, 3, 2.8125], "texture": "#0"}
			}
		},
		{
			"from": [-16, -16, 7],
			"to": [32, 11, 7],
			"rotation": {"angle": 0, "axis": "y", "origin": [7.86154, 1.72086, 7.631]},
			"faces": {
				"north": {"uv": [0, 2.8125, 3, 4.5], "texture": "#0"},
				"east": {"uv": [0, 2.8125, 0, 4.5], "texture": "#0"},
				"south": {"uv": [3, 2.8125, 6, 4.5], "texture": "#0"},
				"west": {"uv": [3, 2.8125, 3, 4.5], "texture": "#0"},
				"up": {"uv": [3, 2.8125, 0, 2.8125], "texture": "#0"},
				"down": {"uv": [6, 2.8125, 3, 2.8125], "texture": "#0"}
			}
		},
		{
			"from": [-16, -16, 14],
			"to": [32, -13, 17],
			"rotation": {"angle": 0, "axis": "y", "origin": [7.86154, 1.72086, 7.631]},
			"faces": {
				"north": {"uv": [5.125, 5.125, 8.125, 5.3125], "texture": "#0"},
				"east": {"uv": [4.9375, 5.125, 5.125, 5.3125], "texture": "#0"},
				"south": {"uv": [8.3125, 5.125, 11.3125, 5.3125], "texture": "#0"},
				"west": {"uv": [8.125, 5.125, 8.3125, 5.3125], "texture": "#0"},
				"up": {"uv": [8.125, 5.125, 5.125, 4.9375], "texture": "#0"},
				"down": {"uv": [11.125, 4.9375, 8.125, 5.125], "texture": "#0"}
			}
		},
		{
			"from": [-16, 14, 8],
			"to": [32, 17, 17],
			"rotation": {"angle": 0, "axis": "y", "origin": [7.86154, 1.72086, 7.631]},
			"faces": {
				"north": {"uv": [0.5625, 2.625, 3.5625, 2.8125], "texture": "#0"},
				"east": {"uv": [0, 2.625, 0.5625, 2.8125], "texture": "#0"},
				"south": {"uv": [4.125, 2.625, 7.125, 2.8125], "texture": "#0"},
				"west": {"uv": [3.5625, 2.625, 4.125, 2.8125], "texture": "#0"},
				"up": {"uv": [3.5625, 2.625, 0.5625, 2.0625], "texture": "#0"},
				"down": {"uv": [6.5625, 2.0625, 3.5625, 2.625], "texture": "#0"}
			}
		},
		{
			"from": [-8, 17, 8],
			"to": [24, 32, 17],
			"rotation": {"angle": 0, "axis": "y", "origin": [7.86154, 1.72086, 7.631]},
			"faces": {
				"north": {"uv": [5.875, 5.875, 7.875, 6.8125], "texture": "#0"},
				"east": {"uv": [5.3125, 5.875, 5.875, 6.8125], "texture": "#0"},
				"south": {"uv": [8.4375, 5.875, 10.4375, 6.8125], "texture": "#0"},
				"west": {"uv": [7.875, 5.875, 8.4375, 6.8125], "texture": "#0"},
				"up": {"uv": [7.875, 5.875, 5.875, 5.3125], "texture": "#0"},
				"down": {"uv": [9.875, 5.3125, 7.875, 5.875], "texture": "#0"}
			}
		},
		{
			"from": [23, 16, -5],
			"to": [23, 29, 8],
			"rotation": {"angle": 0, "axis": "y", "origin": [6.86154, 2.72086, 7.631]},
			"faces": {
				"north": {"uv": [0.8125, 6, 0.8125, 6.8125], "texture": "#0"},
				"east": {"uv": [0, 6, 0.8125, 6.8125], "texture": "#0"},
				"south": {"uv": [1.625, 6, 1.625, 6.8125], "texture": "#0"},
				"west": {"uv": [0.8125, 6, 1.625, 6.8125], "texture": "#0"},
				"up": {"uv": [0.8125, 6, 0.8125, 5.1875], "texture": "#0"},
				"down": {"uv": [0.8125, 5.1875, 0.8125, 6], "texture": "#0"}
			}
		},
		{
			"from": [23, 16, 16],
			"to": [23, 29, 29],
			"rotation": {"angle": 0, "axis": "y", "origin": [8, 22.5, 22.5]},
			"faces": {
				"north": {"uv": [0.8125, 8.8125, 0.8125, 9.625], "texture": "#0"},
				"east": {"uv": [0, 8.8125, 0.8125, 9.625], "texture": "#0"},
				"south": {"uv": [1.625, 8.8125, 1.625, 9.625], "texture": "#0"},
				"west": {"uv": [0.8125, 8.8125, 1.625, 9.625], "texture": "#0"},
				"up": {"uv": [0.8125, 8.8125, 0.8125, 8], "texture": "#0"},
				"down": {"uv": [0.8125, 8, 0.8125, 8.8125], "texture": "#0"}
			}
		},
		{
			"from": [-7, 16, 16],
			"to": [-7, 29, 29],
			"rotation": {"angle": 0, "axis": "y", "origin": [-22, 22.5, 22.5]},
			"faces": {
				"north": {"uv": [0.8125, 8.8125, 0.8125, 9.625], "texture": "#0"},
				"east": {"uv": [0, 8.8125, 0.8125, 9.625], "texture": "#0"},
				"south": {"uv": [1.625, 8.8125, 1.625, 9.625], "texture": "#0"},
				"west": {"uv": [0.8125, 8.8125, 1.625, 9.625], "texture": "#0"},
				"up": {"uv": [0.8125, 8.8125, 0.8125, 8], "texture": "#0"},
				"down": {"uv": [0.8125, 8, 0.8125, 8.8125], "texture": "#0"}
			}
		},
		{
			"from": [8, 16, 16],
			"to": [8, 29, 29],
			"rotation": {"angle": 0, "axis": "y", "origin": [-7, 22.5, 22.5]},
			"faces": {
				"north": {"uv": [0.8125, 8.8125, 0.8125, 9.625], "texture": "#0"},
				"east": {"uv": [0, 8.8125, 0.8125, 9.625], "texture": "#0"},
				"south": {"uv": [1.625, 8.8125, 1.625, 9.625], "texture": "#0"},
				"west": {"uv": [0.8125, 8.8125, 1.625, 9.625], "texture": "#0"},
				"up": {"uv": [0.8125, 8.8125, 0.8125, 8], "texture": "#0"},
				"down": {"uv": [0.8125, 8, 0.8125, 8.8125], "texture": "#0"}
			}
		},
		{
			"from": [8, 16, -5],
			"to": [8, 29, 8],
			"rotation": {"angle": 0, "axis": "y", "origin": [-8.13846, 2.72086, 7.631]},
			"faces": {
				"north": {"uv": [0.8125, 6, 0.8125, 6.8125], "texture": "#0"},
				"east": {"uv": [0, 6, 0.8125, 6.8125], "texture": "#0"},
				"south": {"uv": [1.625, 6, 1.625, 6.8125], "texture": "#0"},
				"west": {"uv": [0.8125, 6, 1.625, 6.8125], "texture": "#0"},
				"up": {"uv": [0.8125, 6, 0.8125, 5.1875], "texture": "#0"},
				"down": {"uv": [0.8125, 5.1875, 0.8125, 6], "texture": "#0"}
			}
		},
		{
			"from": [-7, 16, -5],
			"to": [-7, 29, 8],
			"rotation": {"angle": 0, "axis": "y", "origin": [-23.13846, 2.72086, 7.631]},
			"faces": {
				"north": {"uv": [0.8125, 6, 0.8125, 6.8125], "texture": "#0"},
				"east": {"uv": [0, 6, 0.8125, 6.8125], "texture": "#0"},
				"south": {"uv": [1.625, 6, 1.625, 6.8125], "texture": "#0"},
				"west": {"uv": [0.8125, 6, 1.625, 6.8125], "texture": "#0"},
				"up": {"uv": [0.8125, 6, 0.8125, 5.1875], "texture": "#0"},
				"down": {"uv": [0.8125, 5.1875, 0.8125, 6], "texture": "#0"}
			}
		},
		{
			"from": [-8, 28.55393, -1.44076],
			"to": [24, 29.55393, 4.55924],
			"rotation": {"angle": -22.5, "axis": "x", "origin": [7.86154, 1.72086, 7.631]},
			"faces": {
				"north": {"uv": [0.375, 5.9375, 2.375, 6], "texture": "#0"},
				"east": {"uv": [0, 5.9375, 0.375, 6], "texture": "#0"},
				"south": {"uv": [2.75, 5.9375, 4.75, 6], "texture": "#0"},
				"west": {"uv": [2.375, 5.9375, 2.75, 6], "texture": "#0"},
				"up": {"uv": [2.375, 5.9375, 0.375, 5.5625], "texture": "#0"},
				"down": {"uv": [4.375, 5.5625, 2.375, 5.9375], "texture": "#0"}
			}
		},
		{
			"from": [-8, 28.55393, 20.44076],
			"to": [24, 29.55393, 26.44076],
			"rotation": {"angle": 22.5, "axis": "x", "origin": [7.86154, 1.72086, 17.369]},
			"faces": {
				"north": {"uv": [0.375, 5.9375, 2.375, 6], "texture": "#0"},
				"east": {"uv": [0, 5.9375, 0.375, 6], "texture": "#0"},
				"south": {"uv": [2.75, 5.9375, 4.75, 6], "texture": "#0"},
				"west": {"uv": [2.375, 5.9375, 2.75, 6], "texture": "#0"},
				"up": {"uv": [2.375, 5.9375, 0.375, 5.5625], "texture": "#0"},
				"down": {"uv": [4.375, 5.5625, 2.375, 5.9375], "texture": "#0"}
			}
		},
		{
			"from": [-8, 27.55393, 4.55924],
			"to": [24, 29.55393, 19.55924],
			"rotation": {"angle": -22.5, "axis": "x", "origin": [7.86154, 1.72086, 7.631]},
			"faces": {
				"north": {"uv": [0.9375, 5.4375, 2.9375, 5.5625], "texture": "#0"},
				"east": {"uv": [0, 5.4375, 0.9375, 5.5625], "texture": "#0"},
				"south": {"uv": [3.875, 5.4375, 5.875, 5.5625], "texture": "#0"},
				"west": {"uv": [2.9375, 5.4375, 3.875, 5.5625], "texture": "#0"},
				"up": {"uv": [2.9375, 5.4375, 0.9375, 4.5], "texture": "#0"},
				"down": {"uv": [4.9375, 4.5, 2.9375, 5.4375], "texture": "#0"}
			}
		},
		{
			"from": [-8, 27.55393, 5.44076],
			"to": [24, 29.55393, 20.44076],
			"rotation": {"angle": 22.5, "axis": "x", "origin": [7.86154, 1.72086, 17.369]},
			"faces": {
				"north": {"uv": [0.9375, 5.4375, 2.9375, 5.5625], "texture": "#0"},
				"east": {"uv": [0, 5.4375, 0.9375, 5.5625], "texture": "#0"},
				"south": {"uv": [3.875, 5.4375, 5.875, 5.5625], "texture": "#0"},
				"west": {"uv": [2.9375, 5.4375, 3.875, 5.5625], "texture": "#0"},
				"up": {"uv": [2.9375, 5.4375, 0.9375, 4.5], "texture": "#0"},
				"down": {"uv": [4.9375, 4.5, 2.9375, 5.4375], "texture": "#0"}
			}
		},
		{
			"from": [-16, -16, 11],
			"to": [32, 14, 14],
			"rotation": {"angle": 0, "axis": "y", "origin": [7.86154, 1.72086, 7.631]},
			"faces": {
				"north": {"uv": [0.1875, 0.1875, 3.1875, 2.0625], "texture": "#0"},
				"east": {"uv": [0, 0.1875, 0.1875, 2.0625], "texture": "#0"},
				"south": {"uv": [3.375, 0.1875, 6.375, 2.0625], "texture": "#0"},
				"west": {"uv": [3.1875, 0.1875, 3.375, 2.0625], "texture": "#0"},
				"up": {"uv": [3.1875, 0.1875, 0.1875, 0], "texture": "#0"},
				"down": {"uv": [6.1875, 0, 3.1875, 0.1875], "texture": "#0"}
			}
		},
		{
			"from": [-6, 18, -11],
			"to": [-6, 24, -10],
			"rotation": {"angle": 0, "axis": "y", "origin": [7.86154, 1.72086, 7.631]},
			"faces": {
				"north": {"uv": [0.8125, 4.5, 0.8125, 4.875], "texture": "#0"},
				"east": {"uv": [0.75, 4.5, 0.8125, 4.875], "texture": "#0"},
				"south": {"uv": [0.875, 4.5, 0.875, 4.875], "texture": "#0"},
				"west": {"uv": [0.8125, 4.5, 0.875, 4.875], "texture": "#0"},
				"up": {"uv": [0.8125, 4.5, 0.8125, 4.4375], "texture": "#0"},
				"down": {"uv": [0.8125, 4.4375, 0.8125, 4.5], "texture": "#0"}
			}
		},
		{
			"from": [-6.5, 18, -10.5],
			"to": [-5.5, 24, -10.5],
			"rotation": {"angle": 0, "axis": "y", "origin": [7.86154, 1.72086, 7.631]},
			"faces": {
				"north": {"uv": [0.75, 4.875, 0.8125, 5.25], "texture": "#0"},
				"east": {"uv": [0.75, 4.875, 0.75, 5.25], "texture": "#0"},
				"south": {"uv": [0.8125, 4.875, 0.875, 5.25], "texture": "#0"},
				"west": {"uv": [0.8125, 4.875, 0.8125, 5.25], "texture": "#0"},
				"up": {"uv": [0.8125, 4.875, 0.75, 4.875], "texture": "#0"},
				"down": {"uv": [0.875, 4.875, 0.8125, 4.875], "texture": "#0"}
			}
		},
		{
			"from": [-9, 16, -13.5],
			"to": [-3, 18, -7.5],
			"rotation": {"angle": 0, "axis": "y", "origin": [7.86154, 1.72086, 7.631]},
			"faces": {
				"north": {"uv": [6.375, 3.1875, 6.75, 3.3125], "texture": "#0"},
				"east": {"uv": [6, 3.1875, 6.375, 3.3125], "texture": "#0"},
				"south": {"uv": [7.125, 3.1875, 7.5, 3.3125], "texture": "#0"},
				"west": {"uv": [6.75, 3.1875, 7.125, 3.3125], "texture": "#0"},
				"up": {"uv": [6.75, 3.1875, 6.375, 2.8125], "texture": "#0"},
				"down": {"uv": [7.125, 2.8125, 6.75, 3.1875], "texture": "#0"}
			}
		},
		{
			"from": [-10, 8, -14.5],
			"to": [-2, 16, -6.5],
			"rotation": {"angle": 0, "axis": "y", "origin": [7.86154, 1.72086, 7.631]},
			"faces": {
				"north": {"uv": [2.125, 6.5, 2.625, 7], "texture": "#0"},
				"east": {"uv": [1.625, 6.5, 2.125, 7], "texture": "#0"},
				"south": {"uv": [3.125, 6.5, 3.625, 7], "texture": "#0"},
				"west": {"uv": [2.625, 6.5, 3.125, 7], "texture": "#0"},
				"up": {"uv": [2.625, 6.5, 2.125, 6], "texture": "#0"},
				"down": {"uv": [3.125, 6, 2.625, 6.5], "texture": "#0"}
			}
		},
		{
			"from": [-9, 6, -13.5],
			"to": [-3, 8, -7.5],
			"rotation": {"angle": 0, "axis": "y", "origin": [7.86154, 1.72086, 7.631]},
			"faces": {
				"north": {"uv": [3.5, 6.375, 3.875, 6.5], "texture": "#0"},
				"east": {"uv": [3.125, 6.375, 3.5, 6.5], "texture": "#0"},
				"south": {"uv": [4.25, 6.375, 4.625, 6.5], "texture": "#0"},
				"west": {"uv": [3.875, 6.375, 4.25, 6.5], "texture": "#0"},
				"up": {"uv": [3.875, 6.375, 3.5, 6], "texture": "#0"},
				"down": {"uv": [4.25, 6, 3.875, 6.375], "texture": "#0"}
			}
		}
	],
	"display": {
		"head": {
			"translation": [0, 16.75, -15.5],
			"scale": [2.5, 2.5, 2.5]
		}
	},
	"groups": [
		{
			"name": "empire_survival",
			"origin": [8, 8, 8],
			"children": [
				{
					"name": "text",
					"origin": [8, 8, 8],
					"children": [
						{
							"name": "empire",
							"origin": [34, -6, 8],
							"children": [0, 1, 2, 3, 4, 5, 6, 7, 8, 9, 10, 11, 12, 13, 14, 15, 16, 17, 18, 19, 20, 21, 22]
						},
						{
							"name": "survival",
							"origin": [36, -18, 8],
							"children": [23, 24, 25, 26, 27, 28, 29, 30, 31, 32, 33, 34, 35, 36, 37, 38, 39, 40, 41, 42, 43, 44, 45, 46, 47, 48, 49, 50]
						}
					]
				}, 51, 52, 53, 54, 55, 56, 57, 58, 59, 60, 61, 62, 63, 64, 65, 66, 67,
				{
					"name": "lantern",
					"origin": [-7, 10.5, 0.5],
					"children": [68, 69, 70, 71, 72]
				}
			]
		}
	]
}