{
	"credit": "Made with Blockbench",
	"texture_size": [128, 128],
	"textures": {
		"0": "signs/kingdom_survival",
		"particle": "signs/kingdom_survival"
	},
	"elements": [
		{
			"from": [21.29593, 5.4, -1.4],
			"to": [23.09593, 7.2, 0.4],
			"rotation": {"angle": 0, "axis": "y", "origin": [10.96189, 4.85744, -0.5]},
			"faces": {
				"north": {"uv": [10.25, 14.625, 10.625, 15], "texture": "#0"},
				"east": {"uv": [9.875, 14.625, 10.25, 15], "texture": "#0"},
				"south": {"uv": [11, 14.625, 11.375, 15], "texture": "#0"},
				"west": {"uv": [10.625, 14.625, 11, 15], "texture": "#0"},
				"up": {"uv": [10.625, 14.625, 10.25, 14.25], "texture": "#0"},
				"down": {"uv": [11, 14.25, 10.625, 14.625], "texture": "#0"}
			}
		},
		{
			"from": [21.29593, 3, -1.4],
			"to": [23.69593, 4.8, 0.4],
			"rotation": {"angle": 0, "axis": "y", "origin": [10.96189, 4.85744, -0.5]},
			"faces": {
				"north": {"uv": [14.125, 8.25, 14.625, 8.625], "texture": "#0"},
				"east": {"uv": [13.75, 8.25, 14.125, 8.625], "texture": "#0"},
				"south": {"uv": [15, 8.25, 15.5, 8.625], "texture": "#0"},
				"west": {"uv": [14.625, 8.25, 15, 8.625], "texture": "#0"},
				"up": {"uv": [14.625, 8.25, 14.125, 7.875], "texture": "#0"},
				"down": {"uv": [15.125, 7.875, 14.625, 8.25], "texture": "#0"}
			}
		},
		{
			"from": [23.69593, 0.6, -1.4],
			"to": [25.49593, 4.8, 0.4],
			"rotation": {"angle": 0, "axis": "y", "origin": [10.96189, 4.85744, -0.5]},
			"faces": {
				"north": {"uv": [3.125, 13, 3.5, 13.875], "texture": "#0"},
				"east": {"uv": [2.75, 13, 3.125, 13.875], "texture": "#0"},
				"south": {"uv": [3.875, 13, 4.25, 13.875], "texture": "#0"},
				"west": {"uv": [3.5, 13, 3.875, 13.875], "texture": "#0"},
				"up": {"uv": [3.5, 13, 3.125, 12.625], "texture": "#0"},
				"down": {"uv": [3.875, 12.625, 3.5, 13], "texture": "#0"}
			}
		},
		{
			"from": [21.29593, 0.6, -1.4],
			"to": [23.69593, 2.4, 0.4],
			"rotation": {"angle": 0, "axis": "y", "origin": [10.96189, 4.85744, -0.5]},
			"faces": {
				"north": {"uv": [14.125, 5.375, 14.625, 5.75], "texture": "#0"},
				"east": {"uv": [13.75, 5.375, 14.125, 5.75], "texture": "#0"},
				"south": {"uv": [15, 5.375, 15.5, 5.75], "texture": "#0"},
				"west": {"uv": [14.625, 5.375, 15, 5.75], "texture": "#0"},
				"up": {"uv": [14.625, 5.375, 14.125, 5], "texture": "#0"},
				"down": {"uv": [15.125, 5, 14.625, 5.375], "texture": "#0"}
			}
		},
		{
			"from": [21.29593, -1.8, -1.4],
			"to": [23.09593, 0.6, 0.4],
			"rotation": {"angle": 0, "axis": "y", "origin": [10.96189, 4.85744, -0.5]},
			"faces": {
				"north": {"uv": [14.25, 0.375, 14.625, 0.875], "texture": "#0"},
				"east": {"uv": [13.875, 0.375, 14.25, 0.875], "texture": "#0"},
				"south": {"uv": [15, 0.375, 15.375, 0.875], "texture": "#0"},
				"west": {"uv": [14.625, 0.375, 15, 0.875], "texture": "#0"},
				"up": {"uv": [14.625, 0.375, 14.25, 0], "texture": "#0"},
				"down": {"uv": [15, 0, 14.625, 0.375], "texture": "#0"}
			}
		},
		{
			"from": [23.09593, -1.8, -1.4],
			"to": [25.49593, 0, 0.4],
			"rotation": {"angle": 0, "axis": "y", "origin": [10.96189, 4.85744, -0.5]},
			"faces": {
				"north": {"uv": [13.75, 7.5, 14.25, 7.875], "texture": "#0"},
				"east": {"uv": [13.375, 7.5, 13.75, 7.875], "texture": "#0"},
				"south": {"uv": [14.625, 7.5, 15.125, 7.875], "texture": "#0"},
				"west": {"uv": [14.25, 7.5, 14.625, 7.875], "texture": "#0"},
				"up": {"uv": [14.25, 7.5, 13.75, 7.125], "texture": "#0"},
				"down": {"uv": [14.75, 7.125, 14.25, 7.5], "texture": "#0"}
			}
		},
		{
			"from": [18.89593, 0, -1.4],
			"to": [20.69593, 4.8, 0.4],
			"rotation": {"angle": 0, "axis": "y", "origin": [10.96189, 4.85744, -0.5]},
			"faces": {
				"north": {"uv": [12.625, 6.5, 13, 7.5], "texture": "#0"},
				"east": {"uv": [12.25, 6.5, 12.625, 7.5], "texture": "#0"},
				"south": {"uv": [13.375, 6.5, 13.75, 7.5], "texture": "#0"},
				"west": {"uv": [13, 6.5, 13.375, 7.5], "texture": "#0"},
				"up": {"uv": [13, 6.5, 12.625, 6.125], "texture": "#0"},
				"down": {"uv": [13.375, 6.125, 13, 6.5], "texture": "#0"}
			}
		},
		{
			"from": [16.49593, -1.8, -1.4],
			"to": [20.69593, 0, 0.4],
			"rotation": {"angle": 0, "axis": "y", "origin": [10.96189, 4.85744, -0.5]},
			"faces": {
				"north": {"uv": [10.125, 7.375, 11, 7.75], "texture": "#0"},
				"east": {"uv": [9.75, 7.375, 10.125, 7.75], "texture": "#0"},
				"south": {"uv": [11.375, 7.375, 12.25, 7.75], "texture": "#0"},
				"west": {"uv": [11, 7.375, 11.375, 7.75], "texture": "#0"},
				"up": {"uv": [11, 7.375, 10.125, 7], "texture": "#0"},
				"down": {"uv": [11.875, 7, 11, 7.375], "texture": "#0"}
			}
		},
		{
			"from": [16.49593, 0, -1.4],
			"to": [18.29593, 4.8, 0.4],
			"rotation": {"angle": 0, "axis": "y", "origin": [10.96189, 4.85744, -0.5]},
			"faces": {
				"north": {"uv": [12.625, 5.125, 13, 6.125], "texture": "#0"},
				"east": {"uv": [12.25, 5.125, 12.625, 6.125], "texture": "#0"},
				"south": {"uv": [13.375, 5.125, 13.75, 6.125], "texture": "#0"},
				"west": {"uv": [13, 5.125, 13.375, 6.125], "texture": "#0"},
				"up": {"uv": [13, 5.125, 12.625, 4.75], "texture": "#0"},
				"down": {"uv": [13.375, 4.75, 13, 5.125], "texture": "#0"}
			}
		},
		{
			"from": [14.09593, -1.8, -1.4],
			"to": [15.89593, 4.8, 0.4],
			"rotation": {"angle": 0, "axis": "y", "origin": [10.96189, 4.85744, -0.5]},
			"faces": {
				"north": {"uv": [3.375, 11.25, 3.75, 12.625], "texture": "#0"},
				"east": {"uv": [3, 11.25, 3.375, 12.625], "texture": "#0"},
				"south": {"uv": [4.125, 11.25, 4.5, 12.625], "texture": "#0"},
				"west": {"uv": [3.75, 11.25, 4.125, 12.625], "texture": "#0"},
				"up": {"uv": [3.75, 11.25, 3.375, 10.875], "texture": "#0"},
				"down": {"uv": [4.125, 10.875, 3.75, 11.25], "texture": "#0"}
			}
		},
		{
			"from": [12.89593, 0, -1.4],
			"to": [14.09593, 1.2, 0.4],
			"rotation": {"angle": 0, "axis": "y", "origin": [10.96189, 4.85744, -0.5]},
			"faces": {
				"north": {"uv": [14.125, 6.875, 14.375, 7.125], "texture": "#0"},
				"east": {"uv": [13.75, 6.875, 14.125, 7.125], "texture": "#0"},
				"south": {"uv": [14.75, 6.875, 15, 7.125], "texture": "#0"},
				"west": {"uv": [14.375, 6.875, 14.75, 7.125], "texture": "#0"},
				"up": {"uv": [14.375, 6.875, 14.125, 6.5], "texture": "#0"},
				"down": {"uv": [14.625, 6.5, 14.375, 6.875], "texture": "#0"}
			}
		},
		{
			"from": [11.69593, 3, -1.4],
			"to": [14.09593, 4.8, 0.4],
			"rotation": {"angle": 0, "axis": "y", "origin": [10.96189, 4.85744, -0.5]},
			"faces": {
				"north": {"uv": [13.75, 6.125, 14.25, 6.5], "texture": "#0"},
				"east": {"uv": [13.375, 6.125, 13.75, 6.5], "texture": "#0"},
				"south": {"uv": [14.625, 6.125, 15.125, 6.5], "texture": "#0"},
				"west": {"uv": [14.25, 6.125, 14.625, 6.5], "texture": "#0"},
				"up": {"uv": [14.25, 6.125, 13.75, 5.75], "texture": "#0"},
				"down": {"uv": [14.75, 5.75, 14.25, 6.125], "texture": "#0"}
			}
		},
		{
			"from": [11.69593, 1.2, -1.4],
			"to": [13.49593, 3, 0.4],
			"rotation": {"angle": 0, "axis": "y", "origin": [10.96189, 4.85744, -0.5]},
			"faces": {
				"north": {"uv": [8.75, 14.5, 9.125, 14.875], "texture": "#0"},
				"east": {"uv": [8.375, 14.5, 8.75, 14.875], "texture": "#0"},
				"south": {"uv": [9.5, 14.5, 9.875, 14.875], "texture": "#0"},
				"west": {"uv": [9.125, 14.5, 9.5, 14.875], "texture": "#0"},
				"up": {"uv": [9.125, 14.5, 8.75, 14.125], "texture": "#0"},
				"down": {"uv": [9.5, 14.125, 9.125, 14.5], "texture": "#0"}
			}
		},
		{
			"from": [11.69593, -1.8, -1.4],
			"to": [13.49593, 0, 0.4],
			"rotation": {"angle": 0, "axis": "y", "origin": [10.96189, 4.85744, -0.5]},
			"faces": {
				"north": {"uv": [7.25, 14.5, 7.625, 14.875], "texture": "#0"},
				"east": {"uv": [6.875, 14.5, 7.25, 14.875], "texture": "#0"},
				"south": {"uv": [8, 14.5, 8.375, 14.875], "texture": "#0"},
				"west": {"uv": [7.625, 14.5, 8, 14.875], "texture": "#0"},
				"up": {"uv": [7.625, 14.5, 7.25, 14.125], "texture": "#0"},
				"down": {"uv": [8, 14.125, 7.625, 14.5], "texture": "#0"}
			}
		},
		{
			"from": [7.49593, 0, -1.4],
			"to": [10.49593, 1.2, 0.4],
			"rotation": {"angle": 0, "axis": "y", "origin": [10.96189, 4.85744, -0.5]},
			"faces": {
				"north": {"uv": [13, 12, 13.625, 12.25], "texture": "#0"},
				"east": {"uv": [12.625, 12, 13, 12.25], "texture": "#0"},
				"south": {"uv": [14, 12, 14.625, 12.25], "texture": "#0"},
				"west": {"uv": [13.625, 12, 14, 12.25], "texture": "#0"},
				"up": {"uv": [13.625, 12, 13, 11.625], "texture": "#0"},
				"down": {"uv": [14.25, 11.625, 13.625, 12], "texture": "#0"}
			}
		},
		{
			"from": [9.29593, 1.2, -1.4],
			"to": [11.09593, 4.8, 0.4],
			"rotation": {"angle": 0, "axis": "y", "origin": [10.96189, 4.85744, -0.5]},
			"faces": {
				"north": {"uv": [12.375, 13.625, 12.75, 14.375], "texture": "#0"},
				"east": {"uv": [12, 13.625, 12.375, 14.375], "texture": "#0"},
				"south": {"uv": [13.125, 13.625, 13.5, 14.375], "texture": "#0"},
				"west": {"uv": [12.75, 13.625, 13.125, 14.375], "texture": "#0"},
				"up": {"uv": [12.75, 13.625, 12.375, 13.25], "texture": "#0"},
				"down": {"uv": [13.125, 13.25, 12.75, 13.625], "texture": "#0"}
			}
		},
		{
			"from": [6.89593, 1.2, -1.4],
			"to": [8.69593, 4.8, 0.4],
			"rotation": {"angle": 0, "axis": "y", "origin": [10.96189, 4.85744, -0.5]},
			"faces": {
				"north": {"uv": [10.875, 13.5, 11.25, 14.25], "texture": "#0"},
				"east": {"uv": [10.5, 13.5, 10.875, 14.25], "texture": "#0"},
				"south": {"uv": [11.625, 13.5, 12, 14.25], "texture": "#0"},
				"west": {"uv": [11.25, 13.5, 11.625, 14.25], "texture": "#0"},
				"up": {"uv": [11.25, 13.5, 10.875, 13.125], "texture": "#0"},
				"down": {"uv": [11.625, 13.125, 11.25, 13.5], "texture": "#0"}
			}
		},
		{
			"from": [8.09593, -1.8, -1.4],
			"to": [9.89593, 0, 0.4],
			"rotation": {"angle": 0, "axis": "y", "origin": [10.96189, 4.85744, -0.5]},
			"faces": {
				"north": {"uv": [14.375, 9, 14.75, 9.375], "texture": "#0"},
				"east": {"uv": [14, 9, 14.375, 9.375], "texture": "#0"},
				"south": {"uv": [15.125, 9, 15.5, 9.375], "texture": "#0"},
				"west": {"uv": [14.75, 9, 15.125, 9.375], "texture": "#0"},
				"up": {"uv": [14.75, 9, 14.375, 8.625], "texture": "#0"},
				"down": {"uv": [15.125, 8.625, 14.75, 9], "texture": "#0"}
			}
		},
		{
			"from": [4.49593, -1.8, -1.4],
			"to": [6.29593, 4.8, 0.4],
			"rotation": {"angle": 0, "axis": "y", "origin": [10.96189, 4.85744, -0.5]},
			"faces": {
				"north": {"uv": [10.875, 2.625, 11.25, 4], "texture": "#0"},
				"east": {"uv": [10.5, 2.625, 10.875, 4], "texture": "#0"},
				"south": {"uv": [11.625, 2.625, 12, 4], "texture": "#0"},
				"west": {"uv": [11.25, 2.625, 11.625, 4], "texture": "#0"},
				"up": {"uv": [11.25, 2.625, 10.875, 2.25], "texture": "#0"},
				"down": {"uv": [11.625, 2.25, 11.25, 2.625], "texture": "#0"}
			}
		},
		{
			"from": [2.09593, 1.2, -1.4],
			"to": [3.89593, 4.8, 0.4],
			"rotation": {"angle": 0, "axis": "y", "origin": [10.96189, 4.85744, -0.5]},
			"faces": {
				"north": {"uv": [13.125, 10, 13.5, 10.75], "texture": "#0"},
				"east": {"uv": [12.75, 10, 13.125, 10.75], "texture": "#0"},
				"south": {"uv": [13.875, 10, 14.25, 10.75], "texture": "#0"},
				"west": {"uv": [13.5, 10, 13.875, 10.75], "texture": "#0"},
				"up": {"uv": [13.5, 10, 13.125, 9.625], "texture": "#0"},
				"down": {"uv": [13.875, 9.625, 13.5, 10], "texture": "#0"}
			}
		},
		{
			"from": [0.29593, 0, -1.4],
			"to": [3.29593, 1.2, 0.4],
			"rotation": {"angle": 0, "axis": "y", "origin": [10.96189, 4.85744, -0.5]},
			"faces": {
				"north": {"uv": [13, 13, 13.625, 13.25], "texture": "#0"},
				"east": {"uv": [12.625, 13, 13, 13.25], "texture": "#0"},
				"south": {"uv": [14, 13, 14.625, 13.25], "texture": "#0"},
				"west": {"uv": [13.625, 13, 14, 13.25], "texture": "#0"},
				"up": {"uv": [13.625, 13, 13, 12.625], "texture": "#0"},
				"down": {"uv": [14.25, 12.625, 13.625, 13], "texture": "#0"}
			}
		},
		{
			"from": [0.89593, -1.8, -1.4],
			"to": [2.69593, 0, 0.4],
			"rotation": {"angle": 0, "axis": "y", "origin": [10.96189, 4.85744, -0.5]},
			"faces": {
				"north": {"uv": [14.25, 10.75, 14.625, 11.125], "texture": "#0"},
				"east": {"uv": [13.875, 10.75, 14.25, 11.125], "texture": "#0"},
				"south": {"uv": [15, 10.75, 15.375, 11.125], "texture": "#0"},
				"west": {"uv": [14.625, 10.75, 15, 11.125], "texture": "#0"},
				"up": {"uv": [14.625, 10.75, 14.25, 10.375], "texture": "#0"},
				"down": {"uv": [15, 10.375, 14.625, 10.75], "texture": "#0"}
			}
		},
		{
			"from": [-0.30407, 1.2, -1.4],
			"to": [1.49593, 4.8, 0.4],
			"rotation": {"angle": 0, "axis": "y", "origin": [10.96189, 4.85744, -0.5]},
			"faces": {
				"north": {"uv": [4.625, 13, 5, 13.75], "texture": "#0"},
				"east": {"uv": [4.25, 13, 4.625, 13.75], "texture": "#0"},
				"south": {"uv": [5.375, 13, 5.75, 13.75], "texture": "#0"},
				"west": {"uv": [5, 13, 5.375, 13.75], "texture": "#0"},
				"up": {"uv": [5, 13, 4.625, 12.625], "texture": "#0"},
				"down": {"uv": [5.375, 12.625, 5, 13], "texture": "#0"}
			}
		},
		{
			"from": [-2.70407, -1.8, -1.4],
			"to": [-0.90407, 4.8, 0.4],
			"rotation": {"angle": 0, "axis": "y", "origin": [10.96189, 4.85744, -0.5]},
			"faces": {
				"north": {"uv": [0.375, 0.375, 0.75, 1.75], "texture": "#0"},
				"east": {"uv": [0, 0.375, 0.375, 1.75], "texture": "#0"},
				"south": {"uv": [1.125, 0.375, 1.5, 1.75], "texture": "#0"},
				"west": {"uv": [0.75, 0.375, 1.125, 1.75], "texture": "#0"},
				"up": {"uv": [0.75, 0.375, 0.375, 0], "texture": "#0"},
				"down": {"uv": [1.125, 0, 0.75, 0.375], "texture": "#0"}
			}
		},
		{
			"from": [-3.30407, 0, -1.4],
			"to": [-2.70407, 1.8, 0.4],
			"rotation": {"angle": 0, "axis": "y", "origin": [10.96189, 4.85744, -0.5]},
			"faces": {
				"north": {"uv": [6.375, 8.625, 6.5, 9], "texture": "#0"},
				"east": {"uv": [6, 8.625, 6.375, 9], "texture": "#0"},
				"south": {"uv": [6.875, 8.625, 7, 9], "texture": "#0"},
				"west": {"uv": [6.5, 8.625, 6.875, 9], "texture": "#0"},
				"up": {"uv": [6.5, 8.625, 6.375, 8.25], "texture": "#0"},
				"down": {"uv": [6.625, 8.25, 6.5, 8.625], "texture": "#0"}
			}
		},
		{
			"from": [-3.30407, 3, -1.4],
			"to": [-2.70407, 4.8, 0.4],
			"rotation": {"angle": 0, "axis": "y", "origin": [10.96189, 4.85744, -0.5]},
			"faces": {
				"north": {"uv": [7.875, 7.125, 8, 7.5], "texture": "#0"},
				"east": {"uv": [7.5, 7.125, 7.875, 7.5], "texture": "#0"},
				"south": {"uv": [8.375, 7.125, 8.5, 7.5], "texture": "#0"},
				"west": {"uv": [8, 7.125, 8.375, 7.5], "texture": "#0"},
				"up": {"uv": [8, 7.125, 7.875, 6.75], "texture": "#0"},
				"down": {"uv": [8.125, 6.75, 8, 7.125], "texture": "#0"}
			}
		},
		{
			"from": [-3.30407, 6, -1.4],
			"to": [-2.10407, 12, 0.4],
			"rotation": {"angle": 0, "axis": "y", "origin": [10.96189, 5.45744, -0.5]},
			"faces": {
				"north": {"uv": [11.875, 9.75, 12, 11], "texture": "#0"},
				"east": {"uv": [11.5, 9.75, 11.875, 11], "texture": "#0"},
				"south": {"uv": [12.5, 9.75, 12.75, 11], "texture": "#0"},
				"west": {"uv": [12.125, 9.75, 12.5, 11], "texture": "#0"},
				"up": {"uv": [12.125, 9.75, 11.875, 9.375], "texture": "#0"},
				"down": {"uv": [12.375, 9.375, 12.125, 9.75], "texture": "#0"}
			}
		},
		{
			"from": [-1.50407, 5.4, -1.4],
			"to": [2.69593, 7.2, 0.4],
			"rotation": {"angle": 0, "axis": "y", "origin": [10.96189, 4.85744, -0.5]},
			"faces": {
				"north": {"uv": [10.125, 5.875, 11, 6.25], "texture": "#0"},
				"east": {"uv": [9.75, 5.875, 10.125, 6.25], "texture": "#0"},
				"south": {"uv": [11.375, 5.875, 12.25, 6.25], "texture": "#0"},
				"west": {"uv": [11, 5.875, 11.375, 6.25], "texture": "#0"},
				"up": {"uv": [11, 5.875, 10.125, 5.5], "texture": "#0"},
				"down": {"uv": [11.875, 5.5, 11, 5.875], "texture": "#0"}
			}
		},
		{
			"from": [-1.50407, 7.2, -1.4],
			"to": [0.29593, 10.2, 0.4],
			"rotation": {"angle": 0, "axis": "y", "origin": [10.96189, 4.85744, -0.5]},
			"faces": {
				"north": {"uv": [13.875, 2.625, 14.25, 3.25], "texture": "#0"},
				"east": {"uv": [13.5, 2.625, 13.875, 3.25], "texture": "#0"},
				"south": {"uv": [14.625, 2.625, 15, 3.25], "texture": "#0"},
				"west": {"uv": [14.25, 2.625, 14.625, 3.25], "texture": "#0"},
				"up": {"uv": [14.25, 2.625, 13.875, 2.25], "texture": "#0"},
				"down": {"uv": [14.625, 2.25, 14.25, 2.625], "texture": "#0"}
			}
		},
		{
			"from": [0.89593, 7.2, -1.4],
			"to": [2.69593, 10.2, 0.4],
			"rotation": {"angle": 0, "axis": "y", "origin": [10.96189, 4.85744, -0.5]},
			"faces": {
				"north": {"uv": [1.5, 14.125, 1.875, 14.75], "texture": "#0"},
				"east": {"uv": [1.125, 14.125, 1.5, 14.75], "texture": "#0"},
				"south": {"uv": [2.25, 14.125, 2.625, 14.75], "texture": "#0"},
				"west": {"uv": [1.875, 14.125, 2.25, 14.75], "texture": "#0"},
				"up": {"uv": [1.875, 14.125, 1.5, 13.75], "texture": "#0"},
				"down": {"uv": [2.25, 13.75, 1.875, 14.125], "texture": "#0"}
			}
		},
		{
			"from": [-1.50407, 10.2, -1.4],
			"to": [2.69593, 12, 0.4],
			"rotation": {"angle": 0, "axis": "y", "origin": [10.96189, 4.85744, -0.5]},
			"faces": {
				"north": {"uv": [10.125, 5.125, 11, 5.5], "texture": "#0"},
				"east": {"uv": [9.75, 5.125, 10.125, 5.5], "texture": "#0"},
				"south": {"uv": [11.375, 5.125, 12.25, 5.5], "texture": "#0"},
				"west": {"uv": [11, 5.125, 11.375, 5.5], "texture": "#0"},
				"up": {"uv": [11, 5.125, 10.125, 4.75], "texture": "#0"},
				"down": {"uv": [11.875, 4.75, 11, 5.125], "texture": "#0"}
			}
		},
		{
			"from": [3.29593, 7.2, -1.4],
			"to": [5.09593, 10.2, 0.4],
			"rotation": {"angle": 0, "axis": "y", "origin": [10.96189, 4.85744, -0.5]},
			"faces": {
				"north": {"uv": [4.25, 14.125, 4.625, 14.75], "texture": "#0"},
				"east": {"uv": [3.875, 14.125, 4.25, 14.75], "texture": "#0"},
				"south": {"uv": [5, 14.125, 5.375, 14.75], "texture": "#0"},
				"west": {"uv": [4.625, 14.125, 5, 14.75], "texture": "#0"},
				"up": {"uv": [4.625, 14.125, 4.25, 13.75], "texture": "#0"},
				"down": {"uv": [5, 13.75, 4.625, 14.125], "texture": "#0"}
			}
		},
		{
			"from": [3.89593, 10.2, -1.4],
			"to": [7.49593, 12, 0.4],
			"rotation": {"angle": 0, "axis": "y", "origin": [10.96189, 4.85744, -0.5]},
			"faces": {
				"north": {"uv": [10.125, 8.125, 10.875, 8.5], "texture": "#0"},
				"east": {"uv": [9.75, 8.125, 10.125, 8.5], "texture": "#0"},
				"south": {"uv": [11.25, 8.125, 12, 8.5], "texture": "#0"},
				"west": {"uv": [10.875, 8.125, 11.25, 8.5], "texture": "#0"},
				"up": {"uv": [10.875, 8.125, 10.125, 7.75], "texture": "#0"},
				"down": {"uv": [11.625, 7.75, 10.875, 8.125], "texture": "#0"}
			}
		},
		{
			"from": [5.69593, 7.2, -1.4],
			"to": [7.49593, 10.2, 0.4],
			"rotation": {"angle": 0, "axis": "y", "origin": [10.96189, 4.85744, -0.5]},
			"faces": {
				"north": {"uv": [5.75, 14.125, 6.125, 14.75], "texture": "#0"},
				"east": {"uv": [5.375, 14.125, 5.75, 14.75], "texture": "#0"},
				"south": {"uv": [6.5, 14.125, 6.875, 14.75], "texture": "#0"},
				"west": {"uv": [6.125, 14.125, 6.5, 14.75], "texture": "#0"},
				"up": {"uv": [6.125, 14.125, 5.75, 13.75], "texture": "#0"},
				"down": {"uv": [6.5, 13.75, 6.125, 14.125], "texture": "#0"}
			}
		},
		{
			"from": [3.89593, 5.4, -1.4],
			"to": [7.49593, 7.2, 0.4],
			"rotation": {"angle": 0, "axis": "y", "origin": [10.96189, 4.85744, -0.5]},
			"faces": {
				"north": {"uv": [10.875, 4.375, 11.625, 4.75], "texture": "#0"},
				"east": {"uv": [10.5, 4.375, 10.875, 4.75], "texture": "#0"},
				"south": {"uv": [12, 4.375, 12.75, 4.75], "texture": "#0"},
				"west": {"uv": [11.625, 4.375, 12, 4.75], "texture": "#0"},
				"up": {"uv": [11.625, 4.375, 10.875, 4], "texture": "#0"},
				"down": {"uv": [12.375, 4, 11.625, 4.375], "texture": "#0"}
			}
		},
		{
			"from": [8.09593, 5.4, -1.4],
			"to": [12.29593, 7.2, 0.4],
			"rotation": {"angle": 0, "axis": "y", "origin": [10.96189, 4.85744, -0.5]},
			"faces": {
				"north": {"uv": [10.125, 6.625, 11, 7], "texture": "#0"},
				"east": {"uv": [9.75, 6.625, 10.125, 7], "texture": "#0"},
				"south": {"uv": [11.375, 6.625, 12.25, 7], "texture": "#0"},
				"west": {"uv": [11, 6.625, 11.375, 7], "texture": "#0"},
				"up": {"uv": [11, 6.625, 10.125, 6.25], "texture": "#0"},
				"down": {"uv": [11.875, 6.25, 11, 6.625], "texture": "#0"}
			}
		},
		{
			"from": [8.09593, 7.2, -1.4],
			"to": [9.89593, 9, 0.4],
			"rotation": {"angle": 0, "axis": "y", "origin": [10.96189, 4.85744, -0.5]},
			"faces": {
				"north": {"uv": [14.25, 1.25, 14.625, 1.625], "texture": "#0"},
				"east": {"uv": [13.875, 1.25, 14.25, 1.625], "texture": "#0"},
				"south": {"uv": [15, 1.25, 15.375, 1.625], "texture": "#0"},
				"west": {"uv": [14.625, 1.25, 15, 1.625], "texture": "#0"},
				"up": {"uv": [14.625, 1.25, 14.25, 0.875], "texture": "#0"},
				"down": {"uv": [15, 0.875, 14.625, 1.25], "texture": "#0"}
			}
		},
		{
			"from": [10.49593, 7.2, -1.4],
			"to": [12.29593, 12, 0.4],
			"rotation": {"angle": 0, "axis": "y", "origin": [10.96189, 4.85744, -0.5]},
			"faces": {
				"north": {"uv": [12.375, 2.625, 12.75, 3.625], "texture": "#0"},
				"east": {"uv": [12, 2.625, 12.375, 3.625], "texture": "#0"},
				"south": {"uv": [13.125, 2.625, 13.5, 3.625], "texture": "#0"},
				"west": {"uv": [12.75, 2.625, 13.125, 3.625], "texture": "#0"},
				"up": {"uv": [12.75, 2.625, 12.375, 2.25], "texture": "#0"},
				"down": {"uv": [13.125, 2.25, 12.75, 2.625], "texture": "#0"}
			}
		},
		{
			"from": [8.09593, 10.2, -1.4],
			"to": [10.49593, 12, 0.4],
			"rotation": {"angle": 0, "axis": "y", "origin": [10.96189, 4.85744, -0.5]},
			"faces": {
				"north": {"uv": [13.75, 4.625, 14.25, 5], "texture": "#0"},
				"east": {"uv": [13.375, 4.625, 13.75, 5], "texture": "#0"},
				"south": {"uv": [14.625, 4.625, 15.125, 5], "texture": "#0"},
				"west": {"uv": [14.25, 4.625, 14.625, 5], "texture": "#0"},
				"up": {"uv": [14.25, 4.625, 13.75, 4.25], "texture": "#0"},
				"down": {"uv": [14.75, 4.25, 14.25, 4.625], "texture": "#0"}
			}
		},
		{
			"from": [12.89593, 5.4, -1.4],
			"to": [14.69593, 12, 0.4],
			"rotation": {"angle": 0, "axis": "y", "origin": [10.96189, 4.85744, -0.5]},
			"faces": {
				"north": {"uv": [10.875, 2.625, 11.25, 4], "texture": "#0"},
				"east": {"uv": [10.5, 2.625, 10.875, 4], "texture": "#0"},
				"south": {"uv": [11.625, 2.625, 12, 4], "texture": "#0"},
				"west": {"uv": [11.25, 2.625, 11.625, 4], "texture": "#0"},
				"up": {"uv": [11.25, 2.625, 10.875, 2.25], "texture": "#0"},
				"down": {"uv": [11.625, 2.25, 11.25, 2.625], "texture": "#0"}
			}
		},
		{
			"from": [14.69593, 8.4, -1.4],
			"to": [15.89593, 9.6, 0.4],
			"rotation": {"angle": 0, "axis": "y", "origin": [10.96189, 4.85744, -0.5]},
			"faces": {
				"north": {"uv": [10.375, 9.75, 10.625, 10], "texture": "#0"},
				"east": {"uv": [10, 9.75, 10.375, 10], "texture": "#0"},
				"south": {"uv": [11, 9.75, 11.25, 10], "texture": "#0"},
				"west": {"uv": [10.625, 9.75, 11, 10], "texture": "#0"},
				"up": {"uv": [10.625, 9.75, 10.375, 9.375], "texture": "#0"},
				"down": {"uv": [10.875, 9.375, 10.625, 9.75], "texture": "#0"}
			}
		},
		{
			"from": [15.29593, 9.6, -1.4],
			"to": [16.49593, 10.8, 0.4],
			"rotation": {"angle": 0, "axis": "y", "origin": [10.96189, 4.85744, -0.5]},
			"faces": {
				"north": {"uv": [3, 14.25, 3.25, 14.5], "texture": "#0"},
				"east": {"uv": [2.625, 14.25, 3, 14.5], "texture": "#0"},
				"south": {"uv": [3.625, 14.25, 3.875, 14.5], "texture": "#0"},
				"west": {"uv": [3.25, 14.25, 3.625, 14.5], "texture": "#0"},
				"up": {"uv": [3.25, 14.25, 3, 13.875], "texture": "#0"},
				"down": {"uv": [3.5, 13.875, 3.25, 14.25], "texture": "#0"}
			}
		},
		{
			"from": [16.49593, 5.4, -1.4],
			"to": [18.29593, 12, 0.4],
			"rotation": {"angle": 0, "axis": "y", "origin": [10.96189, 4.85744, -0.5]},
			"faces": {
				"north": {"uv": [10.375, 10.375, 10.75, 11.75], "texture": "#0"},
				"east": {"uv": [10, 10.375, 10.375, 11.75], "texture": "#0"},
				"south": {"uv": [11.125, 10.375, 11.5, 11.75], "texture": "#0"},
				"west": {"uv": [10.75, 10.375, 11.125, 11.75], "texture": "#0"},
				"up": {"uv": [10.75, 10.375, 10.375, 10], "texture": "#0"},
				"down": {"uv": [11.125, 10, 10.75, 10.375], "texture": "#0"}
			}
		},
		{
			"from": [18.89593, 5.4, -1.4],
			"to": [20.69593, 12, 0.4],
			"rotation": {"angle": 0, "axis": "y", "origin": [10.96189, 4.85744, -0.5]},
			"faces": {
				"north": {"uv": [11.5, 11.75, 11.875, 13.125], "texture": "#0"},
				"east": {"uv": [11.125, 11.75, 11.5, 13.125], "texture": "#0"},
				"south": {"uv": [12.25, 11.75, 12.625, 13.125], "texture": "#0"},
				"west": {"uv": [11.875, 11.75, 12.25, 13.125], "texture": "#0"},
				"up": {"uv": [11.875, 11.75, 11.5, 11.375], "texture": "#0"},
				"down": {"uv": [12.25, 11.375, 11.875, 11.75], "texture": "#0"}
			}
		},
		{
			"from": [21.29593, 8.4, -1.4],
			"to": [23.09593, 12, 0.4],
			"rotation": {"angle": 0, "axis": "y", "origin": [10.96189, 4.85744, -0.5]},
			"faces": {
				"north": {"uv": [13.875, 13.875, 14.25, 14.625], "texture": "#0"},
				"east": {"uv": [13.5, 13.875, 13.875, 14.625], "texture": "#0"},
				"south": {"uv": [14.625, 13.875, 15, 14.625], "texture": "#0"},
				"west": {"uv": [14.25, 13.875, 14.625, 14.625], "texture": "#0"},
				"up": {"uv": [14.25, 13.875, 13.875, 13.5], "texture": "#0"},
				"down": {"uv": [14.625, 13.5, 14.25, 13.875], "texture": "#0"}
			}
		},
		{
			"from": [22.49593, 7.2, -1.4],
			"to": [23.69593, 8.4, 0.4],
			"rotation": {"angle": 0, "axis": "y", "origin": [10.96189, 4.85744, -0.5]},
			"faces": {
				"north": {"uv": [14.375, 9.75, 14.625, 10], "texture": "#0"},
				"east": {"uv": [14, 9.75, 14.375, 10], "texture": "#0"},
				"south": {"uv": [15, 9.75, 15.25, 10], "texture": "#0"},
				"west": {"uv": [14.625, 9.75, 15, 10], "texture": "#0"},
				"up": {"uv": [14.625, 9.75, 14.375, 9.375], "texture": "#0"},
				"down": {"uv": [14.875, 9.375, 14.625, 9.75], "texture": "#0"}
			}
		},
		{
			"from": [23.69593, 5.4, -1.4],
			"to": [25.49593, 12, 0.4],
			"rotation": {"angle": 0, "axis": "y", "origin": [10.96189, 4.85744, -0.5]},
			"faces": {
				"north": {"uv": [4.875, 11.25, 5.25, 12.625], "texture": "#0"},
				"east": {"uv": [4.5, 11.25, 4.875, 12.625], "texture": "#0"},
				"south": {"uv": [5.625, 11.25, 6, 12.625], "texture": "#0"},
				"west": {"uv": [5.25, 11.25, 5.625, 12.625], "texture": "#0"},
				"up": {"uv": [5.25, 11.25, 4.875, 10.875], "texture": "#0"},
				"down": {"uv": [5.625, 10.875, 5.25, 11.25], "texture": "#0"}
			}
		},
		{
			"from": [-3.30407, -3.6, -5],
			"to": [25.49593, -1.8, 4],
			"rotation": {"angle": 0, "axis": "y", "origin": [11.09593, 2.4, 2.8]},
			"faces": {
				"north": {"uv": [1.875, 1.875, 7.875, 2.25], "texture": "#0"},
				"east": {"uv": [0, 1.875, 1.875, 2.25], "texture": "#0"},
				"south": {"uv": [9.75, 1.875, 15.75, 2.25], "texture": "#0"},
				"west": {"uv": [7.875, 1.875, 9.75, 2.25], "texture": "#0"},
				"up": {"uv": [7.875, 1.875, 1.875, 0], "texture": "#0"},
				"down": {"uv": [13.875, 0, 7.875, 1.875], "texture": "#0"}
			}
		},
		{
			"from": [19.00237, 13.8, -3.89035],
			"to": [20.20237, 24, -3.29035],
			"rotation": {"angle": -22.5, "axis": "y", "origin": [19.32204, 15.241, -1.09632]},
			"faces": {
				"north": {"uv": [9.125, 12, 9.375, 14.125], "texture": "#0"},
				"east": {"uv": [9, 12, 9.125, 14.125], "texture": "#0"},
				"south": {"uv": [9.5, 12, 9.75, 14.125], "texture": "#0"},
				"west": {"uv": [9.375, 12, 9.5, 14.125], "texture": "#0"},
				"up": {"uv": [9.375, 12, 9.125, 11.875], "texture": "#0"},
				"down": {"uv": [9.625, 11.875, 9.375, 12], "texture": "#0"}
			}
		},
		{
			"from": [18.89593, 13.8, -3.8],
			"to": [20.09593, 25.2, -3.2],
			"rotation": {"angle": 0, "axis": "y", "origin": [19.32204, 15.241, -1.09632]},
			"faces": {
				"north": {"uv": [7.125, 9.5, 7.375, 11.875], "texture": "#0"},
				"east": {"uv": [7, 9.5, 7.125, 11.875], "texture": "#0"},
				"south": {"uv": [7.5, 9.5, 7.75, 11.875], "texture": "#0"},
				"west": {"uv": [7.375, 9.5, 7.5, 11.875], "texture": "#0"},
				"up": {"uv": [7.375, 9.5, 7.125, 9.375], "texture": "#0"},
				"down": {"uv": [7.625, 9.375, 7.375, 9.5], "texture": "#0"}
			}
		},
		{
			"from": [18.76302, 13.8, -3.75726],
			"to": [19.96302, 24, -3.15726],
			"rotation": {"angle": 22.5, "axis": "y", "origin": [19.32204, 15.241, -1.09632]},
			"faces": {
				"north": {"uv": [8.375, 12, 8.625, 14.125], "texture": "#0"},
				"east": {"uv": [8.25, 12, 8.375, 14.125], "texture": "#0"},
				"south": {"uv": [8.75, 12, 9, 14.125], "texture": "#0"},
				"west": {"uv": [8.625, 12, 8.75, 14.125], "texture": "#0"},
				"up": {"uv": [8.625, 12, 8.375, 11.875], "texture": "#0"},
				"down": {"uv": [8.875, 11.875, 8.625, 12], "texture": "#0"}
			}
		},
		{
			"from": [18.89593, 13.2, -3.8],
			"to": [20.09593, 13.8, -3.2],
			"rotation": {"angle": 0, "axis": "y", "origin": [19.32204, 15.241, -1.09632]},
			"faces": {
				"north": {"uv": [6.75, 8.375, 7, 8.5], "texture": "#0"},
				"east": {"uv": [6.625, 8.375, 6.75, 8.5], "texture": "#0"},
				"south": {"uv": [7.125, 8.375, 7.375, 8.5], "texture": "#0"},
				"west": {"uv": [7, 8.375, 7.125, 8.5], "texture": "#0"},
				"up": {"uv": [7, 8.375, 6.75, 8.25], "texture": "#0"},
				"down": {"uv": [7.25, 8.25, 7, 8.375], "texture": "#0"}
			}
		},
		{
			"from": [19.49593, 12.6, -3.8],
			"to": [20.09593, 13.2, -3.2],
			"rotation": {"angle": 0, "axis": "y", "origin": [19.32204, 15.241, -1.09632]},
			"faces": {
				"north": {"uv": [12, 4.875, 12.125, 5], "texture": "#0"},
				"east": {"uv": [11.875, 4.875, 12, 5], "texture": "#0"},
				"south": {"uv": [12.25, 4.875, 12.375, 5], "texture": "#0"},
				"west": {"uv": [12.125, 4.875, 12.25, 5], "texture": "#0"},
				"up": {"uv": [12.125, 4.875, 12, 4.75], "texture": "#0"},
				"down": {"uv": [12.25, 4.75, 12.125, 4.875], "texture": "#0"}
			}
		},
		{
			"from": [18.89593, 11.4, -3.8],
			"to": [19.49593, 12, -3.2],
			"rotation": {"angle": 0, "axis": "y", "origin": [19.32204, 15.241, -1.09632]},
			"faces": {
				"north": {"uv": [10.75, 12, 10.875, 12.125], "texture": "#0"},
				"east": {"uv": [10.625, 12, 10.75, 12.125], "texture": "#0"},
				"south": {"uv": [11, 12, 11.125, 12.125], "texture": "#0"},
				"west": {"uv": [10.875, 12, 11, 12.125], "texture": "#0"},
				"up": {"uv": [10.875, 12, 10.75, 11.875], "texture": "#0"},
				"down": {"uv": [11, 11.875, 10.875, 12], "texture": "#0"}
			}
		},
		{
			"from": [18.76302, 12, -3.75726],
			"to": [19.36302, 12.6, -3.15726],
			"rotation": {"angle": 22.5, "axis": "y", "origin": [19.32204, 15.241, -1.09632]},
			"faces": {
				"north": {"uv": [9.125, 6.375, 9.25, 6.5], "texture": "#0"},
				"east": {"uv": [9, 6.375, 9.125, 6.5], "texture": "#0"},
				"south": {"uv": [9.375, 6.375, 9.5, 6.5], "texture": "#0"},
				"west": {"uv": [9.25, 6.375, 9.375, 6.5], "texture": "#0"},
				"up": {"uv": [9.25, 6.375, 9.125, 6.25], "texture": "#0"},
				"down": {"uv": [9.375, 6.25, 9.25, 6.375], "texture": "#0"}
			}
		},
		{
			"from": [18.62387, 13.8, -3.76864],
			"to": [19.82387, 25.2, -3.16864],
			"rotation": {"angle": 45, "axis": "y", "origin": [19.32204, 15.241, -1.09632]},
			"faces": {
				"north": {"uv": [9.875, 2.375, 10.125, 4.75], "texture": "#0"},
				"east": {"uv": [9.75, 2.375, 9.875, 4.75], "texture": "#0"},
				"south": {"uv": [10.25, 2.375, 10.5, 4.75], "texture": "#0"},
				"west": {"uv": [10.125, 2.375, 10.25, 4.75], "texture": "#0"},
				"up": {"uv": [10.125, 2.375, 9.875, 2.25], "texture": "#0"},
				"down": {"uv": [10.375, 2.25, 10.125, 2.375], "texture": "#0"}
			}
		},
		{
			"from": [18.76302, 13.2, -3.75726],
			"to": [19.36302, 13.8, -3.15726],
			"rotation": {"angle": 22.5, "axis": "y", "origin": [19.32204, 15.241, -1.09632]},
			"faces": {
				"north": {"uv": [6.625, 9.125, 6.75, 9.25], "texture": "#0"},
				"east": {"uv": [6.5, 9.125, 6.625, 9.25], "texture": "#0"},
				"south": {"uv": [6.875, 9.125, 7, 9.25], "texture": "#0"},
				"west": {"uv": [6.75, 9.125, 6.875, 9.25], "texture": "#0"},
				"up": {"uv": [6.75, 9.125, 6.625, 9], "texture": "#0"},
				"down": {"uv": [6.875, 9, 6.75, 9.125], "texture": "#0"}
			}
		},
		{
			"from": [18.62387, 12, -3.76864],
			"to": [19.22387, 12.6, -3.16864],
			"rotation": {"angle": 45, "axis": "y", "origin": [19.32204, 15.241, -1.09632]},
			"faces": {
				"north": {"uv": [9.625, 6.375, 9.75, 6.5], "texture": "#0"},
				"east": {"uv": [9.5, 6.375, 9.625, 6.5], "texture": "#0"},
				"south": {"uv": [9.875, 6.375, 10, 6.5], "texture": "#0"},
				"west": {"uv": [9.75, 6.375, 9.875, 6.5], "texture": "#0"},
				"up": {"uv": [9.75, 6.375, 9.625, 6.25], "texture": "#0"},
				"down": {"uv": [9.875, 6.25, 9.75, 6.375], "texture": "#0"}
			}
		},
		{
			"from": [16.58597, 11.4, -1.47394],
			"to": [17.18597, 12, -0.87394],
			"rotation": {"angle": -22.5, "axis": "y", "origin": [19.32204, 15.241, -1.09632]},
			"faces": {
				"north": {"uv": [6.125, 9.125, 6.25, 9.25], "texture": "#0"},
				"east": {"uv": [6, 9.125, 6.125, 9.25], "texture": "#0"},
				"south": {"uv": [6.375, 9.125, 6.5, 9.25], "texture": "#0"},
				"west": {"uv": [6.25, 9.125, 6.375, 9.25], "texture": "#0"},
				"up": {"uv": [6.25, 9.125, 6.125, 9], "texture": "#0"},
				"down": {"uv": [6.375, 9, 6.25, 9.125], "texture": "#0"}
			}
		},
		{
			"from": [16.58597, 13.8, -1.47394],
			"to": [17.18597, 24, -0.27394],
			"rotation": {"angle": -22.5, "axis": "y", "origin": [19.32204, 15.241, -1.09632]},
			"faces": {
				"north": {"uv": [1, 11.75, 1.125, 13.875], "texture": "#0"},
				"east": {"uv": [0.75, 11.75, 1, 13.875], "texture": "#0"},
				"south": {"uv": [1.375, 11.75, 1.5, 13.875], "texture": "#0"},
				"west": {"uv": [1.125, 11.75, 1.375, 13.875], "texture": "#0"},
				"up": {"uv": [1.125, 11.75, 1, 11.5], "texture": "#0"},
				"down": {"uv": [1.25, 11.5, 1.125, 11.75], "texture": "#0"}
			}
		},
		{
			"from": [16.58597, 12.6, -0.87394],
			"to": [17.18597, 13.8, -0.27394],
			"rotation": {"angle": -22.5, "axis": "y", "origin": [19.32204, 15.241, -1.09632]},
			"faces": {
				"north": {"uv": [8.125, 7.625, 8.25, 7.875], "texture": "#0"},
				"east": {"uv": [8, 7.625, 8.125, 7.875], "texture": "#0"},
				"south": {"uv": [8.375, 7.625, 8.5, 7.875], "texture": "#0"},
				"west": {"uv": [8.25, 7.625, 8.375, 7.875], "texture": "#0"},
				"up": {"uv": [8.25, 7.625, 8.125, 7.5], "texture": "#0"},
				"down": {"uv": [8.375, 7.5, 8.25, 7.625], "texture": "#0"}
			}
		},
		{
			"from": [16.58597, 13.2, -1.47394],
			"to": [17.18597, 13.8, -0.87394],
			"rotation": {"angle": -22.5, "axis": "y", "origin": [19.32204, 15.241, -1.09632]},
			"faces": {
				"north": {"uv": [1.375, 9, 1.5, 9.125], "texture": "#0"},
				"east": {"uv": [1.25, 9, 1.375, 9.125], "texture": "#0"},
				"south": {"uv": [1.625, 9, 1.75, 9.125], "texture": "#0"},
				"west": {"uv": [1.5, 9, 1.625, 9.125], "texture": "#0"},
				"up": {"uv": [1.5, 9, 1.375, 8.875], "texture": "#0"},
				"down": {"uv": [1.625, 8.875, 1.5, 9], "texture": "#0"}
			}
		},
		{
			"from": [19.06613, 12.6, 1.41825],
			"to": [20.26613, 13.8, 2.01825],
			"rotation": {"angle": -45, "axis": "y", "origin": [19.32204, 15.241, -1.09632]},
			"faces": {
				"north": {"uv": [1.25, 0.125, 1.5, 0.375], "texture": "#0"},
				"east": {"uv": [1.125, 0.125, 1.25, 0.375], "texture": "#0"},
				"south": {"uv": [1.625, 0.125, 1.875, 0.375], "texture": "#0"},
				"west": {"uv": [1.5, 0.125, 1.625, 0.375], "texture": "#0"},
				"up": {"uv": [1.5, 0.125, 1.25, 0], "texture": "#0"},
				"down": {"uv": [1.75, 0, 1.5, 0.125], "texture": "#0"}
			}
		},
		{
			"from": [16.47953, 12, -0.7836],
			"to": [17.07953, 12.6, -0.1836],
			"rotation": {"angle": 0, "axis": "y", "origin": [19.32204, 15.241, -1.09632]},
			"faces": {
				"north": {"uv": [8.625, 6.375, 8.75, 6.5], "texture": "#0"},
				"east": {"uv": [8.5, 6.375, 8.625, 6.5], "texture": "#0"},
				"south": {"uv": [8.875, 6.375, 9, 6.5], "texture": "#0"},
				"west": {"uv": [8.75, 6.375, 8.875, 6.5], "texture": "#0"},
				"up": {"uv": [8.75, 6.375, 8.625, 6.25], "texture": "#0"},
				"down": {"uv": [8.875, 6.25, 8.75, 6.375], "texture": "#0"}
			}
		},
		{
			"from": [16.47953, 13.8, -1.3836],
			"to": [17.07953, 25.2, -0.1836],
			"rotation": {"angle": 0, "axis": "y", "origin": [19.32204, 15.241, -1.09632]},
			"faces": {
				"north": {"uv": [1, 9.125, 1.125, 11.5], "texture": "#0"},
				"east": {"uv": [0.75, 9.125, 1, 11.5], "texture": "#0"},
				"south": {"uv": [1.375, 9.125, 1.5, 11.5], "texture": "#0"},
				"west": {"uv": [1.125, 9.125, 1.375, 11.5], "texture": "#0"},
				"up": {"uv": [1.125, 9.125, 1, 8.875], "texture": "#0"},
				"down": {"uv": [1.25, 8.875, 1.125, 9.125], "texture": "#0"}
			}
		},
		{
			"from": [16.47953, 13.2, -1.3836],
			"to": [17.07953, 13.8, -0.1836],
			"rotation": {"angle": 0, "axis": "y", "origin": [19.32204, 15.241, -1.09632]},
			"faces": {
				"north": {"uv": [8, 8.25, 8.125, 8.375], "texture": "#0"},
				"east": {"uv": [7.75, 8.25, 8, 8.375], "texture": "#0"},
				"south": {"uv": [8.375, 8.25, 8.5, 8.375], "texture": "#0"},
				"west": {"uv": [8.125, 8.25, 8.375, 8.375], "texture": "#0"},
				"up": {"uv": [8.125, 8.25, 8, 8], "texture": "#0"},
				"down": {"uv": [8.25, 8, 8.125, 8.25], "texture": "#0"}
			}
		},
		{
			"from": [19.60237, 12, -3.89035],
			"to": [20.20237, 12.6, -3.29035],
			"rotation": {"angle": -22.5, "axis": "y", "origin": [19.32204, 15.241, -1.09632]},
			"faces": {
				"north": {"uv": [10.375, 11.875, 10.5, 12], "texture": "#0"},
				"east": {"uv": [10.25, 11.875, 10.375, 12], "texture": "#0"},
				"south": {"uv": [10.625, 11.875, 10.75, 12], "texture": "#0"},
				"west": {"uv": [10.5, 11.875, 10.625, 12], "texture": "#0"},
				"up": {"uv": [10.5, 11.875, 10.375, 11.75], "texture": "#0"},
				"down": {"uv": [10.625, 11.75, 10.5, 11.875], "texture": "#0"}
			}
		},
		{
			"from": [19.60237, 13.2, -3.89035],
			"to": [20.20237, 13.8, -3.29035],
			"rotation": {"angle": -22.5, "axis": "y", "origin": [19.32204, 15.241, -1.09632]},
			"faces": {
				"north": {"uv": [1.625, 12, 1.75, 12.125], "texture": "#0"},
				"east": {"uv": [1.5, 12, 1.625, 12.125], "texture": "#0"},
				"south": {"uv": [1.875, 12, 2, 12.125], "texture": "#0"},
				"west": {"uv": [1.75, 12, 1.875, 12.125], "texture": "#0"},
				"up": {"uv": [1.75, 12, 1.625, 11.875], "texture": "#0"},
				"down": {"uv": [1.875, 11.875, 1.75, 12], "texture": "#0"}
			}
		},
		{
			"from": [19.06613, 12.6, -4.01455],
			"to": [20.26613, 13.8, -3.41455],
			"rotation": {"angle": -45, "axis": "y", "origin": [19.32204, 15.241, -1.09632]},
			"faces": {
				"north": {"uv": [11.625, 11.125, 11.875, 11.375], "texture": "#0"},
				"east": {"uv": [11.5, 11.125, 11.625, 11.375], "texture": "#0"},
				"south": {"uv": [12, 11.125, 12.25, 11.375], "texture": "#0"},
				"west": {"uv": [11.875, 11.125, 12, 11.375], "texture": "#0"},
				"up": {"uv": [11.875, 11.125, 11.625, 11], "texture": "#0"},
				"down": {"uv": [12.125, 11, 11.875, 11.125], "texture": "#0"}
			}
		},
		{
			"from": [19.66613, 12, -4.01455],
			"to": [20.26613, 12.6, -3.41455],
			"rotation": {"angle": -45, "axis": "y", "origin": [19.32204, 15.241, -1.09632]},
			"faces": {
				"north": {"uv": [12, 6.375, 12.125, 6.5], "texture": "#0"},
				"east": {"uv": [11.875, 6.375, 12, 6.5], "texture": "#0"},
				"south": {"uv": [12.25, 6.375, 12.375, 6.5], "texture": "#0"},
				"west": {"uv": [12.125, 6.375, 12.25, 6.5], "texture": "#0"},
				"up": {"uv": [12.125, 6.375, 12, 6.25], "texture": "#0"},
				"down": {"uv": [12.25, 6.25, 12.125, 6.375], "texture": "#0"}
			}
		},
		{
			"from": [21.77942, 11.4, -1.34086],
			"to": [22.37942, 12, -0.74086],
			"rotation": {"angle": 22.5, "axis": "y", "origin": [19.32204, 15.241, -1.09632]},
			"faces": {
				"north": {"uv": [11.75, 2.375, 11.875, 2.5], "texture": "#0"},
				"east": {"uv": [11.625, 2.375, 11.75, 2.5], "texture": "#0"},
				"south": {"uv": [12, 2.375, 12.125, 2.5], "texture": "#0"},
				"west": {"uv": [11.875, 2.375, 12, 2.5], "texture": "#0"},
				"up": {"uv": [11.875, 2.375, 11.75, 2.25], "texture": "#0"},
				"down": {"uv": [12, 2.25, 11.875, 2.375], "texture": "#0"}
			}
		},
		{
			"from": [21.77942, 12.6, -0.74086],
			"to": [22.37942, 13.8, -0.14086],
			"rotation": {"angle": 22.5, "axis": "y", "origin": [19.32204, 15.241, -1.09632]},
			"faces": {
				"north": {"uv": [1.625, 11.625, 1.75, 11.875], "texture": "#0"},
				"east": {"uv": [1.5, 11.625, 1.625, 11.875], "texture": "#0"},
				"south": {"uv": [1.875, 11.625, 2, 11.875], "texture": "#0"},
				"west": {"uv": [1.75, 11.625, 1.875, 11.875], "texture": "#0"},
				"up": {"uv": [1.75, 11.625, 1.625, 11.5], "texture": "#0"},
				"down": {"uv": [1.875, 11.5, 1.75, 11.625], "texture": "#0"}
			}
		},
		{
			"from": [21.77942, 13.8, -1.34086],
			"to": [22.37942, 24, -0.14086],
			"rotation": {"angle": 22.5, "axis": "y", "origin": [19.32204, 15.241, -1.09632]},
			"faces": {
				"north": {"uv": [10, 12, 10.125, 14.125], "texture": "#0"},
				"east": {"uv": [9.75, 12, 10, 14.125], "texture": "#0"},
				"south": {"uv": [10.375, 12, 10.5, 14.125], "texture": "#0"},
				"west": {"uv": [10.125, 12, 10.375, 14.125], "texture": "#0"},
				"up": {"uv": [10.125, 12, 10, 11.75], "texture": "#0"},
				"down": {"uv": [10.25, 11.75, 10.125, 12], "texture": "#0"}
			}
		},
		{
			"from": [21.77942, 13.2, -1.34086],
			"to": [22.37942, 13.8, -0.74086],
			"rotation": {"angle": 22.5, "axis": "y", "origin": [19.32204, 15.241, -1.09632]},
			"faces": {
				"north": {"uv": [11.75, 7.875, 11.875, 8], "texture": "#0"},
				"east": {"uv": [11.625, 7.875, 11.75, 8], "texture": "#0"},
				"south": {"uv": [12, 7.875, 12.125, 8], "texture": "#0"},
				"west": {"uv": [11.875, 7.875, 12, 8], "texture": "#0"},
				"up": {"uv": [11.875, 7.875, 11.75, 7.75], "texture": "#0"},
				"down": {"uv": [12, 7.75, 11.875, 7.875], "texture": "#0"}
			}
		},
		{
			"from": [21.91234, 12, -0.7836],
			"to": [22.51234, 12.6, -0.1836],
			"rotation": {"angle": 0, "axis": "y", "origin": [19.32204, 15.241, -1.09632]},
			"faces": {
				"north": {"uv": [11.5, 9.5, 11.625, 9.625], "texture": "#0"},
				"east": {"uv": [11.375, 9.5, 11.5, 9.625], "texture": "#0"},
				"south": {"uv": [11.75, 9.5, 11.875, 9.625], "texture": "#0"},
				"west": {"uv": [11.625, 9.5, 11.75, 9.625], "texture": "#0"},
				"up": {"uv": [11.625, 9.5, 11.5, 9.375], "texture": "#0"},
				"down": {"uv": [11.75, 9.375, 11.625, 9.5], "texture": "#0"}
			}
		},
		{
			"from": [21.91234, 13.2, -1.3836],
			"to": [22.51234, 13.8, -0.1836],
			"rotation": {"angle": 0, "axis": "y", "origin": [19.32204, 15.241, -1.09632]},
			"faces": {
				"north": {"uv": [11.125, 9.625, 11.25, 9.75], "texture": "#0"},
				"east": {"uv": [10.875, 9.625, 11.125, 9.75], "texture": "#0"},
				"south": {"uv": [11.5, 9.625, 11.625, 9.75], "texture": "#0"},
				"west": {"uv": [11.25, 9.625, 11.5, 9.75], "texture": "#0"},
				"up": {"uv": [11.25, 9.625, 11.125, 9.375], "texture": "#0"},
				"down": {"uv": [11.375, 9.375, 11.25, 9.625], "texture": "#0"}
			}
		},
		{
			"from": [19.06613, 13.8, -4.01455],
			"to": [20.26613, 25.2, -3.41455],
			"rotation": {"angle": -45, "axis": "y", "origin": [19.32204, 15.241, -1.09632]},
			"faces": {
				"north": {"uv": [2.375, 9, 2.625, 11.375], "texture": "#0"},
				"east": {"uv": [2.25, 9, 2.375, 11.375], "texture": "#0"},
				"south": {"uv": [2.75, 9, 3, 11.375], "texture": "#0"},
				"west": {"uv": [2.625, 9, 2.75, 11.375], "texture": "#0"},
				"up": {"uv": [2.625, 9, 2.375, 8.875], "texture": "#0"},
				"down": {"uv": [2.875, 8.875, 2.625, 9], "texture": "#0"}
			}
		},
		{
			"from": [19.06613, 13.8, 1.41825],
			"to": [20.26613, 25.2, 2.01825],
			"rotation": {"angle": -45, "axis": "y", "origin": [19.32204, 15.241, -1.09632]},
			"faces": {
				"north": {"uv": [7.875, 9.5, 8.125, 11.875], "texture": "#0"},
				"east": {"uv": [7.75, 9.5, 7.875, 11.875], "texture": "#0"},
				"south": {"uv": [8.25, 9.5, 8.5, 11.875], "texture": "#0"},
				"west": {"uv": [8.125, 9.5, 8.25, 11.875], "texture": "#0"},
				"up": {"uv": [8.125, 9.5, 7.875, 9.375], "texture": "#0"},
				"down": {"uv": [8.375, 9.375, 8.125, 9.5], "texture": "#0"}
			}
		},
		{
			"from": [19.00237, 13.8, 1.54246],
			"to": [20.20237, 24, 2.14246],
			"rotation": {"angle": -22.5, "axis": "y", "origin": [19.32204, 15.241, -1.09632]},
			"faces": {
				"north": {"uv": [6.875, 12, 7.125, 14.125], "texture": "#0"},
				"east": {"uv": [6.75, 12, 6.875, 14.125], "texture": "#0"},
				"south": {"uv": [7.25, 12, 7.5, 14.125], "texture": "#0"},
				"west": {"uv": [7.125, 12, 7.25, 14.125], "texture": "#0"},
				"up": {"uv": [7.125, 12, 6.875, 11.875], "texture": "#0"},
				"down": {"uv": [7.375, 11.875, 7.125, 12], "texture": "#0"}
			}
		},
		{
			"from": [18.89593, 13.8, 1.63281],
			"to": [20.09593, 25.2, 2.23281],
			"rotation": {"angle": 0, "axis": "y", "origin": [19.32204, 15.241, -1.09632]},
			"faces": {
				"north": {"uv": [8.625, 9.5, 8.875, 11.875], "texture": "#0"},
				"east": {"uv": [8.5, 9.5, 8.625, 11.875], "texture": "#0"},
				"south": {"uv": [9, 9.5, 9.25, 11.875], "texture": "#0"},
				"west": {"uv": [8.875, 9.5, 9, 11.875], "texture": "#0"},
				"up": {"uv": [8.875, 9.5, 8.625, 9.375], "texture": "#0"},
				"down": {"uv": [9.125, 9.375, 8.875, 9.5], "texture": "#0"}
			}
		},
		{
			"from": [16.34662, 13.8, -1.34086],
			"to": [16.94662, 24, -0.14086],
			"rotation": {"angle": 22.5, "axis": "y", "origin": [19.32204, 15.241, -1.09632]},
			"faces": {
				"north": {"uv": [2.25, 11.625, 2.375, 13.75], "texture": "#0"},
				"east": {"uv": [2, 11.625, 2.25, 13.75], "texture": "#0"},
				"south": {"uv": [2.625, 11.625, 2.75, 13.75], "texture": "#0"},
				"west": {"uv": [2.375, 11.625, 2.625, 13.75], "texture": "#0"},
				"up": {"uv": [2.375, 11.625, 2.25, 11.375], "texture": "#0"},
				"down": {"uv": [2.5, 11.375, 2.375, 11.625], "texture": "#0"}
			}
		},
		{
			"from": [18.62387, 13.8, 1.66417],
			"to": [19.82387, 25.2, 2.26417],
			"rotation": {"angle": 45, "axis": "y", "origin": [19.32204, 15.241, -1.09632]},
			"faces": {
				"north": {"uv": [9.375, 9.5, 9.625, 11.875], "texture": "#0"},
				"east": {"uv": [9.25, 9.5, 9.375, 11.875], "texture": "#0"},
				"south": {"uv": [9.75, 9.5, 10, 11.875], "texture": "#0"},
				"west": {"uv": [9.625, 9.5, 9.75, 11.875], "texture": "#0"},
				"up": {"uv": [9.625, 9.5, 9.375, 9.375], "texture": "#0"},
				"down": {"uv": [9.875, 9.375, 9.625, 9.5], "texture": "#0"}
			}
		},
		{
			"from": [18.76302, 13.8, 1.67555],
			"to": [19.96302, 24, 2.27555],
			"rotation": {"angle": 22.5, "axis": "y", "origin": [19.32204, 15.241, -1.09632]},
			"faces": {
				"north": {"uv": [7.625, 12, 7.875, 14.125], "texture": "#0"},
				"east": {"uv": [7.5, 12, 7.625, 14.125], "texture": "#0"},
				"south": {"uv": [8, 12, 8.25, 14.125], "texture": "#0"},
				"west": {"uv": [7.875, 12, 8, 14.125], "texture": "#0"},
				"up": {"uv": [7.875, 12, 7.625, 11.875], "texture": "#0"},
				"down": {"uv": [8.125, 11.875, 7.875, 12], "texture": "#0"}
			}
		},
		{
			"from": [21.91234, 13.8, -1.3836],
			"to": [22.51234, 25.2, -0.1836],
			"rotation": {"angle": 0, "axis": "y", "origin": [19.32204, 15.241, -1.09632]},
			"faces": {
				"north": {"uv": [1.75, 9.125, 1.875, 11.5], "texture": "#0"},
				"east": {"uv": [1.5, 9.125, 1.75, 11.5], "texture": "#0"},
				"south": {"uv": [2.125, 9.125, 2.25, 11.5], "texture": "#0"},
				"west": {"uv": [1.875, 9.125, 2.125, 11.5], "texture": "#0"},
				"up": {"uv": [1.875, 9.125, 1.75, 8.875], "texture": "#0"},
				"down": {"uv": [2, 8.875, 1.875, 9.125], "texture": "#0"}
			}
		},
		{
			"from": [22.01878, 13.8, -1.47394],
			"to": [22.61878, 24, -0.27394],
			"rotation": {"angle": -22.5, "axis": "y", "origin": [19.32204, 15.241, -1.09632]},
			"faces": {
				"north": {"uv": [6.25, 11.125, 6.375, 13.25], "texture": "#0"},
				"east": {"uv": [6, 11.125, 6.25, 13.25], "texture": "#0"},
				"south": {"uv": [6.625, 11.125, 6.75, 13.25], "texture": "#0"},
				"west": {"uv": [6.375, 11.125, 6.625, 13.25], "texture": "#0"},
				"up": {"uv": [6.375, 11.125, 6.25, 10.875], "texture": "#0"},
				"down": {"uv": [6.5, 10.875, 6.375, 11.125], "texture": "#0"}
			}
		},
		{
			"from": [17.09593, 15, -3.2],
			"to": [21.89593, 22.8, 1.6],
			"rotation": {"angle": 0, "axis": "y", "origin": [19.32204, 15.241, -1.09632]},
			"faces": {
				"north": {"uv": [4, 9.25, 5, 10.875], "texture": "#0"},
				"east": {"uv": [3, 9.25, 4, 10.875], "texture": "#0"},
				"south": {"uv": [6, 9.25, 7, 10.875], "texture": "#0"},
				"west": {"uv": [5, 9.25, 6, 10.875], "texture": "#0"},
				"up": {"uv": [5, 9.25, 4, 8.25], "texture": "#0"},
				"down": {"uv": [6, 8.25, 5, 9.25], "texture": "#0"}
			}
		},
		{
			"from": [19.36302, 11.4, 1.67555],
			"to": [19.96302, 12, 2.27555],
			"rotation": {"angle": 22.5, "axis": "y", "origin": [19.32204, 15.241, -1.09632]},
			"faces": {
				"north": {"uv": [5.75, 11, 5.875, 11.125], "texture": "#0"},
				"east": {"uv": [5.625, 11, 5.75, 11.125], "texture": "#0"},
				"south": {"uv": [6, 11, 6.125, 11.125], "texture": "#0"},
				"west": {"uv": [5.875, 11, 6, 11.125], "texture": "#0"},
				"up": {"uv": [5.875, 11, 5.75, 10.875], "texture": "#0"},
				"down": {"uv": [6, 10.875, 5.875, 11], "texture": "#0"}
			}
		},
		{
			"from": [18.76302, 13.2, 1.67555],
			"to": [19.36302, 13.8, 2.27555],
			"rotation": {"angle": 22.5, "axis": "y", "origin": [19.32204, 15.241, -1.09632]},
			"faces": {
				"north": {"uv": [6.625, 11, 6.75, 11.125], "texture": "#0"},
				"east": {"uv": [6.5, 11, 6.625, 11.125], "texture": "#0"},
				"south": {"uv": [6.875, 11, 7, 11.125], "texture": "#0"},
				"west": {"uv": [6.75, 11, 6.875, 11.125], "texture": "#0"},
				"up": {"uv": [6.75, 11, 6.625, 10.875], "texture": "#0"},
				"down": {"uv": [6.875, 10.875, 6.75, 11], "texture": "#0"}
			}
		},
		{
			"from": [19.60237, 13.2, 1.54246],
			"to": [20.20237, 13.8, 2.14246],
			"rotation": {"angle": -22.5, "axis": "y", "origin": [19.32204, 15.241, -1.09632]},
			"faces": {
				"north": {"uv": [1.5, 1.75, 1.625, 1.875], "texture": "#0"},
				"east": {"uv": [1.375, 1.75, 1.5, 1.875], "texture": "#0"},
				"south": {"uv": [1.75, 1.75, 1.875, 1.875], "texture": "#0"},
				"west": {"uv": [1.625, 1.75, 1.75, 1.875], "texture": "#0"},
				"up": {"uv": [1.625, 1.75, 1.5, 1.625], "texture": "#0"},
				"down": {"uv": [1.75, 1.625, 1.625, 1.75], "texture": "#0"}
			}
		},
		{
			"from": [19.00237, 11.4, 1.54246],
			"to": [19.60237, 12, 2.14246],
			"rotation": {"angle": -22.5, "axis": "y", "origin": [19.32204, 15.241, -1.09632]},
			"faces": {
				"north": {"uv": [7.5, 8.375, 7.625, 8.5], "texture": "#0"},
				"east": {"uv": [7.375, 8.375, 7.5, 8.5], "texture": "#0"},
				"south": {"uv": [7.75, 8.375, 7.875, 8.5], "texture": "#0"},
				"west": {"uv": [7.625, 8.375, 7.75, 8.5], "texture": "#0"},
				"up": {"uv": [7.625, 8.375, 7.5, 8.25], "texture": "#0"},
				"down": {"uv": [7.75, 8.25, 7.625, 8.375], "texture": "#0"}
			}
		},
		{
			"from": [18.62387, 12.6, 1.66417],
			"to": [19.82387, 13.8, 2.26417],
			"rotation": {"angle": 45, "axis": "y", "origin": [19.32204, 15.241, -1.09632]},
			"faces": {
				"north": {"uv": [4.25, 11, 4.5, 11.25], "texture": "#0"},
				"east": {"uv": [4.125, 11, 4.25, 11.25], "texture": "#0"},
				"south": {"uv": [4.625, 11, 4.875, 11.25], "texture": "#0"},
				"west": {"uv": [4.5, 11, 4.625, 11.25], "texture": "#0"},
				"up": {"uv": [4.5, 11, 4.25, 10.875], "texture": "#0"},
				"down": {"uv": [4.75, 10.875, 4.5, 11], "texture": "#0"}
			}
		},
		{
			"from": [18.62387, 12.6, -3.76864],
			"to": [19.82387, 13.8, -3.16864],
			"rotation": {"angle": 45, "axis": "y", "origin": [19.32204, 15.241, -1.09632]},
			"faces": {
				"north": {"uv": [3.125, 9, 3.375, 9.25], "texture": "#0"},
				"east": {"uv": [3, 9, 3.125, 9.25], "texture": "#0"},
				"south": {"uv": [3.5, 9, 3.75, 9.25], "texture": "#0"},
				"west": {"uv": [3.375, 9, 3.5, 9.25], "texture": "#0"},
				"up": {"uv": [3.375, 9, 3.125, 8.875], "texture": "#0"},
				"down": {"uv": [3.625, 8.875, 3.375, 9], "texture": "#0"}
			}
		},
		{
			"from": [16.34662, 13.2, -0.74086],
			"to": [16.94662, 13.8, -0.14086],
			"rotation": {"angle": 22.5, "axis": "y", "origin": [19.32204, 15.241, -1.09632]},
			"faces": {
				"north": {"uv": [7.375, 6.875, 7.5, 7], "texture": "#0"},
				"east": {"uv": [7.25, 6.875, 7.375, 7], "texture": "#0"},
				"south": {"uv": [7.625, 6.875, 7.75, 7], "texture": "#0"},
				"west": {"uv": [7.5, 6.875, 7.625, 7], "texture": "#0"},
				"up": {"uv": [7.5, 6.875, 7.375, 6.75], "texture": "#0"},
				"down": {"uv": [7.625, 6.75, 7.5, 6.875], "texture": "#0"}
			}
		},
		{
			"from": [22.01878, 13.2, -0.87394],
			"to": [22.61878, 13.8, -0.27394],
			"rotation": {"angle": -22.5, "axis": "y", "origin": [19.32204, 15.241, -1.09632]},
			"faces": {
				"north": {"uv": [2.625, 11.5, 2.75, 11.625], "texture": "#0"},
				"east": {"uv": [2.5, 11.5, 2.625, 11.625], "texture": "#0"},
				"south": {"uv": [2.875, 11.5, 3, 11.625], "texture": "#0"},
				"west": {"uv": [2.75, 11.5, 2.875, 11.625], "texture": "#0"},
				"up": {"uv": [2.75, 11.5, 2.625, 11.375], "texture": "#0"},
				"down": {"uv": [2.875, 11.375, 2.75, 11.5], "texture": "#0"}
			}
		},
		{
			"from": [11.29079, 2.66009, -0.8],
			"to": [13.09079, 19.46009, -0.8],
			"rotation": {"angle": -45, "axis": "z", "origin": [19.32204, 15.241, -1.09632]},
			"faces": {
				"north": {"uv": [0, 8.875, 0.375, 12.375], "texture": "#0"},
				"east": {"uv": [0, 8.875, 0, 12.375], "texture": "#0"},
				"south": {"uv": [0.375, 8.875, 0.75, 12.375], "texture": "#0"},
				"west": {"uv": [0.375, 8.875, 0.375, 12.375], "texture": "#0"},
				"up": {"uv": [0.375, 8.875, 0, 8.875], "texture": "#0"},
				"down": {"uv": [0.75, 8.875, 0.375, 8.875], "texture": "#0"}
			}
		},
		{
			"from": [0.29593, 21.6, 1.6],
			"to": [12.29593, 24.6, 2.8],
			"rotation": {"angle": 0, "axis": "y", "origin": [6.29593, 17.21, 2.2]},
			"faces": {
				"north": {"uv": [7.25, 8.75, 9.75, 9.375], "texture": "#0"},
				"east": {"uv": [7, 8.75, 7.25, 9.375], "texture": "#0"},
				"south": {"uv": [10, 8.75, 12.5, 9.375], "texture": "#0"},
				"west": {"uv": [9.75, 8.75, 10, 9.375], "texture": "#0"},
				"up": {"uv": [9.75, 8.75, 7.25, 8.5], "texture": "#0"},
				"down": {"uv": [12.25, 8.5, 9.75, 8.75], "texture": "#0"}
			}
		},
		{
			"from": [-2.10407, 18.6, 1.6],
			"to": [14.69593, 21.6, 2.8],
			"rotation": {"angle": 0, "axis": "y", "origin": [6.29593, 17.21, 2.2]},
			"faces": {
				"north": {"uv": [0.25, 7, 3.75, 7.625], "texture": "#0"},
				"east": {"uv": [0, 7, 0.25, 7.625], "texture": "#0"},
				"south": {"uv": [4, 7, 7.5, 7.625], "texture": "#0"},
				"west": {"uv": [3.75, 7, 4, 7.625], "texture": "#0"},
				"up": {"uv": [3.75, 7, 0.25, 6.75], "texture": "#0"},
				"down": {"uv": [7.25, 6.75, 3.75, 7], "texture": "#0"}
			}
		},
		{
			"from": [-3.30407, -1.8, 1.6],
			"to": [15.89593, 18.6, 2.8],
			"rotation": {"angle": 0, "axis": "y", "origin": [6.29593, 17.21, 2.2]},
			"faces": {
				"north": {"uv": [0.25, 2.5, 4.25, 6.75], "texture": "#0"},
				"east": {"uv": [0, 2.5, 0.25, 6.75], "texture": "#0"},
				"south": {"uv": [4.5, 2.5, 8.5, 6.75], "texture": "#0"},
				"west": {"uv": [4.25, 2.5, 4.5, 6.75], "texture": "#0"},
				"up": {"uv": [4.25, 2.5, 0.25, 2.25], "texture": "#0"},
				"down": {"uv": [8.25, 2.25, 4.25, 2.5], "texture": "#0"}
			}
		},
		{
			"from": [5.39593, 16.5, -8],
			"to": [8.39593, 16.5, 1.6],
			"rotation": {"angle": 0, "axis": "y", "origin": [4.29593, 17.1, -3.2]},
			"faces": {
				"north": {"uv": [8.5, 4.25, 9.125, 4.25], "texture": "#0"},
				"east": {"uv": [6.5, 4.25, 8.5, 4.25], "texture": "#0"},
				"south": {"uv": [11.125, 4.25, 11.75, 4.25], "texture": "#0"},
				"west": {"uv": [9.125, 4.25, 11.125, 4.25], "texture": "#0"},
				"up": {"uv": [9.125, 4.25, 8.5, 2.25], "texture": "#0"},
				"down": {"uv": [9.75, 2.25, 9.125, 4.25], "texture": "#0"}
			}
		},
		{
			"from": [6.89593, 15, -8],
			"to": [6.89593, 18, 1.6],
			"rotation": {"angle": 0, "axis": "y", "origin": [4.29593, 17.1, -3.2]},
			"faces": {
				"north": {"uv": [6, 7.625, 6, 8.25], "texture": "#0"},
				"east": {"uv": [4, 7.625, 6, 8.25], "texture": "#0"},
				"south": {"uv": [8, 7.625, 8, 8.25], "texture": "#0"},
				"west": {"uv": [6, 7.625, 8, 8.25], "texture": "#0"},
				"up": {"uv": [6, 7.625, 6, 5.625], "texture": "#0"},
				"down": {"uv": [6, 5.625, 6, 7.625], "texture": "#0"}
			}
		},
		{
			"from": [3.89593, 19.8, -8],
			"to": [3.89593, 22.8, 1.6],
			"rotation": {"angle": 0, "axis": "y", "origin": [4.29593, 17.1, -3.2]},
			"faces": {
				"north": {"uv": [6, 7.625, 6, 8.25], "texture": "#0"},
				"east": {"uv": [4, 7.625, 6, 8.25], "texture": "#0"},
				"south": {"uv": [8, 7.625, 8, 8.25], "texture": "#0"},
				"west": {"uv": [6, 7.625, 8, 8.25], "texture": "#0"},
				"up": {"uv": [6, 7.625, 6, 5.625], "texture": "#0"},
				"down": {"uv": [6, 5.625, 6, 7.625], "texture": "#0"}
			}
		},
		{
			"from": [2.39593, 21.3, -8],
			"to": [5.39593, 21.3, 1.6],
			"rotation": {"angle": 0, "axis": "y", "origin": [4.29593, 17.1, -3.2]},
			"faces": {
				"north": {"uv": [8.5, 4.25, 9.125, 4.25], "texture": "#0"},
				"east": {"uv": [6.5, 4.25, 8.5, 4.25], "texture": "#0"},
				"south": {"uv": [11.125, 4.25, 11.75, 4.25], "texture": "#0"},
				"west": {"uv": [9.125, 4.25, 11.125, 4.25], "texture": "#0"},
				"up": {"uv": [9.125, 4.25, 8.5, 2.25], "texture": "#0"},
				"down": {"uv": [9.75, 2.25, 9.125, 4.25], "texture": "#0"}
			}
		},
		{
			"from": [0.59593, 13.5, -8],
			"to": [3.59593, 13.5, 1.6],
			"rotation": {"angle": 0, "axis": "y", "origin": [4.29593, 17.1, -3.2]},
			"faces": {
				"north": {"uv": [8.5, 4.25, 9.125, 4.25], "texture": "#0"},
				"east": {"uv": [6.5, 4.25, 8.5, 4.25], "texture": "#0"},
				"south": {"uv": [11.125, 4.25, 11.75, 4.25], "texture": "#0"},
				"west": {"uv": [9.125, 4.25, 11.125, 4.25], "texture": "#0"},
				"up": {"uv": [9.125, 4.25, 8.5, 2.25], "texture": "#0"},
				"down": {"uv": [9.75, 2.25, 9.125, 4.25], "texture": "#0"}
			}
		},
		{
			"from": [2.09593, 12, -8],
			"to": [2.09593, 15, 1.6],
			"rotation": {"angle": 0, "axis": "y", "origin": [4.29593, 17.1, -3.2]},
			"faces": {
				"north": {"uv": [6, 7.625, 6, 8.25], "texture": "#0"},
				"east": {"uv": [4, 7.625, 6, 8.25], "texture": "#0"},
				"south": {"uv": [8, 7.625, 8, 8.25], "texture": "#0"},
				"west": {"uv": [6, 7.625, 8, 8.25], "texture": "#0"},
				"up": {"uv": [6, 7.625, 6, 5.625], "texture": "#0"},
				"down": {"uv": [6, 5.625, 6, 7.625], "texture": "#0"}
			}
		},
		{
			"from": [21.75892, -1.8, -5.08883],
			"to": [24.75892, -0.6, -3.28883],
			"rotation": {"angle": -22.5, "axis": "y", "origin": [21.59593, -0.8, -3.5]},
			"faces": {
				"north": {"uv": [12.75, 9.375, 13.375, 9.625], "texture": "#0"},
				"east": {"uv": [12.375, 9.375, 12.75, 9.625], "texture": "#0"},
				"south": {"uv": [13.75, 9.375, 14.375, 9.625], "texture": "#0"},
				"west": {"uv": [13.375, 9.375, 13.75, 9.625], "texture": "#0"},
				"up": {"uv": [13.375, 9.375, 12.75, 9], "texture": "#0"},
				"down": {"uv": [14, 9, 13.375, 9.375], "texture": "#0"}
			}
		},
		{
			"from": [18.43295, -1.8, -5.08883],
			"to": [21.43295, -0.6, -3.28883],
			"rotation": {"angle": 22.5, "axis": "y", "origin": [21.59593, -0.8, -3.5]},
			"faces": {
				"north": {"uv": [12.75, 4, 13.375, 4.25], "texture": "#0"},
				"east": {"uv": [12.375, 4, 12.75, 4.25], "texture": "#0"},
				"south": {"uv": [13.75, 4, 14.375, 4.25], "texture": "#0"},
				"west": {"uv": [13.375, 4, 13.75, 4.25], "texture": "#0"},
				"up": {"uv": [13.375, 4, 12.75, 3.625], "texture": "#0"},
				"down": {"uv": [14, 3.625, 13.375, 4], "texture": "#0"}
			}
		},
		{
			"from": [20.09593, -0.6, -4.4],
			"to": [23.09593, 0.6, -2.6],
			"rotation": {"angle": 22.5, "axis": "y", "origin": [21.59593, -0.8, -3.5]},
			"faces": {
				"north": {"uv": [12.625, 11.375, 13.25, 11.625], "texture": "#0"},
				"east": {"uv": [12.25, 11.375, 12.625, 11.625], "texture": "#0"},
				"south": {"uv": [13.625, 11.375, 14.25, 11.625], "texture": "#0"},
				"west": {"uv": [13.25, 11.375, 13.625, 11.625], "texture": "#0"},
				"up": {"uv": [13.25, 11.375, 12.625, 11], "texture": "#0"},
				"down": {"uv": [13.875, 11, 13.25, 11.375], "texture": "#0"}
			}
		},
		{
			"from": [-5.10407, -1.8, -1.4],
			"to": [-3.30407, 4.8, 0.4],
			"rotation": {"angle": 0, "axis": "y", "origin": [1.36189, 4.85744, -0.5]},
			"faces": {
				"north": {"uv": [10.875, 2.625, 11.25, 4], "texture": "#0"},
				"east": {"uv": [10.5, 2.625, 10.875, 4], "texture": "#0"},
				"south": {"uv": [11.625, 2.625, 12, 4], "texture": "#0"},
				"west": {"uv": [11.25, 2.625, 11.625, 4], "texture": "#0"},
				"up": {"uv": [11.25, 2.625, 10.875, 2.25], "texture": "#0"},
				"down": {"uv": [11.625, 2.25, 11.25, 2.625], "texture": "#0"}
			}
		},
		{
			"from": [-7.50407, -1.8, -1.4],
			"to": [-5.70407, 4.8, 0.4],
			"rotation": {"angle": 0, "axis": "y", "origin": [-1.03811, 4.85744, -0.5]},
			"faces": {
				"north": {"uv": [10.875, 2.625, 11.25, 4], "texture": "#0"},
				"east": {"uv": [10.5, 2.625, 10.875, 4], "texture": "#0"},
				"south": {"uv": [11.625, 2.625, 12, 4], "texture": "#0"},
				"west": {"uv": [11.25, 2.625, 11.625, 4], "texture": "#0"},
				"up": {"uv": [11.25, 2.625, 10.875, 2.25], "texture": "#0"},
				"down": {"uv": [11.625, 2.25, 11.25, 2.625], "texture": "#0"}
			}
		},
		{
			"from": [-8.70407, 6, -1.4],
			"to": [-6.90407, 12, 0.4],
			"rotation": {"angle": 0, "axis": "y", "origin": [-2.23811, 12.05744, -0.5]},
			"faces": {
				"north": {"uv": [10.875, 2.625, 11.25, 3.875], "texture": "#0"},
				"east": {"uv": [10.5, 2.625, 10.875, 3.875], "texture": "#0"},
				"south": {"uv": [11.625, 2.625, 12, 3.875], "texture": "#0"},
				"west": {"uv": [11.25, 2.625, 11.625, 3.875], "texture": "#0"},
				"up": {"uv": [11.25, 2.625, 10.875, 2.25], "texture": "#0"},
				"down": {"uv": [11.625, 2.25, 11.25, 2.625], "texture": "#0"}
			}
		},
		{
			"from": [-6.30407, 6, -1.4],
			"to": [-4.50407, 10.2, 0.4],
			"rotation": {"angle": 0, "axis": "y", "origin": [0.16189, 12.05744, -0.5]},
			"faces": {
				"north": {"uv": [10.875, 2.75, 11.25, 3.625], "texture": "#0"},
				"east": {"uv": [10.5, 2.75, 10.875, 3.625], "texture": "#0"},
				"south": {"uv": [11.625, 2.75, 12, 3.625], "texture": "#0"},
				"west": {"uv": [11.25, 2.75, 11.625, 3.625], "texture": "#0"},
				"up": {"uv": [11.25, 2.75, 10.875, 2.375], "texture": "#0"},
				"down": {"uv": [11.625, 2.375, 11.25, 2.75], "texture": "#0"}
			}
		},
		{
			"from": [-3.90407, 5.4, -1.4],
			"to": [-2.10407, 6, 0.4],
			"rotation": {"angle": 0, "axis": "y", "origin": [2.56189, 11.45744, -0.5]},
			"faces": {
				"north": {"uv": [10.875, 2.75, 11.25, 3.625], "texture": "#0"},
				"east": {"uv": [10.5, 2.75, 10.875, 3.625], "texture": "#0"},
				"south": {"uv": [11.625, 2.75, 12, 3.625], "texture": "#0"},
				"west": {"uv": [11.25, 2.75, 11.625, 3.625], "texture": "#0"},
				"up": {"uv": [11.25, 2.75, 10.875, 2.375], "texture": "#0"},
				"down": {"uv": [11.625, 2.375, 11.25, 2.75], "texture": "#0"}
			}
		},
		{
			"from": [-8.70407, 5.4, -1.4],
			"to": [-6.90407, 6, 0.4],
			"rotation": {"angle": 0, "axis": "y", "origin": [-2.23811, 11.45744, -0.5]},
			"faces": {
				"north": {"uv": [10.875, 2.75, 11.25, 3.625], "texture": "#0"},
				"east": {"uv": [10.5, 2.75, 10.875, 3.625], "texture": "#0"},
				"south": {"uv": [11.625, 2.75, 12, 3.625], "texture": "#0"},
				"west": {"uv": [11.25, 2.75, 11.625, 3.625], "texture": "#0"},
				"up": {"uv": [11.25, 2.75, 10.875, 2.375], "texture": "#0"},
				"down": {"uv": [11.625, 2.375, 11.25, 2.75], "texture": "#0"}
			}
		},
		{
			"from": [-6.30407, 5.4, -1.4],
			"to": [-4.50407, 6, 0.4],
			"rotation": {"angle": 0, "axis": "y", "origin": [0.16189, 11.45744, -0.5]},
			"faces": {
				"north": {"uv": [10.875, 2.75, 11.25, 3.625], "texture": "#0"},
				"east": {"uv": [10.5, 2.75, 10.875, 3.625], "texture": "#0"},
				"south": {"uv": [11.625, 2.75, 12, 3.625], "texture": "#0"},
				"west": {"uv": [11.25, 2.75, 11.625, 3.625], "texture": "#0"},
				"up": {"uv": [11.25, 2.75, 10.875, 2.375], "texture": "#0"},
				"down": {"uv": [11.625, 2.375, 11.25, 2.75], "texture": "#0"}
			}
		},
		{
			"from": [-3.90407, 6, -1.4],
			"to": [-3.30407, 12, 0.4],
			"rotation": {"angle": 0, "axis": "y", "origin": [9.76189, 5.45744, -0.5]},
			"faces": {
				"north": {"uv": [11.875, 9.75, 12, 11], "texture": "#0"},
				"east": {"uv": [11.5, 9.75, 11.875, 11], "texture": "#0"},
				"south": {"uv": [12.375, 9.75, 12.5, 11], "texture": "#0"},
				"west": {"uv": [12.125, 9.75, 12.375, 11], "texture": "#0"},
				"up": {"uv": [12, 9.75, 11.875, 9.375], "texture": "#0"},
				"down": {"uv": [12.125, 9.375, 12, 9.75], "texture": "#0"}
			}
		},
		{
			"from": [-6.90407, 10.2, -1.4],
			"to": [-3.90407, 12, 0.4],
			"rotation": {"angle": 0, "axis": "y", "origin": [4.36189, 4.85744, -0.5]},
			"faces": {
				"north": {"uv": [10.125, 5.125, 10.75, 5.5], "texture": "#0"},
				"east": {"uv": [9.75, 5.125, 10.125, 5.5], "texture": "#0"},
				"south": {"uv": [11.125, 5.125, 11.75, 5.5], "texture": "#0"},
				"west": {"uv": [10.75, 5.125, 11.125, 5.5], "texture": "#0"},
				"up": {"uv": [10.75, 5.125, 10.125, 4.75], "texture": "#0"},
				"down": {"uv": [11.375, 4.75, 10.75, 5.125], "texture": "#0"}
			}
		},
		{
			"from": [-10.50407, -1.8, -1.4],
			"to": [-7.50407, 0, 0.4],
			"rotation": {"angle": 0, "axis": "y", "origin": [0.76189, -7.14256, -0.5]},
			"faces": {
				"north": {"uv": [10.125, 5.125, 10.75, 5.5], "texture": "#0"},
				"east": {"uv": [9.75, 5.125, 10.125, 5.5], "texture": "#0"},
				"south": {"uv": [11.125, 5.125, 11.75, 5.5], "texture": "#0"},
				"west": {"uv": [10.75, 5.125, 11.125, 5.5], "texture": "#0"},
				"up": {"uv": [10.75, 5.125, 10.125, 4.75], "texture": "#0"},
				"down": {"uv": [11.375, 4.75, 10.75, 5.125], "texture": "#0"}
			}
		},
		{
			"from": [-10.50407, -3.6, -5],
			"to": [-3.30407, -1.8, 4],
			"rotation": {"angle": 0, "axis": "y", "origin": [-17.70407, 2.4, 2.8]},
			"faces": {
				"north": {"uv": [4.5, 1.875, 6, 2.25], "texture": "#0"},
				"east": {"uv": [2.625, 1.875, 4.5, 2.25], "texture": "#0"},
				"south": {"uv": [7.875, 1.875, 9.375, 2.25], "texture": "#0"},
				"west": {"uv": [6, 1.875, 7.875, 2.25], "texture": "#0"},
				"up": {"uv": [6, 1.875, 4.5, 0], "texture": "#0"},
				"down": {"uv": [7.5, 0, 6, 1.875], "texture": "#0"}
			}
		}
	],
	"display": {
		"head": {
			"translation": [0, -1.5, 24.25],
			"scale": [3.6, 3.6, 3.6]
		}
	},
	"groups": [
		{
			"name": "kingdom2",
			"origin": [25.5, -10, -3.5],
			"children": [
				{
					"name": "font",
					"origin": [37, 7, 8],
					"children": [0, 1, 2, 3, 4, 5, 6, 7, 8, 9, 10, 11, 12, 13, 14, 15, 16, 17, 18, 19, 20, 21, 22, 23, 24, 25, 26, 27, 28, 29, 30, 31, 32, 33, 34, 35, 36, 37, 38, 39, 40, 41, 42, 43, 44, 45, 46]
				}, 47,
				{
					"name": "castle",
					"origin": [22, 13.5, 1.02734],
					"children": [48, 49, 50, 51, 52, 53, 54, 55, 56, 57, 58, 59, 60, 61, 62, 63, 64, 65, 66, 67, 68, 69, 70, 71, 72, 73, 74, 75, 76, 77, 78, 79, 80, 81, 82, 83, 84, 85, 86, 87, 88, 89, 90, 91, 92, 93, 94]
				},
				{
					"name": "door",
					"origin": [13, 8, 13],
					"children": [95, 96, 97]
				},
				{
					"name": "arrows",
					"origin": [0, 34, 12],
					"children": [98, 99, 100, 101, 102, 103]
				},
				{
					"name": "bricks",
					"origin": [25.5, -10, -3.5],
					"children": [104, 105, 106]
				}
			]
		},
		{
			"name": "kingdom1",
			"origin": [25.5, -10, -3.5],
			"children": [
				{
					"name": "font",
					"origin": [37, 7, 8],
					"children": [107, 108, 109, 110, 111, 112, 113, 114, 115, 116]
				}, 117,
				{
					"name": "door",
					"origin": [13, 8, 13],
					"children": []
				},
				{
					"name": "arrows",
					"origin": [0, 34, 12],
					"children": []
				},
				{
					"name": "bricks",
					"origin": [25.5, -10, -3.5],
					"children": []
				}
			]
		}
	]
}