{
	"credit": "Made with Blockbench",
	"texture_size": [32, 32],
	"textures": {
		"0": "guis/extragui/storegui",
		"2": "guis/extragui/storetext",
		"3": "guis/extragui/storebutton",
		"4": "guis/extragui/mvimage2",
		"particle": "guis/extragui/storegui"
	},
	"elements": [
		{
			"from": [-16, -16, 15.9375],
			"to": [32, 32, 16],
			"faces": {
				"north": {"uv": [11, 16, 0, 5], "rotation": 180, "texture": "#0"},
				"east": {"uv": [0, 0, 0, 0], "texture": "#0"},
				"south": {"uv": [11, 16, 0, 5], "rotation": 180, "texture": "#0"},
				"west": {"uv": [0, 0, 0, 0], "texture": "#0"},
				"up": {"uv": [0, 0, 0, 0], "texture": "#0"},
				"down": {"uv": [0, 0, 0, 0], "texture": "#0"}
			}
		},
		{
			"from": [3.0995, -12.189, 15.8605],
			"to": [30.0645, 4.726, 15.8605],
			"rotation": {"angle": 0, "axis": "y", "origin": [37.0295, 12.686, 22.8255]},
			"faces": {
				"north": {"uv": [0, 0, 16, 16], "texture": "#4"},
				"east": {"uv": [0, 0, 0, 16], "texture": "#4"},
				"south": {"uv": [0, 0, 16, 16], "texture": "#4"},
				"west": {"uv": [0, 0, 0, 16], "texture": "#4"},
				"up": {"uv": [0, 0, 16, 0], "texture": "#4"},
				"down": {"uv": [0, 0, 16, 0], "texture": "#4"}
			}
		},
		{
			"from": [-14.0895, -12.189, 15.8605],
			"to": [0.3755, 2.276, 15.8605],
			"rotation": {"angle": 0, "axis": "y", "origin": [-21.0295, 12.686, 22.8255]},
			"faces": {
				"north": {"uv": [0, 0, 7, 7], "texture": "#3"},
				"east": {"uv": [0, 0, 0, 7], "texture": "#3"},
				"south": {"uv": [0, 7, 7, 14], "texture": "#3"},
				"west": {"uv": [0, 0, 0, 7], "texture": "#3"},
				"up": {"uv": [7, 0, 0, 0], "texture": "#3"},
				"down": {"uv": [7, 0, 0, 0], "texture": "#3"}
			}
		},
		{
			"from": [-12.17471, 7.41589, 15.55703],
			"to": [29.97346, 17.14198, 15.8008],
			"rotation": {"angle": 0, "axis": "y", "origin": [-5.37391, 14.21669, 22.6265]},
			"faces": {
				"north": {"uv": [0, 0, 7.96875, 1.8125], "texture": "#2"},
				"east": {"uv": [0, 6, 0.25, 8.75], "texture": "#2"},
				"south": {"uv": [0, 2.75, 11, 5.5], "texture": "#2"},
				"west": {"uv": [0.25, 6, 0.5, 8.75], "texture": "#2"},
				"up": {"uv": [11, 5.75, 0, 5.5], "texture": "#2"},
				"down": {"uv": [11, 5.75, 0, 6], "texture": "#2"}
			}
		}
	],
	"gui_light": "front",
	"display": {
		"firstperson_lefthand": {
			"scale": [0, 0, 0]
		},
		"gui": {
			"rotation": [0, -180, 0],
			"translation": [72, 65, -80],
			"scale": [3.66, 3.66, 3.66]
		}
	}
}