{
	"credit": "Made with Blockbench",
	"texture_size": [64, 64],
	"textures": {
		"0": "guis/spawners/spawnerforgegui",
		"1": "guis/spawners/spanwerforgetext",
		"particle": "guis/spawners/spawnerforgegui"
	},
	"elements": [
		{
			"from": [-16, -16, 15.9375],
			"to": [32, 32, 16],
			"faces": {
				"north": {"uv": [11, 16, 0, 5], "rotation": 180, "texture": "#0"},
				"east": {"uv": [0, 0, 0, 0], "texture": "#0"},
				"south": {"uv": [11, 16, 0, 5], "rotation": 180, "texture": "#0"},
				"west": {"uv": [0, 0, 0, 0], "texture": "#0"},
				"up": {"uv": [0, 0, 0, 0], "texture": "#0"},
				"down": {"uv": [0, 0, 0, 0], "texture": "#0"}
			}
		},
		{
			"from": [-13.825, 8.55, 15.925],
			"to": [29.825, 17, 15.925],
			"rotation": {"angle": 0, "axis": "y", "origin": [-5.825, 16.55, 23.7]},
			"faces": {
				"north": {"uv": [0, 0, 9, 1.6875], "texture": "#1"},
				"east": {"uv": [0, 4.5, 0.25, 6.5], "texture": "#1"},
				"south": {"uv": [0, 2, 11, 4], "texture": "#1"},
				"west": {"uv": [0.25, 4.5, 0.5, 6.5], "texture": "#1"},
				"up": {"uv": [11, 4.25, 0, 4], "texture": "#1"},
				"down": {"uv": [11, 4.25, 0, 4.5], "texture": "#1"}
			}
		}
	],
	"gui_light": "front",
	"display": {
		"firstperson_lefthand": {
			"scale": [0, 0, 0]
		},
		"gui": {
			"rotation": [0, -180, 0],
			"translation": [-72, 65, -80],
			"scale": [3.66, 3.66, 3.66]
		}
	}
}