{
    "parent": "item/handheld",
    "textures": {
        "layer0": "item/diamond_pickaxe"
    },
        "overrides": [
				{ "predicate": { "damaged": 0, "damage": 0.00064061499}, "model": "item/tools/multitool"},
				{ "predicate": { "damaged": 0, "damage": 0.05249679897}, "model": "item/tools/emerald_pickaxe"},
				{ "predicate": { "damaged": 0, "damage": 0.06145966709}, "model": "item/tools/maplepickaxe"},
                { "predicate": { "damaged": 0, "damage": 0.06466069142}, "model": "item/tools/magical_ice_axe"},
                { "predicate": { "damaged": 0, "damage": 0.06786171574}, "model": "item/egypt_crate/pharaoh_axe"},
                { "predicate": { "damaged": 0, "damage": 0.06914212548}, "model": "item/tools/invaderpickaxe"},
                { "predicate": { "damaged": 0, "damage": 0.07554417413}, "model": "item/thanksgiving20_crate/fork"},
                { "predicate": { "damaged": 0, "damage": 0.076184379}, "model": "item/christmas20/gingerpickaxe"},
                { "predicate": { "damaged": 0, "damage": 0.081946222}, "model": "item/newyear20_crate/pickaxe"},
                { "predicate": { "damaged": 0, "damage": 0.08578745}, "model": "item/chinese20_crate/dragon_pickaxe"},		
                { "predicate": { "damaged": 0, "damage": 0.09481102}, "model": "item/drseuss21_crate/wocketpickaxe"},	
  	        { "predicate": {"custom_model_data": 100005}, "model": "item/valentine20_crate/staff"},			
				{ "predicate": {"damaged": 1}, "model": "item/diamond_pickaxe"}
        ]
}