{
    "parent": "item/handheld",
    "textures": {
        "layer0": "item/diamond_shovel"
    },
        "overrides": [
				{ "predicate": { "damaged": 0, "damage": 0.00064061499}, "model": "item/tools/multitool"},
				{ "predicate": { "damaged": 0, "damage": 0.05185659411}, "model": "item/tools/emerald_shovel"},
				{ "predicate": { "damaged": 0, "damage": 0.08007687}, "model": "item/newyear20_crate/shovel"},
				{ "predicate": { "damaged": 0, "damage": 0.08007687}, "model": "item/easter21_crate/silver_spoon_shovel"},
				{ "predicate": {"damaged": 1}, "model": "item/diamond_shovel"}
        ]
}