{
    "parent": "item/handheld",
    "textures": {
        "layer0": "item/diamond_sword"
    },
        "overrides": [
				{ "predicate": { "damaged": 0, "damage": 0.00064061499}, "model": "item/tools/multitool"},
				{ "predicate": { "damaged": 0, "damage": 0.0416133159}, "model": "item/weapons/scythe"},
				{ "predicate": { "damaged": 0, "damage": 0.04289372562}, "model": "item/weapons/forestsword"},
				{ "predicate": { "damaged": 0, "damage": 0.04353393048}, "model": "item/weapons/candycanesword"},
				{ "predicate": { "damaged": 0, "damage": 0.04420243431}, "model": "item/weapons/greenlightsaber"},
				{ "predicate": { "damaged": 0, "damage": 0.0448430493}, "model": "item/weapons/redlightsaber"},
			    { "predicate": { "damaged": 0, "damage": 0.05121638924}, "model": "item/weapons/emerald_sword"},
			    { "predicate": { "damaged": 0, "damage": 0.05761843790}, "model": "item/weapons/master_sword"},
			    { "predicate": { "damaged": 0, "damage": 0.06081946222}, "model": "item/weapons/eaglesword"},
			    { "predicate": { "damaged": 0, "damage": 0.06530089628}, "model": "item/weapons/ice_sword"},
			    { "predicate": { "damaged": 0, "damage": 0.06722151088}, "model": "item/egypt_crate/pharaoh_sword"},
			    { "predicate": { "damaged": 0, "damage": 0.06978233034}, "model": "item/weapons/scorpionsword"},
			    { "predicate": { "damaged": 0, "damage": 0.07746478873}, "model": "item/christmas20/frostsword"},
			    { "predicate": { "damaged": 0, "damage": 0.08071749}, "model": "item/newyear20_crate/sword"},
			    { "predicate": { "damaged": 0, "damage": 0.08514725}, "model": "item/chinese20_crate/chinese_fortune_dao"},	
			    { "predicate": { "damaged": 0, "damage": 0.09346991}, "model": "item/olympus/weapons/trident"},			
                { "predicate": { "damaged": 0, "damage": 0.09545163}, "model": "item/drseuss21_crate/king_birtrams_stilt"},	
                { "predicate": { "damaged": 0, "damage": 0.10051216}, "model": "item/easter21_crate/choco_sword"},												
				{ "predicate": {"damaged": 1}, "model": "item/diamond_sword"}
        ]
}