{
    "parent": "item/handheld",
    "textures": {
        "layer0": "item/diamond"
    },
        "overrides": [
                { "predicate": {"custom_model_data": 100001}, "model": "item/olympus/apollo-completed"},
				{ "predicate": {"custom_model_data": 100002}, "model": "item/olympus/apollo"},
				{ "predicate": {"custom_model_data": 100003}, "model": "item/olympus/apollo-locked"},
				{ "predicate": {"custom_model_data": 100004}, "model": "item/olympus/demeter-completed"},
				{ "predicate": {"custom_model_data": 100005}, "model": "item/olympus/demeter"},
				{ "predicate": {"custom_model_data": 100006}, "model": "item/olympus/demeter-locked"},
				{ "predicate": {"custom_model_data": 100007}, "model": "item/olympus/hermes-completed"},
				{ "predicate": {"custom_model_data": 100008}, "model": "item/olympus/hermes"},
				{ "predicate": {"custom_model_data": 100009}, "model": "item/olympus/hermes-locked"},				
				{ "predicate": {"custom_model_data": 100010}, "model": "item/olympus/poseidon-completed"},
				{ "predicate": {"custom_model_data": 100011}, "model": "item/olympus/poseidon"},
				{ "predicate": {"custom_model_data": 100012}, "model": "item/olympus/poseidon-locked"},				
				{ "predicate": {"custom_model_data": 100013}, "model": "item/olympus/aphrodite-completed"},
				{ "predicate": {"custom_model_data": 100014}, "model": "item/olympus/aphrodite"},
				{ "predicate": {"custom_model_data": 100015}, "model": "item/olympus/aphrodite-locked"},				
				{ "predicate": {"custom_model_data": 100016}, "model": "item/olympus/ares-completed"},
				{ "predicate": {"custom_model_data": 100017}, "model": "item/olympus/ares"},
				{ "predicate": {"custom_model_data": 100018}, "model": "item/olympus/ares-locked"},				
				{ "predicate": {"custom_model_data": 100019}, "model": "item/olympus/dionysus-completed"},
				{ "predicate": {"custom_model_data": 100020}, "model": "item/olympus/dionysus"},
				{ "predicate": {"custom_model_data": 100021}, "model": "item/olympus/dionysus-locked"},				
				{ "predicate": {"custom_model_data": 100022}, "model": "item/olympus/athena-completed"},
				{ "predicate": {"custom_model_data": 100023}, "model": "item/olympus/athena"},
				{ "predicate": {"custom_model_data": 100024}, "model": "item/olympus/athena-locked"},				
				{ "predicate": {"custom_model_data": 100025}, "model": "item/olympus/artemis-completed"},
				{ "predicate": {"custom_model_data": 100026}, "model": "item/olympus/artemis"},
				{ "predicate": {"custom_model_data": 100027}, "model": "item/olympus/artemis-locked"},				
				{ "predicate": {"custom_model_data": 100028}, "model": "item/olympus/hephaestus-completed"},
				{ "predicate": {"custom_model_data": 100029}, "model": "item/olympus/hephaestus"},
				{ "predicate": {"custom_model_data": 100030}, "model": "item/olympus/hephaestus-locked"},
				{ "predicate": {"custom_model_data": 100031}, "model": "item/olympus/hera-completed"},
				{ "predicate": {"custom_model_data": 100032}, "model": "item/olympus/hera"},
				{ "predicate": {"custom_model_data": 100033}, "model": "item/olympus/hera-locked"},
				{ "predicate": {"custom_model_data": 100034}, "model": "item/olympus/zeus-completed"},
				{ "predicate": {"custom_model_data": 100035}, "model": "item/olympus/zeus"},
				{ "predicate": {"custom_model_data": 100036}, "model": "item/olympus/zeus-locked"},
				{ "predicate": {"custom_model_data": 100037}, "model": "item/olympus/ascend-completed"},
				{ "predicate": {"custom_model_data": 100038}, "model": "item/olympus/ascend"},
				{ "predicate": {"custom_model_data": 100039}, "model": "item/olympus/ascend-locked"}
        ]
}