{
    "parent": "item/handheld",
    "textures": {
        "layer0": "item/diamond_axe"
    },
        "overrides": [
                { "predicate": { "damaged": 0, "damage": 0.00064061499}, "model": "item/tools/multitool"},
                { "predicate": { "damaged": 0, "damage": 0.04804612427}, "model": "item/tools/cupidaxe"},
                { "predicate": { "damaged": 0, "damage": 0.05825864276}, "model": "item/tools/hammer_3"},
                { "predicate": { "damaged": 0, "damage": 0.06466069142}, "model": "item/tools/magical_ice_axe"},
                { "predicate": { "damaged": 0, "damage": 0.07042253521}, "model": "item/tools/donkeykonghammer"},
                { "predicate": { "damaged": 0, "damage": 0.0813581}, "model": "item/newyear20_crate/axe"},
                { "predicate": { "damaged": 0, "damage": 0.08642766}, "model": "item/chinese20_crate/dragon_axe"},				
                { "predicate": { "damaged": 0, "damage": 0.09026889}, "model": "item/valentine20_crate/staff"},	
				
                { "predicate": {"damaged": 1}, "model": "item/diamond_axe"}
        ]
}