{
    "parent": "item/handheld",
    "textures": {
        "layer0": "item/golden_hoe"
    },
        "overrides": [
  				{ "predicate": {"custom_model_data": 100001}, "model": "item/furniture/kitchen/fridge/traditional/traditional_fridge_black"},
  				{ "predicate": {"custom_model_data": 100002}, "model": "item/furniture/kitchen/fridge/traditional/traditional_fridge_blue"},
  				{ "predicate": {"custom_model_data": 100003}, "model": "item/furniture/kitchen/fridge/traditional/traditional_fridge_lime"},
  				{ "predicate": {"custom_model_data": 100004}, "model": "item/furniture/kitchen/fridge/traditional/traditional_fridge_orange"},
  				{ "predicate": {"custom_model_data": 100005}, "model": "item/furniture/kitchen/fridge/traditional/traditional_fridge_pink"},
  				{ "predicate": {"custom_model_data": 100006}, "model": "item/furniture/kitchen/fridge/traditional/traditional_fridge_purple"},
  				{ "predicate": {"custom_model_data": 100007}, "model": "item/furniture/kitchen/fridge/traditional/traditional_fridge_red"},
  				{ "predicate": {"custom_model_data": 100008}, "model": "item/furniture/kitchen/fridge/traditional/traditional_fridge_white"},
  				{ "predicate": {"custom_model_data": 100009}, "model": "item/furniture/kitchen/fridge/traditional/traditional_fridge_yellow"},

  				{ "predicate": {"custom_model_data": 200001}, "model": "item/furniture/kitchen/stove/traditional/traditional_stove"}
        ]
}