{
    "parent": "item/handheld",
    "textures": {
        "layer0": "item/iron_hoe"
    },
        "overrides": [
				{ "predicate": {"custom_model_data": 100001}, "model": "item/wearables/nitro"},
				{ "predicate": {"custom_model_data": 100002}, "model": "item/wearables/batman"},
				{ "predicate": {"custom_model_data": 100003}, "model": "item/wearables/ironman"},
				{ "predicate": {"custom_model_data": 100004}, "model": "item/wearables/xxxtentacion"},
				{ "predicate": {"custom_model_data": 100005}, "model": "item/wearables/clown"},
				{ "predicate": {"custom_model_data": 100006}, "model": "item/wearables/roblox"},
				{ "predicate": {"custom_model_data": 100007}, "model": "item/wearables/shark"},
				{ "predicate": {"custom_model_data": 100008}, "model": "item/wearables/astronaut"},
				{ "predicate": {"custom_model_data": 100009}, "model": "item/wearables/bunnyears"},
				{ "predicate": {"custom_model_data": 100010}, "model": "item/wearables/toilet"},
				{ "predicate": {"custom_model_data": 100011}, "model": "item/wearables/beerhat"},
				{ "predicate": {"custom_model_data": 100012}, "model": "item/wearables/demogorgon"},
				{ "predicate": {"custom_model_data": 100018}, "model": "item/wearables/catinthehat"},
				{ "predicate": {"custom_model_data": 100019}, "model": "item/wearables/halo"},
				{ "predicate": {"custom_model_data": 100020}, "model": "item/wearables/groot"},
				{ "predicate": {"custom_model_data": 100021}, "model": "item/wearables/hulk"},
				{ "predicate": {"custom_model_data": 100022}, "model": "item/wearables/witch"},
				{ "predicate": {"custom_model_data": 100023}, "model": "item/wearables/wizard"},
				{ "predicate": {"custom_model_data": 100024}, "model": "item/wearables/fishbowl"},
				{ "predicate": {"custom_model_data": 100025}, "model": "item/wearables/koala"},
				{ "predicate": {"custom_model_data": 100026}, "model": "item/wearables/panda"},
				{ "predicate": {"custom_model_data": 100027}, "model": "item/wearables/penguin"},
				{ "predicate": {"custom_model_data": 100028}, "model": "item/wearables/shrek"},
				{ "predicate": {"custom_model_data": 100029}, "model": "item/wearables/stormtrooper"},
				{ "predicate": {"custom_model_data": 100030}, "model": "item/wearables/horse"},
				{ "predicate": {"custom_model_data": 100031}, "model": "item/wearables/trex"},
				{ "predicate": {"custom_model_data": 100032}, "model": "item/wearables/lion"},
				{ "predicate": {"custom_model_data": 100033}, "model": "item/wearables/cowboy"},
				{ "predicate": {"custom_model_data": 100034}, "model": "item/wearables/devil"},
				{ "predicate": {"custom_model_data": 100035}, "model": "item/wearables/glasses"},
				{ "predicate": {"custom_model_data": 100037}, "model": "item/wearables/joker"},
				{ "predicate": {"custom_model_data": 100038}, "model": "item/wearables/frankenstein"},
				{ "predicate": {"custom_model_data": 100039}, "model": "item/wearables/dayofthedead"},
				{ "predicate": {"custom_model_data": 100040}, "model": "item/wearables/friday13th"},
				{ "predicate": {"custom_model_data": 100041}, "model": "item/wearables/santa"},
				{ "predicate": {"custom_model_data": 100042}, "model": "item/misc/babyyoda"},
				{ "predicate": {"custom_model_data": 100043}, "model": "item/wearables/darthvader"},
				{ "predicate": {"custom_model_data": 100044}, "model": "item/wearables/mandalorian"},
				{ "predicate": {"custom_model_data": 100045}, "model": "item/wearables/yoda"},
				{ "predicate": {"custom_model_data": 100046}, "model": "item/wearables/valentinesbear"},
				{ "predicate": {"custom_model_data": 100047}, "model": "item/wearables/emerald_helmet"},
				{ "predicate": {"custom_model_data": 100048}, "model": "item/misc/filler"},
				{ "predicate": {"custom_model_data": 100049}, "model": "item/wearables/beaverhat"},
				{ "predicate": {"custom_model_data": 100050}, "model": "item/wearables/emerald_crown"},
				{ "predicate": {"custom_model_data": 100051}, "model": "item/thanksgiving20_crate/turkey"},
				{ "predicate": {"custom_model_data": 100052}, "model": "item/cybermonday_crate/cybermask"},
				{ "predicate": {"custom_model_data": 100053}, "model": "item/christmas20_crate/dearhat"},
				{ "predicate": {"custom_model_data": 100054}, "model": "item/christmas20_crate/snowmanhat"},
				{ "predicate": {"custom_model_data": 100055}, "model": "item/newyear20_crate/partyhat"},
				{ "predicate": {"custom_model_data": 100056}, "model": "item/newyear20_crate/glasses"},
				
				
				{ "predicate": { "damaged": 0, "damage": 0.556}, "model": "item/valentine20_crate/harp"},	
                { "predicate": { "damaged": 0, "damage": 0.568}, "model": "item/valentine20_crate/teddy_bear"},
				
				{ "predicate": {"damaged": 1}, "model": "item/iron_hoe"}
        ]
}