{
  "parent": "item/generated",
  "textures": {
    "layer0": "item/leather_horse_armor"
  },
  "overrides": [
    {
      "predicate": {
        "custom_model_data": 1
      },
      "model": "manamodels:chocolate_monster/torso"
    },
    {
      "predicate": {
        "custom_model_data": 2
      },
      "model": "manamodels:chocolate_monster/leg"
    },
    {
      "predicate": {
        "custom_model_data": 3
      },
      "model": "manamodels:chocolate_monster/leg2"
    },
    {
      "predicate": {
        "custom_model_data": 4
      },
      "model": "manamodels:chocolate_monster/head"
    },
    {
      "predicate": {
        "custom_model_data": 5
      },
      "model": "manamodels:chocolate_monster/arm"
    },
    {
      "predicate": {
        "custom_model_data": 6
      },
      "model": "manamodels:chocolate_monster/forearm"
    },
    {
      "predicate": {
        "custom_model_data": 7
      },
      "model": "manamodels:chocolate_monster/arm2"
    },
    {
      "predicate": {
        "custom_model_data": 8
      },
      "model": "manamodels:chocolate_monster/forearm2"
    },
    {
      "predicate": {
        "custom_model_data": 9
      },
      "model": "manamodels:easter_bunny/torso"
    },
    {
      "predicate": {
        "custom_model_data": 10
      },
      "model": "manamodels:easter_bunny/egg"
    },
    {
      "predicate": {
        "custom_model_data": 11
      },
      "model": "manamodels:easter_bunny/head"
    },
    {
      "predicate": {
        "custom_model_data": 12
      },
      "model": "manamodels:easter_bunny/arm2"
    },
    {
      "predicate": {
        "custom_model_data": 13
      },
      "model": "manamodels:easter_bunny/arm"
    },
    {
      "predicate": {
        "custom_model_data": 14
      },
      "model": "manamodels:easter_bunny/leg"
    },
    {
      "predicate": {
        "custom_model_data": 15
      },
      "model": "manamodels:easter_bunny/leg2"
    },
    {
      "predicate": {
        "custom_model_data": 16
      },
      "model": "manamodels:golem/lavagolem_root"
    },
    {
      "predicate": {
        "custom_model_data": 17
      },
      "model": "manamodels:golem/torso"
    },
    {
      "predicate": {
        "custom_model_data": 18
      },
      "model": "manamodels:golem/chest"
    },
    {
      "predicate": {
        "custom_model_data": 19
      },
      "model": "manamodels:golem/shoulder_left"
    },
    {
      "predicate": {
        "custom_model_data": 20
      },
      "model": "manamodels:golem/upperarm_left"
    },
    {
      "predicate": {
        "custom_model_data": 21
      },
      "model": "manamodels:golem/midarmjoint1_left"
    },
    {
      "predicate": {
        "custom_model_data": 22
      },
      "model": "manamodels:golem/midarmjoint2_left"
    },
    {
      "predicate": {
        "custom_model_data": 23
      },
      "model": "manamodels:golem/midarmjoint3_left"
    },
    {
      "predicate": {
        "custom_model_data": 24
      },
      "model": "manamodels:golem/lowerarm_left"
    },
    {
      "predicate": {
        "custom_model_data": 25
      },
      "model": "manamodels:golem/shoulder_right"
    },
    {
      "predicate": {
        "custom_model_data": 26
      },
      "model": "manamodels:golem/upperarm_right"
    },
    {
      "predicate": {
        "custom_model_data": 27
      },
      "model": "manamodels:golem/midarmjoint1_right"
    },
    {
      "predicate": {
        "custom_model_data": 28
      },
      "model": "manamodels:golem/midarmjoint2_right"
    },
    {
      "predicate": {
        "custom_model_data": 29
      },
      "model": "manamodels:golem/midarmjoint3_right"
    },
    {
      "predicate": {
        "custom_model_data": 30
      },
      "model": "manamodels:golem/lowerarm_right"
    },
    {
      "predicate": {
        "custom_model_data": 31
      },
      "model": "manamodels:golem/head"
    },
    {
      "predicate": {
        "custom_model_data": 32
      },
      "model": "manamodels:golem/horn1_right"
    },
    {
      "predicate": {
        "custom_model_data": 33
      },
      "model": "manamodels:golem/horn2_right"
    },
    {
      "predicate": {
        "custom_model_data": 34
      },
      "model": "manamodels:golem/horn3_right"
    },
    {
      "predicate": {
        "custom_model_data": 35
      },
      "model": "manamodels:golem/horn4_right"
    },
    {
      "predicate": {
        "custom_model_data": 36
      },
      "model": "manamodels:golem/horn1_left"
    },
    {
      "predicate": {
        "custom_model_data": 37
      },
      "model": "manamodels:golem/horn2_left"
    },
    {
      "predicate": {
        "custom_model_data": 38
      },
      "model": "manamodels:golem/horn3_left"
    },
    {
      "predicate": {
        "custom_model_data": 39
      },
      "model": "manamodels:golem/horn4_left"
    },
    {
      "predicate": {
        "custom_model_data": 40
      },
      "model": "manamodels:golem/leg_right"
    },
    {
      "predicate": {
        "custom_model_data": 41
      },
      "model": "manamodels:golem/leg_left"
    },
    {
      "predicate": {
        "custom_model_data": 42
      },
      "model": "manamodels:krykna/albino_spider_root"
    },
    {
      "predicate": {
        "custom_model_data": 43
      },
      "model": "manamodels:krykna/body_stem"
    },
    {
      "predicate": {
        "custom_model_data": 44
      },
      "model": "manamodels:krykna/mouth"
    },
    {
      "predicate": {
        "custom_model_data": 45
      },
      "model": "manamodels:krykna/eggsac"
    },
    {
      "predicate": {
        "custom_model_data": 46
      },
      "model": "manamodels:krykna/upperleg1_pivot"
    },
    {
      "predicate": {
        "custom_model_data": 47
      },
      "model": "manamodels:krykna/upperleg1"
    },
    {
      "predicate": {
        "custom_model_data": 48
      },
      "model": "manamodels:krykna/midleg1"
    },
    {
      "predicate": {
        "custom_model_data": 49
      },
      "model": "manamodels:krykna/bottomleg1"
    },
    {
      "predicate": {
        "custom_model_data": 50
      },
      "model": "manamodels:krykna/upperleg2_pivot"
    },
    {
      "predicate": {
        "custom_model_data": 51
      },
      "model": "manamodels:krykna/upperleg2"
    },
    {
      "predicate": {
        "custom_model_data": 52
      },
      "model": "manamodels:krykna/midleg2"
    },
    {
      "predicate": {
        "custom_model_data": 53
      },
      "model": "manamodels:krykna/bottomleg2"
    },
    {
      "predicate": {
        "custom_model_data": 54
      },
      "model": "manamodels:krykna/upperleg3_pivot"
    },
    {
      "predicate": {
        "custom_model_data": 55
      },
      "model": "manamodels:krykna/upperleg3"
    },
    {
      "predicate": {
        "custom_model_data": 56
      },
      "model": "manamodels:krykna/midleg3"
    },
    {
      "predicate": {
        "custom_model_data": 57
      },
      "model": "manamodels:krykna/bottomleg3"
    },
    {
      "predicate": {
        "custom_model_data": 58
      },
      "model": "manamodels:krykna/upperleg4_pivot"
    },
    {
      "predicate": {
        "custom_model_data": 59
      },
      "model": "manamodels:krykna/upperleg4"
    },
    {
      "predicate": {
        "custom_model_data": 60
      },
      "model": "manamodels:krykna/midleg4"
    },
    {
      "predicate": {
        "custom_model_data": 61
      },
      "model": "manamodels:krykna/bottomleg4"
    },
    {
      "predicate": {
        "custom_model_data": 62
      },
      "model": "manamodels:krykna/upperleg5_pivot"
    },
    {
      "predicate": {
        "custom_model_data": 63
      },
      "model": "manamodels:krykna/upperleg5"
    },
    {
      "predicate": {
        "custom_model_data": 64
      },
      "model": "manamodels:krykna/midleg5"
    },
    {
      "predicate": {
        "custom_model_data": 65
      },
      "model": "manamodels:krykna/bottomleg5"
    },
    {
      "predicate": {
        "custom_model_data": 66
      },
      "model": "manamodels:krykna/upperleg6_pivot"
    },
    {
      "predicate": {
        "custom_model_data": 67
      },
      "model": "manamodels:krykna/upperleg6"
    },
    {
      "predicate": {
        "custom_model_data": 68
      },
      "model": "manamodels:krykna/midleg6"
    },
    {
      "predicate": {
        "custom_model_data": 69
      },
      "model": "manamodels:krykna/bottomleg6"
    }
  ]
}