{
  "parent": "minecraft:item/generated",
  "textures": {
    "layer0": "minecraft:block/light_gray_stained_glass"
    },
        "overrides": [
  				{ "predicate": {"custom_model_data": 100001}, "model": "item/guis/furniture/furnituregui"},
  				{ "predicate": {"custom_model_data": 100002}, "model": "item/guis/furniture/furnituretwogui"},
  				{ "predicate": {"custom_model_data": 100003}, "model": "item/guis/furniture/bathroomfurnituregui"},
  				{ "predicate": {"custom_model_data": 100004}, "model": "item/guis/furniture/bedroomfurnituregui"},
  				{ "predicate": {"custom_model_data": 100005}, "model": "item/guis/furniture/collectiblesfurnituregui"},
  				{ "predicate": {"custom_model_data": 100006}, "model": "item/guis/furniture/decorationsfurnituregui"},
  				{ "predicate": {"custom_model_data": 100007}, "model": "item/guis/furniture/kitchenfurnituregui"},
  				{ "predicate": {"custom_model_data": 100008}, "model": "item/guis/furniture/livingroomfurnituregui"},
  				{ "predicate": {"custom_model_data": 100009}, "model": "item/guis/furniture/officefurnituregui"},
  				{ "predicate": {"custom_model_data": 100010}, "model": "item/guis/furniture/furniturestoregui"},

  				{ "predicate": {"custom_model_data": 100020}, "model": "item/guis/extra/serverselectorgui"},
  				{ "predicate": {"custom_model_data": 100021}, "model": "item/guis/extra/survivalselectorgui"},
  				{ "predicate": {"custom_model_data": 100022}, "model": "item/guis/extra/skyblockselectorgui"},
  				{ "predicate": {"custom_model_data": 100023}, "model": "item/guis/extra/storegui"},
 				{ "predicate": {"custom_model_data": 100024}, "model": "item/guis/extra/crategui"},

  				{ "predicate": {"custom_model_data": 100030}, "model": "item/guis/kingdoms/kingdombankgui"},
  				{ "predicate": {"custom_model_data": 100031}, "model": "item/guis/kingdoms/kingdombansgui"},
  				{ "predicate": {"custom_model_data": 100032}, "model": "item/guis/kingdoms/kingdomclaimsgui"},
  				{ "predicate": {"custom_model_data": 100033}, "model": "item/guis/kingdoms/kingdomlevelsgui"},
  				{ "predicate": {"custom_model_data": 100034}, "model": "item/guis/kingdoms/kingdompermissionsgui"},
  				{ "predicate": {"custom_model_data": 100035}, "model": "item/guis/kingdoms/kingdomsettingsgui"},
  				{ "predicate": {"custom_model_data": 100036}, "model": "item/guis/kingdoms/kingdomsgui"},
  				{ "predicate": {"custom_model_data": 100037}, "model": "item/guis/kingdoms/kingdomteamgui"},
  				{ "predicate": {"custom_model_data": 100038}, "model": "item/guis/kingdoms/kingdomupgradesgui"},

  				{ "predicate": {"custom_model_data": 100039}, "model": "item/guis/kingdoms/kingdomdirectorygui"},
  				{ "predicate": {"custom_model_data": 100040}, "model": "item/guis/kingdoms/kingdomlogsgui"},
  				{ "predicate": {"custom_model_data": 100041}, "model": "item/guis/kingdoms/kingdomdirectorygui"},
  				{ "predicate": {"custom_model_data": 100042}, "model": "item/guis/kingdoms/kingdomcoleaderpermgui"},
  				{ "predicate": {"custom_model_data": 100043}, "model": "item/guis/kingdoms/kingdomadminpermgui"},
  				{ "predicate": {"custom_model_data": 100044}, "model": "item/guis/kingdoms/kingdommodpermgui"},
  				{ "predicate": {"custom_model_data": 100045}, "model": "item/guis/kingdoms/kingdommemberpermgui"},
  				{ "predicate": {"custom_model_data": 100046}, "model": "item/guis/kingdoms/kingdomcooppermgui"},
  				{ "predicate": {"custom_model_data": 100047}, "model": "item/guis/kingdoms/kingdomguestpermgui"},

  				{ "predicate": {"custom_model_data": 100048}, "model": "item/guis/kingdoms/kingdomcreategui"},
  				{ "predicate": {"custom_model_data": 100049}, "model": "item/guis/kingdoms/kingdomclassesgui"},
  				{ "predicate": {"custom_model_data": 100050}, "model": "item/guis/kingdoms/kingdombankwithdrawgui"},
  				{ "predicate": {"custom_model_data": 100051}, "model": "item/guis/kingdoms/kingdombankdepositgui"},

  				{ "predicate": {"custom_model_data": 100052}, "model": "item/guis/kingdoms/kingdomclasses1"},
  				{ "predicate": {"custom_model_data": 100053}, "model": "item/guis/kingdoms/kingdomclasses2"},
  				{ "predicate": {"custom_model_data": 100054}, "model": "item/guis/kingdoms/kingdomclasses3"},
  				{ "predicate": {"custom_model_data": 100055}, "model": "item/guis/kingdoms/kingdomclasses4"},
  				{ "predicate": {"custom_model_data": 100056}, "model": "item/guis/kingdoms/kingdomclasses5"},
  				{ "predicate": {"custom_model_data": 100057}, "model": "item/guis/kingdoms/kingdomclasses6"},
  				{ "predicate": {"custom_model_data": 100058}, "model": "item/guis/kingdoms/kingdomtrusteepermgui"},
  				{ "predicate": {"custom_model_data": 100059}, "model": "item/guis/kingdoms/kingdomwarpsgui"},

  				{ "predicate": {"custom_model_data": 100060}, "model": "item/guis/kingdoms/kingdomyougui"},
  				{ "predicate": {"custom_model_data": 100061}, "model": "item/guis/kingdoms/kingdomcollection2gui"},
  				{ "predicate": {"custom_model_data": 100062}, "model": "item/guis/kingdoms/kingdomcollectiongui"},

  				{ "predicate": {"custom_model_data": 100063}, "model": "item/guis/kingdoms/kingdomisles1"},
  				{ "predicate": {"custom_model_data": 100064}, "model": "item/guis/kingdoms/kingdomisles2"},
  				{ "predicate": {"custom_model_data": 100065}, "model": "item/guis/kingdoms/kingdomisles3"},
  				{ "predicate": {"custom_model_data": 100066}, "model": "item/guis/kingdoms/kingdomisles4"},
  				{ "predicate": {"custom_model_data": 100067}, "model": "item/guis/kingdoms/kingdomisles5"},
  				{ "predicate": {"custom_model_data": 100068}, "model": "item/guis/kingdoms/kingdommonstergui"},
  				{ "predicate": {"custom_model_data": 100069}, "model": "item/guis/kingdoms/kingdomquests"},

  				{ "predicate": {"custom_model_data": 100080}, "model": "item/guis/spawners/spawnerforgegui"},

  				{ "predicate": {"custom_model_data": 100090}, "model": "item/guis/shops/blocksshop"},
  				{ "predicate": {"custom_model_data": 100091}, "model": "item/guis/shops/dropsshop"},
  				{ "predicate": {"custom_model_data": 100092}, "model": "item/guis/shops/dyesshop"},
  				{ "predicate": {"custom_model_data": 100093}, "model": "item/guis/shops/farmingshop"},
  				{ "predicate": {"custom_model_data": 100094}, "model": "item/guis/shops/flowersshop"},
  				{ "predicate": {"custom_model_data": 100095}, "model": "item/guis/shops/mineralsshop"},
  				{ "predicate": {"custom_model_data": 100096}, "model": "item/guis/shops/miscsshop"},
  				{ "predicate": {"custom_model_data": 100097}, "model": "item/guis/shops/saplingsshop"},
  				{ "predicate": {"custom_model_data": 100098}, "model": "item/guis/shops/spawnersshop"},
  				{ "predicate": {"custom_model_data": 100099}, "model": "item/guis/shops/mainshop"},
  				{ "predicate": {"custom_model_data": 100100}, "model": "item/guis/shops/shop2"},
  				{ "predicate": {"custom_model_data": 100101}, "model": "item/guis/shops/buymore"},
  				{ "predicate": {"custom_model_data": 100102}, "model": "item/guis/shops/sellmore"},

  				{ "predicate": {"custom_model_data": 100201}, "model": "item/guis/minebucksshop/marketshop"},
  				{ "predicate": {"custom_model_data": 100202}, "model": "item/guis/minebucksshop/minebucksshop"},
  				{ "predicate": {"custom_model_data": 100203}, "model": "item/guis/minebucksshop/ranksshop"},
  				{ "predicate": {"custom_model_data": 100204}, "model": "item/guis/minebucksshop/toolsshop"},
  				{ "predicate": {"custom_model_data": 100205}, "model": "item/guis/minebucksshop/keysshop"},
  				{ "predicate": {"custom_model_data": 100206}, "model": "item/guis/minebucksshop/perksshop"},
  				{ "predicate": {"custom_model_data": 100207}, "model": "item/guis/minebucksshop/kitsshop"},
  				{ "predicate": {"custom_model_data": 100208}, "model": "item/guis/minebucksshop/minionsshop"},

  				{ "predicate": {"custom_model_data": 100230}, "model": "item/guis/globalguis/confirmgui"},
  				{ "predicate": {"custom_model_data": 100231}, "model": "item/guis/globalguis/cratepreviewgui"},
  				{ "predicate": {"custom_model_data": 100232}, "model": "item/guis/globalguis/spawnerstackgui"},
  				{ "predicate": {"custom_model_data": 100233}, "model": "item/guis/globalguis/portalgui"},
  				{ "predicate": {"custom_model_data": 100234}, "model": "item/guis/globalguis/kitgui"},
  				{ "predicate": {"custom_model_data": 100235}, "model": "item/guis/globalguis/donatorkitgui"},
  				{ "predicate": {"custom_model_data": 100236}, "model": "item/guis/globalguis/premiumkitgui"},
  				{ "predicate": {"custom_model_data": 100237}, "model": "item/guis/globalguis/happycowgui"},
  				{ "predicate": {"custom_model_data": 100238}, "model": "item/guis/globalguis/dailyrewardgui"},
  				{ "predicate": {"custom_model_data": 100239}, "model": "item/guis/globalguis/reclaimgui"},
  				{ "predicate": {"custom_model_data": 100240}, "model": "item/guis/globalguis/ranksgui"},
  				{ "predicate": {"custom_model_data": 100241}, "model": "item/guis/globalguis/rankedrewardgui"},

  				{ "predicate": {"custom_model_data": 100242}, "model": "item/guis/globalguis/collections/farmingcollection"},
  				{ "predicate": {"custom_model_data": 100243}, "model": "item/guis/globalguis/collections/islescollection"},
  				{ "predicate": {"custom_model_data": 100244}, "model": "item/guis/globalguis/collections/miningcollection"},
  				{ "predicate": {"custom_model_data": 100245}, "model": "item/guis/globalguis/collections/mobscollection"},
  				{ "predicate": {"custom_model_data": 100246}, "model": "item/guis/globalguis/collections/woodcuttingcollection"},

  				{ "predicate": {"custom_model_data": 100247}, "model": "item/guis/globalguis/quests/questsmain"},
  				{ "predicate": {"custom_model_data": 100249}, "model": "item/guis/globalguis/quests/intervalquests"},
  				{ "predicate": {"custom_model_data": 100250}, "model": "item/guis/globalguis/infogui"},
  				{ "predicate": {"custom_model_data": 100251}, "model": "item/guis/globalguis/gemsgui"},

  				{ "predicate": {"custom_model_data": 100252}, "model": "item/guis/globalguis/enchanter/enchant"},
  				{ "predicate": {"custom_model_data": 100253}, "model": "item/guis/globalguis/enchanter/commonenchants"},
  				{ "predicate": {"custom_model_data": 100254}, "model": "item/guis/globalguis/enchanter/uncommonenchants"},
  				{ "predicate": {"custom_model_data": 100255}, "model": "item/guis/globalguis/enchanter/rareenchants"},
  				{ "predicate": {"custom_model_data": 100256}, "model": "item/guis/globalguis/prefixgui"},
  				{ "predicate": {"custom_model_data": 100257}, "model": "item/guis/globalguis/generatorgui"},
  				{ "predicate": {"custom_model_data": 100258}, "model": "item/guis/globalguis/minionsgui"},
  				{ "predicate": {"custom_model_data": 100259}, "model": "item/guis/globalguis/hatsgui"},
  				{ "predicate": {"custom_model_data": 100260}, "model": "item/guis/globalguis/legendsgui"},
  				{ "predicate": {"custom_model_data": 100261}, "model": "item/guis/globalguis/topgui"},
  				{ "predicate": {"custom_model_data": 100262}, "model": "item/guis/globalguis/profilegui"},
  				{ "predicate": {"custom_model_data": 100263}, "model": "item/guis/globalguis/cosmeticsgui"},

  				{ "predicate": {"custom_model_data": 200001}, "model": "item/guis/islands/islandgui"},
  				{ "predicate": {"custom_model_data": 200002}, "model": "item/guis/islands/islandcollectiongui"},
  				{ "predicate": {"custom_model_data": 200003}, "model": "item/guis/islands/islandquestgui"},
  				{ "predicate": {"custom_model_data": 200004}, "model": "item/guis/islands/islandcreategui"},

  				{ "predicate": {"custom_model_data": 300001}, "model": "item/guis/towns/towngui"},
  				{ "predicate": {"custom_model_data": 300002}, "model": "item/guis/towns/towncreategui"},
  				{ "predicate": {"custom_model_data": 300003}, "model": "item/guis/towns/townquests"},
  				{ "predicate": {"custom_model_data": 300004}, "model": "item/guis/towns/rebirthgui"},
  				{ "predicate": {"custom_model_data": 300005}, "model": "item/guis/towns/towncollection2gui"},
  				{ "predicate": {"custom_model_data": 300006}, "model": "item/guis/towns/pickaxegui"},
  				{ "predicate": {"custom_model_data": 300007}, "model": "item/guis/towns/minesgui"},
  				{ "predicate": {"custom_model_data": 300008}, "model": "item/guis/towns/hadesgui"},				
				
  				{ "predicate": {"custom_model_data": 400001}, "model": "item/guis/plotguis/hadesgui"},
  				{ "predicate": {"custom_model_data": 400002}, "model": "item/guis/plotguis/minesgui"},
  				{ "predicate": {"custom_model_data": 400003}, "model": "item/guis/plotguis/pickaxegui"},
  				{ "predicate": {"custom_model_data": 400004}, "model": "item/guis/plotguis/plotcollection2gui"},
  				{ "predicate": {"custom_model_data": 400005}, "model": "item/guis/plotguis/plotcreategui"},
  				{ "predicate": {"custom_model_data": 400006}, "model": "item/guis/plotguis/plotgui"},
  				{ "predicate": {"custom_model_data": 400007}, "model": "item/guis/plotguis/plotquests"},
  				{ "predicate": {"custom_model_data": 400008}, "model": "item/guis/plotguis/rebirthgui"}				
        ]
}