{
    "parent": "item/handheld",
    "textures": {
        "layer0": "item/netherite_pickaxe"
    },
        "overrides": [
				{ "predicate": { "damaged": 0, "damage": 0.00064061499}, "model": "item/tools/multitool"},
				{ "predicate": { "damaged": 0, "damage": 0.04035433}, "model": "item/tools/emerald_pickaxe"},
				{ "predicate": { "damaged": 0, "damage": 0.04724409}, "model": "item/tools/maplepickaxe"},
                { "predicate": { "damaged": 0, "damage": 0.04970472}, "model": "item/tools/magical_ice_axe"},
                { "predicate": { "damaged": 0, "damage": 0.05118110}, "model": "item/egypt_crate/pharaoh_axe"},
                { "predicate": { "damaged": 0, "damage": 0.05314960}, "model": "item/tools/invaderpickaxe"},
                { "predicate": { "damaged": 0, "damage": 0.05807086}, "model": "item/thanksgiving20_crate/fork"},
                { "predicate": { "damaged": 0, "damage": 0.05856299}, "model": "item/christmas20/gingerpickaxe"},
                { "predicate": { "damaged": 0, "damage": 0.06299212}, "model": "item/newyear20_crate/pickaxe"},
                { "predicate": { "damaged": 0, "damage": 0.06594488}, "model": "item/chinese20_crate/dragon_pickaxe"},		
                { "predicate": { "damaged": 0, "damage": 0.07283464}, "model": "item/drseuss21_crate/wocketpickaxe"},				
				{ "predicate": {"damaged": 1}, "model": "item/netherite_pickaxe"}
        ]
}