{
    "parent": "item/handheld",
    "textures": {
        "layer0": "item/stone_pickaxe"
    },
        "overrides": [
  				{ "predicate": {"custom_model_data": 100001}, "model": "item/furniture/livingroom/chair/traditional/traditional_chair_black"},
  				{ "predicate": {"custom_model_data": 100002}, "model": "item/furniture/livingroom/chair/traditional/traditional_chair_blue"},
  				{ "predicate": {"custom_model_data": 100003}, "model": "item/furniture/livingroom/chair/traditional/traditional_chair_lime"},
  				{ "predicate": {"custom_model_data": 100004}, "model": "item/furniture/livingroom/chair/traditional/traditional_chair_orange"},
  				{ "predicate": {"custom_model_data": 100005}, "model": "item/furniture/livingroom/chair/traditional/traditional_chair_pink"},
  				{ "predicate": {"custom_model_data": 100006}, "model": "item/furniture/livingroom/chair/traditional/traditional_chair_purple"},
  				{ "predicate": {"custom_model_data": 100007}, "model": "item/furniture/livingroom/chair/traditional/traditional_chair_red"},
  				{ "predicate": {"custom_model_data": 100008}, "model": "item/furniture/livingroom/chair/traditional/traditional_chair_white"},
  				{ "predicate": {"custom_model_data": 100009}, "model": "item/furniture/livingroom/chair/traditional/traditional_chair_yellow"},

  				{ "predicate": {"custom_model_data": 100011}, "model": "item/furniture/livingroom/couch/traditional/traditional_couch_black"},
  				{ "predicate": {"custom_model_data": 100012}, "model": "item/furniture/livingroom/couch/traditional/traditional_couch_blue"},
  				{ "predicate": {"custom_model_data": 100013}, "model": "item/furniture/livingroom/couch/traditional/traditional_couch_lime"},
  				{ "predicate": {"custom_model_data": 100014}, "model": "item/furniture/livingroom/couch/traditional/traditional_couch_orange"},
  				{ "predicate": {"custom_model_data": 100015}, "model": "item/furniture/livingroom/couch/traditional/traditional_couch_pink"},
  				{ "predicate": {"custom_model_data": 100016}, "model": "item/furniture/livingroom/couch/traditional/traditional_couch_purple"},
  				{ "predicate": {"custom_model_data": 100017}, "model": "item/furniture/livingroom/couch/traditional/traditional_couch_red"},
  				{ "predicate": {"custom_model_data": 100018}, "model": "item/furniture/livingroom/couch/traditional/traditional_couch_white"},
  				{ "predicate": {"custom_model_data": 100019}, "model": "item/furniture/livingroom/couch/traditional/traditional_couch_yellow"},

  				{ "predicate": {"custom_model_data": 100021}, "model": "item/furniture/livingroom/stool/traditional/traditional_stool_black"},
  				{ "predicate": {"custom_model_data": 100022}, "model": "item/furniture/livingroom/stool/traditional/traditional_stool_blue"},
  				{ "predicate": {"custom_model_data": 100023}, "model": "item/furniture/livingroom/stool/traditional/traditional_stool_lime"},
  				{ "predicate": {"custom_model_data": 100024}, "model": "item/furniture/livingroom/stool/traditional/traditional_stool_orange"},
  				{ "predicate": {"custom_model_data": 100025}, "model": "item/furniture/livingroom/stool/traditional/traditional_stool_pink"},
  				{ "predicate": {"custom_model_data": 100026}, "model": "item/furniture/livingroom/stool/traditional/traditional_stool_purple"},
  				{ "predicate": {"custom_model_data": 100027}, "model": "item/furniture/livingroom/stool/traditional/traditional_stool_red"},
  				{ "predicate": {"custom_model_data": 100028}, "model": "item/furniture/livingroom/stool/traditional/traditional_stool_white"},
  				{ "predicate": {"custom_model_data": 100029}, "model": "item/furniture/livingroom/stool/traditional/traditional_stool_yellow"},

  				{ "predicate": {"custom_model_data": 200001}, "model": "item/furniture/livingroom/bookshelf/traditional/traditional_bookshelf"},
  				{ "predicate": {"custom_model_data": 200002}, "model": "item/furniture/livingroom/tvstand/traditional/traditional_tvstand"},
  				{ "predicate": {"custom_model_data": 200003}, "model": "item/furniture/livingroom/coffeetable/traditional/traditional_coffee_table"},
  				{ "predicate": {"custom_model_data": 200004}, "model": "item/furniture/livingroom/clock/traditional/traditional_clock"}
        ]
}