{
	"credit": "Made with Blockbench",
	"texture_size": [128, 128],
	"textures": {
		"0": "manamodels:entity/moose",
		"particle": "manamodels:entity/moose"
	},
	"elements": [
		{
			"from": [6.84512, 9.86912, 6.20512],
			"to": [9.15488, 12.17888, 9.09088],
			"rotation": {"angle": 0, "axis": "x", "origin": [7.712, 10, 8.8]},
			"faces": {
				"north": {"uv": [10, 1, 9, 2], "rotation": 180, "texture": "#0"},
				"east": {"uv": [8, 8, 9, 9.25], "rotation": 270, "texture": "#0"},
				"south": {"uv": [10, 1, 9, 0], "texture": "#0"},
				"west": {"uv": [2.25, 8.25, 3.25, 9.5], "rotation": 90, "texture": "#0"},
				"up": {"uv": [4.25, 8, 5.25, 9.25], "rotation": 180, "texture": "#0"},
				"down": {"uv": [8, 6.5, 9, 7.75], "texture": "#0"}
			}
		},
		{
			"from": [7.136, 9.872, 3.328],
			"to": [8.864, 11.6, 6.208],
			"rotation": {"angle": 0, "axis": "x", "origin": [7.712, 10, 8.8]},
			"faces": {
				"north": {"uv": [5.75, 9.5, 5, 10.25], "rotation": 180, "texture": "#0"},
				"east": {"uv": [9, 3.25, 9.75, 4.5], "rotation": 270, "texture": "#0"},
				"south": {"uv": [3, 10.25, 2.25, 9.5], "texture": "#0"},
				"west": {"uv": [9, 5.75, 9.75, 7], "rotation": 90, "texture": "#0"},
				"up": {"uv": [9, 2, 9.75, 3.25], "rotation": 180, "texture": "#0"},
				"down": {"uv": [9, 4.5, 9.75, 5.75], "texture": "#0"}
			}
		},
		{
			"from": [7.064, 9.8, 3.256],
			"to": [8.936, 11.672, 4.552],
			"rotation": {"angle": 0, "axis": "x", "origin": [7.712, 10, 8.8]},
			"faces": {
				"north": {"uv": [7.25, 9.5, 6.5, 10.25], "rotation": 180, "texture": "#0"},
				"east": {"uv": [6.5, 10.25, 7.25, 10.75], "rotation": 270, "texture": "#0"},
				"south": {"uv": [6.5, 10.25, 5.75, 9.5], "texture": "#0"},
				"west": {"uv": [10.25, 10.25, 11, 10.75], "rotation": 90, "texture": "#0"},
				"up": {"uv": [8.25, 6, 9, 6.5], "rotation": 180, "texture": "#0"},
				"down": {"uv": [8, 10.25, 8.75, 10.75], "texture": "#0"}
			}
		},
		{
			"from": [8.576, 11.6, 8.512],
			"to": [9.152, 13.328, 9.088],
			"rotation": {"angle": 0, "axis": "x", "origin": [7.712, 10, 8.8]},
			"faces": {
				"north": {"uv": [2.25, 10.75, 2, 11.5], "rotation": 180, "texture": "#0"},
				"east": {"uv": [4, 2.75, 4.75, 3], "rotation": 270, "texture": "#0"},
				"south": {"uv": [2, 11.5, 1.75, 10.75], "texture": "#0"},
				"west": {"uv": [10.5, 9.5, 11.25, 9.75], "rotation": 90, "texture": "#0"},
				"up": {"uv": [7.25, 4.5, 7.5, 4.75], "rotation": 180, "texture": "#0"},
				"down": {"uv": [3.25, 9.25, 3.5, 9.5], "texture": "#0"}
			}
		},
		{
			"from": [8.79, 12.81, 7.648],
			"to": [10.518, 13.386, 12.256],
			"rotation": {"angle": 22.5, "axis": "z", "origin": [8.712, 13.25, 8.8]},
			"faces": {
				"north": {"uv": [7, 10.75, 6.75, 11.5], "rotation": 90, "texture": "#0"},
				"east": {"uv": [7.75, 9.5, 8, 11.5], "rotation": 270, "texture": "#0"},
				"south": {"uv": [6.75, 11.5, 6.5, 10.75], "rotation": 90, "texture": "#0"},
				"west": {"uv": [4, 9.75, 4.25, 11.75], "rotation": 90, "texture": "#0"},
				"up": {"uv": [0.75, 7.5, 1.5, 9.5], "rotation": 180, "texture": "#0"},
				"down": {"uv": [0, 7.5, 0.75, 9.5], "texture": "#0"}
			}
		},
		{
			"from": [11.598, 12.882, 7.72],
			"to": [12.894, 13.314, 8.152],
			"rotation": {"angle": 22.5, "axis": "z", "origin": [8.712, 13.25, 8.8]},
			"faces": {
				"north": {"uv": [0.375, 11.25, 0.25, 11.75], "rotation": 90, "texture": "#0"},
				"east": {"uv": [10.5, 1.625, 10.625, 1.75], "rotation": 270, "texture": "#0"},
				"south": {"uv": [0.25, 11.75, 0.125, 11.25], "rotation": 90, "texture": "#0"},
				"west": {"uv": [10.75, 1.25, 10.875, 1.375], "rotation": 90, "texture": "#0"},
				"up": {"uv": [11.125, 8.875, 11.625, 9], "rotation": 180, "texture": "#0"},
				"down": {"uv": [11.125, 8.75, 11.625, 8.875], "texture": "#0"}
			}
		},
		{
			"from": [10.518, 12.81, 7.648],
			"to": [11.67, 13.386, 8.224],
			"rotation": {"angle": 22.5, "axis": "z", "origin": [8.712, 13.25, 8.8]},
			"faces": {
				"north": {"uv": [5.5, 9, 5.25, 9.5], "rotation": 90, "texture": "#0"},
				"east": {"uv": [5, 9.25, 5.25, 9.5], "rotation": 270, "texture": "#0"},
				"south": {"uv": [2.5, 8.25, 2.25, 7.75], "rotation": 90, "texture": "#0"},
				"west": {"uv": [10, 1.75, 10.25, 2], "rotation": 90, "texture": "#0"},
				"up": {"uv": [5.5, 7.5, 6, 7.75], "rotation": 180, "texture": "#0"},
				"down": {"uv": [5.75, 4.5, 6.25, 4.75], "texture": "#0"}
			}
		},
		{
			"from": [10.518, 12.81, 8.8],
			"to": [12.534, 13.386, 9.376],
			"rotation": {"angle": 22.5, "axis": "z", "origin": [8.712, 13.25, 8.8]},
			"faces": {
				"north": {"uv": [7.75, 10.5, 7.5, 11.375], "rotation": 90, "texture": "#0"},
				"east": {"uv": [10, 9.75, 10.25, 10], "rotation": 270, "texture": "#0"},
				"south": {"uv": [7.5, 11.375, 7.25, 10.5], "rotation": 90, "texture": "#0"},
				"west": {"uv": [11.125, 8, 11.375, 8.25], "rotation": 90, "texture": "#0"},
				"up": {"uv": [1.25, 10.5, 2.125, 10.75], "rotation": 180, "texture": "#0"},
				"down": {"uv": [10.25, 5.75, 11.125, 6], "texture": "#0"}
			}
		},
		{
			"from": [12.462, 12.882, 8.872],
			"to": [14.046, 13.314, 9.304],
			"rotation": {"angle": 22.5, "axis": "z", "origin": [8.712, 13.25, 8.8]},
			"faces": {
				"north": {"uv": [11.25, 7.375, 11.125, 8], "rotation": 90, "texture": "#0"},
				"east": {"uv": [10.875, 4.625, 11, 4.75], "rotation": 270, "texture": "#0"},
				"south": {"uv": [1, 11.625, 0.875, 11], "rotation": 90, "texture": "#0"},
				"west": {"uv": [11, 11.25, 11.125, 11.375], "rotation": 90, "texture": "#0"},
				"up": {"uv": [11.125, 7.25, 11.75, 7.375], "rotation": 180, "texture": "#0"},
				"down": {"uv": [11, 5.375, 11.625, 5.5], "texture": "#0"}
			}
		},
		{
			"from": [10.518, 12.81, 9.952],
			"to": [12.534, 13.386, 10.528],
			"rotation": {"angle": 22.5, "axis": "z", "origin": [8.712, 13.25, 8.8]},
			"faces": {
				"north": {"uv": [10.875, 1.375, 10.625, 2.25], "rotation": 90, "texture": "#0"},
				"east": {"uv": [11.125, 9.75, 11.375, 10], "rotation": 270, "texture": "#0"},
				"south": {"uv": [10.75, 1.375, 10.5, 0.5], "rotation": 90, "texture": "#0"},
				"west": {"uv": [0.375, 11.25, 0.625, 11.5], "rotation": 90, "texture": "#0"},
				"up": {"uv": [10.5, 0.25, 11.375, 0.5], "rotation": 180, "texture": "#0"},
				"down": {"uv": [10.5, 0, 11.375, 0.25], "texture": "#0"}
			}
		},
		{
			"from": [12.462, 12.882, 10.024],
			"to": [14.91, 13.314, 10.456],
			"rotation": {"angle": 22.5, "axis": "z", "origin": [8.712, 13.25, 8.8]},
			"faces": {
				"north": {"uv": [0.125, 11, 0, 12], "rotation": 90, "texture": "#0"},
				"east": {"uv": [11.25, 2, 11.375, 2.125], "rotation": 270, "texture": "#0"},
				"south": {"uv": [11, 4.125, 10.875, 3.125], "rotation": 90, "texture": "#0"},
				"west": {"uv": [11.25, 2.125, 11.375, 2.25], "rotation": 90, "texture": "#0"},
				"up": {"uv": [10.75, 5.625, 11.75, 5.75], "rotation": 180, "texture": "#0"},
				"down": {"uv": [10.75, 5.5, 11.75, 5.625], "texture": "#0"}
			}
		},
		{
			"from": [10.518, 12.81, 11.104],
			"to": [12.822, 13.386, 11.68],
			"rotation": {"angle": 22.5, "axis": "z", "origin": [8.712, 13.25, 8.8]},
			"faces": {
				"north": {"uv": [5.5, 8, 5.25, 9], "rotation": 90, "texture": "#0"},
				"east": {"uv": [11.125, 8.25, 11.375, 8.5], "rotation": 270, "texture": "#0"},
				"south": {"uv": [4.75, 2.75, 4.5, 1.75], "rotation": 90, "texture": "#0"},
				"west": {"uv": [11.125, 8.5, 11.375, 8.75], "rotation": 90, "texture": "#0"},
				"up": {"uv": [4.75, 4.5, 5.75, 4.75], "rotation": 180, "texture": "#0"},
				"down": {"uv": [3, 2.75, 4, 3], "texture": "#0"}
			}
		},
		{
			"from": [6.88, 11.988, 11.176],
			"to": [7.312, 13.284, 11.608],
			"rotation": {"angle": -22.5, "axis": "z", "origin": [7.462, 13.25, 8.8]},
			"faces": {
				"north": {"uv": [4.75, 11.25, 4.25, 11.375], "rotation": 270, "texture": "#0"},
				"east": {"uv": [11.125, 11, 11.625, 11.125], "rotation": 270, "texture": "#0"},
				"south": {"uv": [3.75, 11.375, 3.25, 11.25], "rotation": 270, "texture": "#0"},
				"west": {"uv": [11.125, 10, 11.625, 10.125], "rotation": 90, "texture": "#0"},
				"up": {"uv": [11.25, 2.25, 11.375, 2.375], "rotation": 180, "texture": "#0"},
				"down": {"uv": [11.25, 2.375, 11.375, 2.5], "texture": "#0"}
			}
		},
		{
			"from": [6.848, 11.6, 8.512],
			"to": [7.424, 13.328, 9.088],
			"rotation": {"angle": 0, "axis": "x", "origin": [7.712, 10, 8.8]},
			"faces": {
				"north": {"uv": [11, 0.5, 10.75, 1.25], "rotation": 180, "texture": "#0"},
				"east": {"uv": [8, 10.75, 8.75, 11], "rotation": 270, "texture": "#0"},
				"south": {"uv": [7.25, 11.5, 7, 10.75], "texture": "#0"},
				"west": {"uv": [10.25, 10.75, 11, 11], "rotation": 90, "texture": "#0"},
				"up": {"uv": [3.75, 11.25, 4, 11.5], "rotation": 180, "texture": "#0"},
				"down": {"uv": [4.75, 11.25, 5, 11.5], "texture": "#0"}
			}
		},
		{
			"from": [5.656, 12.636, 7.648],
			"to": [7.384, 13.212, 12.256],
			"rotation": {"angle": -22.5, "axis": "z", "origin": [7.462, 13.25, 8.8]},
			"faces": {
				"north": {"uv": [11, 6, 10.75, 6.75], "rotation": 270, "texture": "#0"},
				"east": {"uv": [2.5, 10.25, 2.75, 12.25], "rotation": 270, "texture": "#0"},
				"south": {"uv": [11, 5.5, 10.75, 4.75], "rotation": 270, "texture": "#0"},
				"west": {"uv": [2.25, 10.25, 2.5, 12.25], "rotation": 90, "texture": "#0"},
				"up": {"uv": [7.5, 0, 8.25, 2], "rotation": 180, "texture": "#0"},
				"down": {"uv": [7.5, 4.5, 8.25, 6.5], "texture": "#0"}
			}
		},
		{
			"from": [3.28, 12.708, 7.72],
			"to": [4.576, 13.14, 8.152],
			"rotation": {"angle": -22.5, "axis": "z", "origin": [7.462, 13.25, 8.8]},
			"faces": {
				"north": {"uv": [6.25, 11.25, 6.125, 11.75], "rotation": 270, "texture": "#0"},
				"east": {"uv": [11.25, 2.625, 11.375, 2.75], "rotation": 270, "texture": "#0"},
				"south": {"uv": [6.125, 11.75, 6, 11.25], "rotation": 270, "texture": "#0"},
				"west": {"uv": [11.25, 2.5, 11.375, 2.625], "rotation": 90, "texture": "#0"},
				"up": {"uv": [5, 11.25, 5.5, 11.375], "rotation": 180, "texture": "#0"},
				"down": {"uv": [5.5, 11.25, 6, 11.375], "texture": "#0"}
			}
		},
		{
			"from": [4.504, 12.636, 7.648],
			"to": [5.656, 13.212, 8.224],
			"rotation": {"angle": -22.5, "axis": "z", "origin": [7.462, 13.25, 8.8]},
			"faces": {
				"north": {"uv": [8.75, 11, 8.5, 11.5], "rotation": 270, "texture": "#0"},
				"east": {"uv": [8, 11.25, 8.25, 11.5], "rotation": 270, "texture": "#0"},
				"south": {"uv": [0.875, 11.5, 0.625, 11], "rotation": 270, "texture": "#0"},
				"west": {"uv": [6.25, 11.25, 6.5, 11.5], "rotation": 90, "texture": "#0"},
				"up": {"uv": [2.75, 11, 3.25, 11.25], "rotation": 180, "texture": "#0"},
				"down": {"uv": [8, 11, 8.5, 11.25], "texture": "#0"}
			}
		},
		{
			"from": [3.64, 12.636, 9.952],
			"to": [5.656, 13.212, 10.528],
			"rotation": {"angle": -22.5, "axis": "z", "origin": [7.462, 13.25, 8.8]},
			"faces": {
				"north": {"uv": [10.875, 3.125, 10.625, 4], "rotation": 270, "texture": "#0"},
				"east": {"uv": [8.75, 11.25, 9, 11.5], "rotation": 270, "texture": "#0"},
				"south": {"uv": [10.875, 3.125, 10.625, 2.25], "rotation": 270, "texture": "#0"},
				"west": {"uv": [8.25, 11.25, 8.5, 11.5], "rotation": 90, "texture": "#0"},
				"up": {"uv": [10.5, 9, 11.375, 9.25], "rotation": 180, "texture": "#0"},
				"down": {"uv": [10.5, 9.25, 11.375, 9.5], "texture": "#0"}
			}
		},
		{
			"from": [2.992, 12.708, 10.024],
			"to": [3.712, 13.14, 10.456],
			"rotation": {"angle": -22.5, "axis": "z", "origin": [7.462, 13.25, 8.8]},
			"faces": {
				"north": {"uv": [10.625, 1.375, 10.5, 1.625], "rotation": 270, "texture": "#0"},
				"east": {"uv": [11.25, 2.875, 11.375, 3], "rotation": 270, "texture": "#0"},
				"south": {"uv": [2.25, 10.75, 2.125, 10.5], "rotation": 270, "texture": "#0"},
				"west": {"uv": [11.25, 2.75, 11.375, 2.875], "rotation": 90, "texture": "#0"},
				"up": {"uv": [10.75, 10.125, 11, 10.25], "rotation": 180, "texture": "#0"},
				"down": {"uv": [11.25, 1.875, 11.5, 2], "texture": "#0"}
			}
		},
		{
			"from": [3.352, 12.636, 11.104],
			"to": [5.656, 13.212, 11.68],
			"rotation": {"angle": -22.5, "axis": "z", "origin": [7.462, 13.25, 8.8]},
			"faces": {
				"north": {"uv": [1.25, 10.5, 1, 11.5], "rotation": 270, "texture": "#0"},
				"east": {"uv": [9.25, 11.25, 9.5, 11.5], "rotation": 270, "texture": "#0"},
				"south": {"uv": [3.5, 9.25, 3.25, 8.25], "rotation": 270, "texture": "#0"},
				"west": {"uv": [9, 11.25, 9.25, 11.5], "rotation": 90, "texture": "#0"},
				"up": {"uv": [6, 5.75, 7, 6], "rotation": 180, "texture": "#0"},
				"down": {"uv": [8, 7.75, 9, 8], "texture": "#0"}
			}
		},
		{
			"from": [8.862, 12.162, 11.176],
			"to": [9.294, 13.458, 11.608],
			"rotation": {"angle": 22.5, "axis": "z", "origin": [8.712, 13.25, 8.8]},
			"faces": {
				"north": {"uv": [11.75, 1.25, 11.25, 1.375], "rotation": 90, "texture": "#0"},
				"east": {"uv": [9.5, 11.25, 10, 11.375], "rotation": 270, "texture": "#0"},
				"south": {"uv": [11, 11.375, 10.5, 11.25], "rotation": 90, "texture": "#0"},
				"west": {"uv": [10, 11.25, 10.5, 11.375], "rotation": 90, "texture": "#0"},
				"up": {"uv": [11.25, 4.625, 11.375, 4.75], "rotation": 180, "texture": "#0"},
				"down": {"uv": [11.25, 3, 11.375, 3.125], "texture": "#0"}
			}
		}
	],
	"gui_light": "front",
	"display": {
		"gui": {
			"rotation": [25, -135, 0],
			"translation": [-0.5, -8, 0],
			"scale": [2, 2, 2]
		}
	},
	"groups": [
		{
			"name": "injured_moose_root",
			"origin": [0, 0, 12],
			"children": [
				{
					"name": "hitbox",
					"origin": [0, 7.02, 12],
					"children": []
				},
				{
					"name": "torso",
					"origin": [0, 2.88, 12],
					"children": [
						{
							"name": "Body",
							"origin": [0, 3.78, 14.7],
							"children": [
								{
									"name": "neck",
									"origin": [-0.18, 3.96, 10.02],
									"children": [
										{
											"name": "head",
											"origin": [-0.18, 3.96, 8.58],
											"children": [0, 1, 2,
												{
													"name": "antler1_right",
													"origin": [0.72, 4.5, 7.5],
													"children": [3,
														{
															"name": "antler2_right",
															"origin": [0.72, 4.5, 6.42],
															"children": [4,
																{
																	"name": "antler3_right",
																	"origin": [0.72, 3.96, 5.34],
																	"children": [
																		{
																			"name": "antler4_right",
																			"origin": [0.54, 3.96, 5.34],
																			"children": [5, 6]
																		},
																		{
																			"name": "antler5_right",
																			"origin": [0.72, 4.86, 5.34],
																			"children": [7, 8]
																		},
																		{
																			"name": "antler6_right",
																			"origin": [0.72, 5.4, 5.34],
																			"children": [9, 10]
																		}, 11]
																}, 12]
														}
													]
												},
												{
													"name": "antler1_left",
													"origin": [-0.72, 4.5, 7.5],
													"children": [13,
														{
															"name": "antler2_left",
															"origin": [-0.72, 4.5, 6.42],
															"children": [14,
																{
																	"name": "antler3_left",
																	"origin": [-0.72, 3.96, 5.34],
																	"children": [
																		{
																			"name": "antler4_left",
																			"origin": [-0.54, 3.96, 5.34],
																			"children": [15, 16]
																		},
																		{
																			"name": "antler5_left",
																			"origin": [-0.72, 4.86, 5.34],
																			"children": []
																		},
																		{
																			"name": "antler6_left",
																			"origin": [-0.72, 5.4, 5.34],
																			"children": [17, 18]
																		}, 19]
																}, 20]
														}
													]
												}
											]
										}
									]
								}
							]
						},
						{
							"name": "frontleg_upper_right",
							"origin": [1.08, 3.96, 10.92],
							"children": [
								{
									"name": "frontleg_mid_right",
									"origin": [1.08, 2.88, 11.64],
									"children": [
										{
											"name": "frontleg_lower_right",
											"origin": [1.08, 1.44, 10.92],
											"children": []
										}
									]
								}
							]
						},
						{
							"name": "frontleg_upper_left",
							"origin": [-1.08, 3.96, 10.92],
							"children": [
								{
									"name": "frontleg_mid_left",
									"origin": [-1.08, 2.88, 11.64],
									"children": [
										{
											"name": "frontleg_lower_left",
											"origin": [-1.08, 1.44, 10.92],
											"children": []
										}
									]
								}
							]
						},
						{
							"name": "backleg_upper_right",
							"origin": [1.08, 3.96, 14.7],
							"children": [
								{
									"name": "backleg_mid_right",
									"origin": [1.08, 3.24, 15.42],
									"children": [
										{
											"name": "backleg_lower_right",
											"origin": [0.99, 2.52, 16.32],
											"children": [
												{
													"name": "backleg_foot_right",
													"origin": [0.99, 1.03622, 16.28021],
													"children": []
												}
											]
										}
									]
								}
							]
						},
						{
							"name": "backleg_upper_left",
							"origin": [-1.08, 3.96, 14.7],
							"children": [
								{
									"name": "backleg_mid_left",
									"origin": [-1.08, 3.24, 15.42],
									"children": [
										{
											"name": "backleg_lower_left",
											"origin": [-0.99, 2.52, 16.32],
											"children": [
												{
													"name": "backleg_foot_left",
													"origin": [-0.99, 1.03622, 16.28021],
													"children": []
												}
											]
										}
									]
								}
							]
						},
						{
							"name": "tail",
							"origin": [0, 4.5, 15.42],
							"children": []
						}
					]
				}
			]
		}
	]
}