{
	"credit": "Made with Blockbench",
	"texture_size": [64, 64],
	"textures": {
		"0": "manamodels:entity/tiger",
		"particle": "manamodels:entity/tiger"
	},
	"elements": [
		{
			"name": "head_0",
			"from": [5, 11, 4.4],
			"to": [6.2, 12.8, 7.4],
			"faces": {
				"north": {"uv": [10.5, 12.5, 11, 13.25], "texture": "#0", "tintindex": 0},
				"east": {"uv": [13.5, 11.25, 14.75, 12], "texture": "#0", "tintindex": 0},
				"south": {"uv": [8.5, 14.5, 9, 15.25], "texture": "#0", "tintindex": 0},
				"west": {"uv": [13.75, 6.25, 15, 7], "texture": "#0", "tintindex": 0},
				"up": {"uv": [2, 15.75, 1.5, 14.5], "texture": "#0", "tintindex": 0},
				"down": {"uv": [7, 14.5, 7.5, 15.75], "texture": "#0", "tintindex": 0}
			}
		},
		{
			"name": "head_1",
			"from": [3.8, 5, 3.2],
			"to": [5, 8.6, 8],
			"faces": {
				"north": {"uv": [9, 14.25, 9.5, 15.75], "texture": "#0", "tintindex": 0},
				"east": {"uv": [10, 5, 12, 6.5], "texture": "#0", "tintindex": 0},
				"south": {"uv": [9.5, 14.25, 10, 15.75], "texture": "#0", "tintindex": 0},
				"west": {"uv": [10, 6.5, 12, 8], "texture": "#0", "tintindex": 0},
				"up": {"uv": [4, 15.5, 3.5, 13.5], "texture": "#0", "tintindex": 0},
				"down": {"uv": [13, 13.75, 13.5, 15.75], "texture": "#0", "tintindex": 0}
			}
		},
		{
			"name": "head_2",
			"from": [5, 5, 2],
			"to": [11, 11, 8],
			"faces": {
				"north": {"uv": [5.5, 2.5, 8, 5], "texture": "#0", "tintindex": 0},
				"east": {"uv": [5, 7.5, 7.5, 10], "texture": "#0", "tintindex": 0},
				"south": {"uv": [7.5, 7.5, 10, 10], "texture": "#0", "tintindex": 0},
				"west": {"uv": [7.5, 5, 10, 7.5], "texture": "#0", "tintindex": 0},
				"up": {"uv": [10.5, 2.5, 8, 0], "texture": "#0", "tintindex": 0},
				"down": {"uv": [8, 2.5, 10.5, 5], "texture": "#0", "tintindex": 0}
			}
		},
		{
			"name": "head_3",
			"from": [5.6, 6.2, -0.4],
			"to": [10.4, 8, 2],
			"faces": {
				"north": {"uv": [12, 8.5, 14, 9.25], "texture": "#0", "tintindex": 0},
				"east": {"uv": [14.25, 3.25, 15.25, 4], "texture": "#0", "tintindex": 0},
				"south": {"uv": [12, 10.5, 14, 11.25], "texture": "#0", "tintindex": 0},
				"west": {"uv": [14.25, 4, 15.25, 4.75], "texture": "#0", "tintindex": 0},
				"up": {"uv": [13, 10.5, 11, 9.5], "texture": "#0", "tintindex": 0},
				"down": {"uv": [0, 12, 2, 13], "texture": "#0", "tintindex": 0}
			}
		},
		{
			"name": "head_4",
			"from": [9.2, 5, -0.4],
			"to": [9.8, 6.2, 0.2],
			"faces": {
				"north": {"uv": [11.5, 4.5, 11.75, 5], "texture": "#0", "tintindex": 0},
				"east": {"uv": [11.75, 4.5, 12, 5], "texture": "#0", "tintindex": 0},
				"south": {"uv": [12.5, 4, 12.75, 4.5], "texture": "#0", "tintindex": 0},
				"west": {"uv": [12.75, 4, 13, 4.5], "texture": "#0", "tintindex": 0},
				"up": {"uv": [10.75, 5, 10.5, 4.75], "texture": "#0", "tintindex": 0},
				"down": {"uv": [10.75, 4.75, 11, 5], "texture": "#0", "tintindex": 0}
			}
		},
		{
			"name": "head_5",
			"from": [6.2, 5, -0.4],
			"to": [6.8, 6.2, 0.2],
			"faces": {
				"north": {"uv": [13, 10, 13.25, 10.5], "texture": "#0", "tintindex": 0},
				"east": {"uv": [13.25, 10, 13.5, 10.5], "texture": "#0", "tintindex": 0},
				"south": {"uv": [13.5, 3.25, 13.75, 3.75], "texture": "#0", "tintindex": 0},
				"west": {"uv": [13.5, 10, 13.75, 10.5], "texture": "#0", "tintindex": 0},
				"up": {"uv": [11.25, 5, 11, 4.75], "texture": "#0", "tintindex": 0},
				"down": {"uv": [11.25, 4.75, 11.5, 5], "texture": "#0", "tintindex": 0}
			}
		},
		{
			"name": "head_6",
			"from": [9.8, 11, 4.4],
			"to": [11, 12.8, 7.4],
			"faces": {
				"north": {"uv": [11.25, 14.75, 11.75, 15.5], "texture": "#0", "tintindex": 0},
				"east": {"uv": [14, 8.5, 15.25, 9.25], "texture": "#0", "tintindex": 0},
				"south": {"uv": [14.75, 5.25, 15.25, 6], "texture": "#0", "tintindex": 0},
				"west": {"uv": [14, 10, 15.25, 10.75], "texture": "#0", "tintindex": 0},
				"up": {"uv": [8, 15.75, 7.5, 14.5], "texture": "#0", "tintindex": 0},
				"down": {"uv": [8, 14.5, 8.5, 15.75], "texture": "#0", "tintindex": 0}
			}
		},
		{
			"name": "head_7",
			"from": [11, 5, 3.2],
			"to": [12.2, 8.6, 8],
			"faces": {
				"north": {"uv": [10, 14.25, 10.5, 15.75], "texture": "#0", "tintindex": 0},
				"east": {"uv": [10, 8, 12, 9.5], "texture": "#0", "tintindex": 0},
				"south": {"uv": [0, 14.5, 0.5, 16], "texture": "#0", "tintindex": 0},
				"west": {"uv": [0, 10.5, 2, 12], "texture": "#0", "tintindex": 0},
				"up": {"uv": [14, 15.75, 13.5, 13.75], "texture": "#0", "tintindex": 0},
				"down": {"uv": [13.75, 3.25, 14.25, 5.25], "texture": "#0", "tintindex": 0}
			}
		},
		{
			"name": "jaw_0",
			"from": [6.206, 3.806, -0.274],
			"to": [9.794, 4.994, 2.114],
			"rotation": {"angle": 0, "axis": "y", "origin": [8, 5, 2]},
			"faces": {
				"north": {"uv": [14, 10.75, 15.5, 11.25], "texture": "#0", "tintindex": 0},
				"east": {"uv": [10, 9.5, 11, 10], "texture": "#0", "tintindex": 0},
				"south": {"uv": [14.25, 4.75, 15.75, 5.25], "texture": "#0", "tintindex": 0},
				"west": {"uv": [11, 10.5, 12, 11], "texture": "#0", "tintindex": 0},
				"up": {"uv": [10.5, 13.5, 9, 12.5], "texture": "#0", "tintindex": 0},
				"down": {"uv": [12.5, 0, 14, 1], "texture": "#0", "tintindex": 0}
			}
		}
	],
	"gui_light": "front",
	"display": {
		"gui": {
			"rotation": [35, -135, 0],
			"translation": [-3.25, 3, 0],
			"scale": [1.6, 1.6, 1.6]
		}
	}
}