{
    "parent": "item/handheld",
    "textures": {
        "layer0": "item/diamond_pickaxe"
    },
        "overrides": [
				{ "predicate": { "damaged": 0, "damage": 0.00064061499}, "model": "item/tools/multitool"},
				{ "predicate": { "damaged": 0, "damage": 0.05249679897}, "model": "item/tools/emerald_pickaxe"},
				{ "predicate": { "damaged": 0, "damage": 0.06145966709}, "model": "item/tools/maplepickaxe"},
				{ "predicate": {"damaged": 1}, "model": "item/diamond_pickaxe"},
  				{ "predicate": {"custom_model_data": 100002}, "model": "item/misc/alive_red"},
  				{ "predicate": {"custom_model_data": 100003}, "model": "item/egypt_crate/pharaoh_axe"},
  				{ "predicate": {"custom_model_data": 100004}, "model": "item/christmas20_crate/gingerbread_pickaxe"},
				{ "predicate": {"custom_model_data": 100005}, "model": "item/newyear20_crate/pickaxe"},
  				{ "predicate": {"custom_model_data": 100010}, "model": "item/christmas20_crate/multitool20"}
        ]
}