{
 "parent": "item/handheld",
 "textures": {
  "layer0": "item/ender_pearl"
 },

 "overrides": [
  { "predicate": {"custom_model_data": 100001}, "model": "item/signs/fire_skyblock"},
  { "predicate": {"custom_model_data": 100002}, "model": "item/signs/kingdom_survival"},
  { "predicate": {"custom_model_data": 100003}, "model": "item/signs/impostor"},
  { "predicate": {"custom_model_data": 100004}, "model": "item/signs/asgard_prison"},
  { "predicate": {"custom_model_data": 100005}, "model": "item/signs/water_skyblock"},
  { "predicate": {"custom_model_data": 100006}, "model": "item/signs/empire_survival"},
  { "predicate": {"custom_model_data": 100007}, "model": "item/signs/coming_soon"},
  { "predicate": {"custom_model_data": 100008}, "model": "item/guis/buttons/returnbutton"}
 ]

 
}