{
  "parent": "minecraft:item/template_skull",
    "textures": {
        "layer0": "item/skeleton_skull"
    },
        "overrides": [
    {"predicate": {"custom_model_data": 100001},"model": "manamodels:gorilla/head"},
    {"predicate": {"custom_model_data": 100002},"model": "manamodels:yeti/head"},
    {"predicate": {"custom_model_data": 100003},"model": "item/misc/kangaroohead"},
    {"predicate": {"custom_model_data": 100004},"model": "item/misc/houndhead"},
    {"predicate": {"custom_model_data": 100005},"model": "item/misc/kyrknahead"},
    {"predicate": {"custom_model_data": 100006},"model": "item/misc/moosehead"},
    {"predicate": {"custom_model_data": 100007},"model": "manamodels:mummy/head"},
    {"predicate": {"custom_model_data": 100008},"model": "item/misc/rhinohead"},
    {"predicate": {"custom_model_data": 100009},"model": "item/misc/serpenthead"},
    {"predicate": {"custom_model_data": 100010},"model": "item/misc/tigerhead"},
    {"predicate": {"custom_model_data": 100011},"model": "item/misc/skeletalmagehead"},
    {"predicate": {"custom_model_data": 100012},"model": "manamodels:mole/head"},
    {"predicate": {"custom_model_data": 100013},"model": "item/misc/dragonhead"},
    {"predicate": {"custom_model_data": 100014},"model": "item/misc/golemhead"},
    {"predicate": {"custom_model_data": 100015},"model": "item/misc/scorpionhead"}
        ]
}