{
	"credit": "Made with Blockbench",
	"textures": {
		"0": "item/wearables/cowboy",
		"particle": "item/wearables/cowboy"
	},
	"elements": [
		{
			"from": [-2, 15, -2],
			"to": [18, 17, 18],
			"faces": {
				"north": {"uv": [2.5, 2.5, 5, 2.75], "texture": "#0"},
				"east": {"uv": [0, 2.5, 2.5, 2.75], "texture": "#0"},
				"south": {"uv": [7.5, 2.5, 10, 2.75], "texture": "#0"},
				"west": {"uv": [5, 2.5, 7.5, 2.75], "texture": "#0"},
				"up": {"uv": [5, 2.5, 2.5, 0], "texture": "#0"},
				"down": {"uv": [7.5, 0, 5, 2.5], "texture": "#0"}
			}
		},
		{
			"from": [2.5, 16, 0],
			"to": [13.5, 23, 16],
			"faces": {
				"north": {"uv": [2, 7.5, 3.375, 8.375], "texture": "#0"},
				"east": {"uv": [0, 7.5, 2, 8.375], "texture": "#0"},
				"south": {"uv": [5.375, 7.5, 6.75, 8.375], "texture": "#0"},
				"west": {"uv": [3.375, 7.5, 5.375, 8.375], "texture": "#0"},
				"up": {"uv": [3.375, 7.5, 2, 5.5], "texture": "#0"},
				"down": {"uv": [4.75, 5.5, 3.375, 7.5], "texture": "#0"}
			}
		},
		{
			"from": [13.5, 16, 1],
			"to": [14.5, 23, 15],
			"faces": {
				"north": {"uv": [12.25, 3.625, 12.375, 4.5], "texture": "#0"},
				"east": {"uv": [10.5, 3.625, 12.25, 4.5], "texture": "#0"},
				"south": {"uv": [14.125, 3.625, 14.25, 4.5], "texture": "#0"},
				"west": {"uv": [12.375, 3.625, 14.125, 4.5], "texture": "#0"},
				"up": {"uv": [12.375, 3.625, 12.25, 1.875], "texture": "#0"},
				"down": {"uv": [12.5, 1.875, 12.375, 3.625], "texture": "#0"}
			}
		},
		{
			"from": [1.5, 16, 1],
			"to": [2.5, 23, 15],
			"faces": {
				"north": {"uv": [11.25, 9.75, 11.375, 10.625], "texture": "#0"},
				"east": {"uv": [9.5, 9.75, 11.25, 10.625], "texture": "#0"},
				"south": {"uv": [13.125, 9.75, 13.25, 10.625], "texture": "#0"},
				"west": {"uv": [11.375, 9.75, 13.125, 10.625], "texture": "#0"},
				"up": {"uv": [11.375, 9.75, 11.25, 8], "texture": "#0"},
				"down": {"uv": [11.5, 8, 11.375, 9.75], "texture": "#0"}
			}
		},
		{
			"from": [1.25, 16, -1.5],
			"to": [14.75, 19, 17.5],
			"faces": {
				"north": {"uv": [2.375, 5.125, 4, 5.5], "texture": "#0"},
				"east": {"uv": [0, 5.125, 2.375, 5.5], "texture": "#0"},
				"south": {"uv": [6.375, 5.125, 8, 5.5], "texture": "#0"},
				"west": {"uv": [4, 5.125, 6.375, 5.5], "texture": "#0"},
				"up": {"uv": [4, 5.125, 2.375, 2.75], "texture": "#0"},
				"down": {"uv": [5.625, 2.75, 4, 5.125], "texture": "#0"}
			}
		},
		{
			"from": [2.75, 19, -1.25],
			"to": [13.25, 21, 17.25],
			"faces": {
				"north": {"uv": [8, 5.5, 9.25, 5.75], "texture": "#0"},
				"east": {"uv": [5.75, 5.5, 8, 5.75], "texture": "#0"},
				"south": {"uv": [11.5, 5.5, 12.75, 5.75], "texture": "#0"},
				"west": {"uv": [9.25, 5.5, 11.5, 5.75], "texture": "#0"},
				"up": {"uv": [9.25, 5.5, 8, 3.25], "texture": "#0"},
				"down": {"uv": [10.5, 3.25, 9.25, 5.5], "texture": "#0"}
			}
		},
		{
			"from": [3.75, 21, -1.25],
			"to": [12.25, 22, 17.25],
			"faces": {
				"north": {"uv": [6.75, 8.375, 7.75, 8.5], "texture": "#0"},
				"east": {"uv": [4.5, 8.375, 6.75, 8.5], "texture": "#0"},
				"south": {"uv": [10, 8.375, 11, 8.5], "texture": "#0"},
				"west": {"uv": [7.75, 8.375, 10, 8.5], "texture": "#0"},
				"up": {"uv": [7.75, 8.375, 6.75, 6.125], "texture": "#0"},
				"down": {"uv": [8.75, 6.125, 7.75, 8.375], "texture": "#0"}
			}
		},
		{
			"from": [6.75, 17, -2.25],
			"to": [9.25, 19.25, 1.25],
			"faces": {
				"north": {"uv": [0.375, 0.375, 0.625, 0.625], "texture": "#0"},
				"east": {"uv": [0, 0.375, 0.375, 0.625], "texture": "#0"},
				"south": {"uv": [1, 0.375, 1.25, 0.625], "texture": "#0"},
				"west": {"uv": [0.625, 0.375, 1, 0.625], "texture": "#0"},
				"up": {"uv": [0.625, 0.375, 0.375, 0], "texture": "#0"},
				"down": {"uv": [0.875, 0, 0.625, 0.375], "texture": "#0"}
			}
		},
		{
			"from": [2, 22, 0.75],
			"to": [14, 23.75, 15.25],
			"faces": {
				"north": {"uv": [9.25, 1.75, 10.75, 1.875], "texture": "#0"},
				"east": {"uv": [7.5, 1.75, 9.25, 1.875], "texture": "#0"},
				"south": {"uv": [12.5, 1.75, 14, 1.875], "texture": "#0"},
				"west": {"uv": [10.75, 1.75, 12.5, 1.875], "texture": "#0"},
				"up": {"uv": [10.75, 1.75, 9.25, 0], "texture": "#0"},
				"down": {"uv": [12.25, 0, 10.75, 1.75], "texture": "#0"}
			}
		},
		{
			"from": [8.25, 23.75, 1.75],
			"to": [13.5, 24.5, 14.25],
			"faces": {
				"north": {"uv": [1.5, 12.25, 2.125, 12.375], "texture": "#0"},
				"east": {"uv": [0, 12.25, 1.5, 12.375], "texture": "#0"},
				"south": {"uv": [3.625, 12.25, 4.25, 12.375], "texture": "#0"},
				"west": {"uv": [2.125, 12.25, 3.625, 12.375], "texture": "#0"},
				"up": {"uv": [2.125, 12.25, 1.5, 10.75], "texture": "#0"},
				"down": {"uv": [2.75, 10.75, 2.125, 12.25], "texture": "#0"}
			}
		},
		{
			"from": [9, 24.5, 2.25],
			"to": [13, 25, 13.75],
			"faces": {
				"north": {"uv": [8.25, 12.5, 8.75, 12.625], "texture": "#0"},
				"east": {"uv": [6.875, 12.5, 8.25, 12.625], "texture": "#0"},
				"south": {"uv": [10.125, 12.5, 10.625, 12.625], "texture": "#0"},
				"west": {"uv": [8.75, 12.5, 10.125, 12.625], "texture": "#0"},
				"up": {"uv": [8.75, 12.5, 8.25, 11.125], "texture": "#0"},
				"down": {"uv": [9.25, 11.125, 8.75, 12.5], "texture": "#0"}
			}
		},
		{
			"from": [3, 24.5, 2.25],
			"to": [7, 25, 13.75],
			"faces": {
				"north": {"uv": [5.875, 12.25, 6.375, 12.375], "texture": "#0"},
				"east": {"uv": [4.5, 12.25, 5.875, 12.375], "texture": "#0"},
				"south": {"uv": [7.75, 12.25, 8.25, 12.375], "texture": "#0"},
				"west": {"uv": [6.375, 12.25, 7.75, 12.375], "texture": "#0"},
				"up": {"uv": [6.375, 12.25, 5.875, 10.875], "texture": "#0"},
				"down": {"uv": [6.875, 10.875, 6.375, 12.25], "texture": "#0"}
			}
		},
		{
			"from": [2.5, 23.75, 1.75],
			"to": [7.75, 24.5, 14.25],
			"faces": {
				"north": {"uv": [11.5, 12.125, 12.125, 12.25], "texture": "#0"},
				"east": {"uv": [10, 12.125, 11.5, 12.25], "texture": "#0"},
				"south": {"uv": [13.625, 12.125, 14.25, 12.25], "texture": "#0"},
				"west": {"uv": [12.125, 12.125, 13.625, 12.25], "texture": "#0"},
				"up": {"uv": [12.125, 12.125, 11.5, 10.625], "texture": "#0"},
				"down": {"uv": [12.75, 10.625, 12.125, 12.125], "texture": "#0"}
			}
		},
		{
			"from": [0, 15, -4],
			"to": [16, 16, -2],
			"faces": {
				"north": {"uv": [7.75, 2.125, 9.75, 2.375], "texture": "#0"},
				"east": {"uv": [7.5, 2.125, 7.75, 2.375], "texture": "#0"},
				"south": {"uv": [10, 2.125, 12, 2.375], "texture": "#0"},
				"west": {"uv": [9.75, 2.125, 10, 2.375], "texture": "#0"},
				"up": {"uv": [9.75, 2.125, 7.75, 1.875], "texture": "#0"},
				"down": {"uv": [11.75, 1.875, 9.75, 2.125], "texture": "#0"}
			}
		},
		{
			"from": [0, 16, -4.75],
			"to": [16, 17.25, -3],
			"faces": {
				"north": {"uv": [7.125, 8.625, 9.125, 8.75], "texture": "#0"},
				"east": {"uv": [7, 8.625, 7.125, 8.75], "texture": "#0"},
				"south": {"uv": [9.25, 8.625, 11.25, 8.75], "texture": "#0"},
				"west": {"uv": [9.125, 8.625, 9.25, 8.75], "texture": "#0"},
				"up": {"uv": [9.125, 8.625, 7.125, 8.5], "texture": "#0"},
				"down": {"uv": [11.125, 8.5, 9.125, 8.625], "texture": "#0"}
			}
		},
		{
			"from": [0, 16, 19],
			"to": [16, 17.25, 20.75],
			"faces": {
				"north": {"uv": [4.875, 5.875, 6.875, 6], "texture": "#0"},
				"east": {"uv": [4.75, 5.875, 4.875, 6], "texture": "#0"},
				"south": {"uv": [7, 5.875, 9, 6], "texture": "#0"},
				"west": {"uv": [6.875, 5.875, 7, 6], "texture": "#0"},
				"up": {"uv": [6.875, 5.875, 4.875, 5.75], "texture": "#0"},
				"down": {"uv": [8.875, 5.75, 6.875, 5.875], "texture": "#0"}
			}
		},
		{
			"from": [16, 16, -3],
			"to": [18, 17.5, -1],
			"faces": {
				"north": {"uv": [1.75, 1.375, 2, 1.5], "texture": "#0"},
				"east": {"uv": [1.5, 1.375, 1.75, 1.5], "texture": "#0"},
				"south": {"uv": [2.25, 1.375, 2.5, 1.5], "texture": "#0"},
				"west": {"uv": [2, 1.375, 2.25, 1.5], "texture": "#0"},
				"up": {"uv": [2, 1.375, 1.75, 1.125], "texture": "#0"},
				"down": {"uv": [2.25, 1.125, 2, 1.375], "texture": "#0"}
			}
		},
		{
			"from": [16, 16, 17],
			"to": [18, 17.5, 19],
			"faces": {
				"north": {"uv": [1, 1.625, 1.25, 1.75], "texture": "#0"},
				"east": {"uv": [0.75, 1.625, 1, 1.75], "texture": "#0"},
				"south": {"uv": [1.5, 1.625, 1.75, 1.75], "texture": "#0"},
				"west": {"uv": [1.25, 1.625, 1.5, 1.75], "texture": "#0"},
				"up": {"uv": [1.25, 1.625, 1, 1.375], "texture": "#0"},
				"down": {"uv": [1.5, 1.375, 1.25, 1.625], "texture": "#0"}
			}
		},
		{
			"from": [-2, 16, -3],
			"to": [0, 17.5, -1],
			"faces": {
				"north": {"uv": [1.75, 1.75, 2, 1.875], "texture": "#0"},
				"east": {"uv": [1.5, 1.75, 1.75, 1.875], "texture": "#0"},
				"south": {"uv": [2.25, 1.75, 2.5, 1.875], "texture": "#0"},
				"west": {"uv": [2, 1.75, 2.25, 1.875], "texture": "#0"},
				"up": {"uv": [2, 1.75, 1.75, 1.5], "texture": "#0"},
				"down": {"uv": [2.25, 1.5, 2, 1.75], "texture": "#0"}
			}
		},
		{
			"from": [-2, 16, 17],
			"to": [0, 17.5, 19],
			"faces": {
				"north": {"uv": [1.125, 0.25, 1.375, 0.375], "texture": "#0"},
				"east": {"uv": [0.875, 0.25, 1.125, 0.375], "texture": "#0"},
				"south": {"uv": [1.625, 0.25, 1.875, 0.375], "texture": "#0"},
				"west": {"uv": [1.375, 0.25, 1.625, 0.375], "texture": "#0"},
				"up": {"uv": [1.375, 0.25, 1.125, 0], "texture": "#0"},
				"down": {"uv": [1.625, 0, 1.375, 0.25], "texture": "#0"}
			}
		},
		{
			"from": [-3, 16, -2],
			"to": [-1, 18, 0],
			"faces": {
				"north": {"uv": [1.25, 0.625, 1.5, 0.875], "texture": "#0"},
				"east": {"uv": [1, 0.625, 1.25, 0.875], "texture": "#0"},
				"south": {"uv": [1.75, 0.625, 2, 0.875], "texture": "#0"},
				"west": {"uv": [1.5, 0.625, 1.75, 0.875], "texture": "#0"},
				"up": {"uv": [1.5, 0.625, 1.25, 0.375], "texture": "#0"},
				"down": {"uv": [1.75, 0.375, 1.5, 0.625], "texture": "#0"}
			}
		},
		{
			"from": [-3, 16, 16],
			"to": [-1, 18, 18],
			"faces": {
				"north": {"uv": [0.25, 0.875, 0.5, 1.125], "texture": "#0"},
				"east": {"uv": [0, 0.875, 0.25, 1.125], "texture": "#0"},
				"south": {"uv": [0.75, 0.875, 1, 1.125], "texture": "#0"},
				"west": {"uv": [0.5, 0.875, 0.75, 1.125], "texture": "#0"},
				"up": {"uv": [0.5, 0.875, 0.25, 0.625], "texture": "#0"},
				"down": {"uv": [0.75, 0.625, 0.5, 0.875], "texture": "#0"}
			}
		},
		{
			"from": [17, 16, -2],
			"to": [19, 18, 0],
			"faces": {
				"north": {"uv": [0.25, 1.375, 0.5, 1.625], "texture": "#0"},
				"east": {"uv": [0, 1.375, 0.25, 1.625], "texture": "#0"},
				"south": {"uv": [0.75, 1.375, 1, 1.625], "texture": "#0"},
				"west": {"uv": [0.5, 1.375, 0.75, 1.625], "texture": "#0"},
				"up": {"uv": [0.5, 1.375, 0.25, 1.125], "texture": "#0"},
				"down": {"uv": [0.75, 1.125, 0.5, 1.375], "texture": "#0"}
			}
		},
		{
			"from": [17, 16, 16],
			"to": [19, 18, 18],
			"faces": {
				"north": {"uv": [1, 1.125, 1.25, 1.375], "texture": "#0"},
				"east": {"uv": [0.75, 1.125, 1, 1.375], "texture": "#0"},
				"south": {"uv": [1.5, 1.125, 1.75, 1.375], "texture": "#0"},
				"west": {"uv": [1.25, 1.125, 1.5, 1.375], "texture": "#0"},
				"up": {"uv": [1.25, 1.125, 1, 0.875], "texture": "#0"},
				"down": {"uv": [1.5, 0.875, 1.25, 1.125], "texture": "#0"}
			}
		},
		{
			"from": [0, 15, 18],
			"to": [16, 16, 20],
			"faces": {
				"north": {"uv": [5.875, 3, 7.875, 3.25], "texture": "#0"},
				"east": {"uv": [5.625, 3, 5.875, 3.25], "texture": "#0"},
				"south": {"uv": [8.125, 3, 10.125, 3.25], "texture": "#0"},
				"west": {"uv": [7.875, 3, 8.125, 3.25], "texture": "#0"},
				"up": {"uv": [7.875, 3, 5.875, 2.75], "texture": "#0"},
				"down": {"uv": [9.875, 2.75, 7.875, 3], "texture": "#0"}
			}
		},
		{
			"from": [18, 15, 0],
			"to": [20, 16, 16],
			"faces": {
				"north": {"uv": [9, 10.875, 9.25, 11.125], "texture": "#0"},
				"east": {"uv": [7, 10.875, 9, 11.125], "texture": "#0"},
				"south": {"uv": [11.25, 10.875, 11.5, 11.125], "texture": "#0"},
				"west": {"uv": [9.25, 10.875, 11.25, 11.125], "texture": "#0"},
				"up": {"uv": [9.25, 10.875, 9, 8.875], "texture": "#0"},
				"down": {"uv": [9.5, 8.875, 9.25, 10.875], "texture": "#0"}
			}
		},
		{
			"from": [19, 16, 0],
			"to": [21, 19, 16],
			"faces": {
				"north": {"uv": [6.5, 10.5, 6.75, 10.875], "texture": "#0"},
				"east": {"uv": [4.5, 10.5, 6.5, 10.875], "texture": "#0"},
				"south": {"uv": [8.75, 10.5, 9, 10.875], "texture": "#0"},
				"west": {"uv": [6.75, 10.5, 8.75, 10.875], "texture": "#0"},
				"up": {"uv": [6.75, 10.5, 6.5, 8.5], "texture": "#0"},
				"down": {"uv": [7, 8.5, 6.75, 10.5], "texture": "#0"}
			}
		},
		{
			"from": [-5, 16, 0],
			"to": [-3, 19, 16],
			"faces": {
				"north": {"uv": [2, 10.375, 2.25, 10.75], "texture": "#0"},
				"east": {"uv": [0, 10.375, 2, 10.75], "texture": "#0"},
				"south": {"uv": [4.25, 10.375, 4.5, 10.75], "texture": "#0"},
				"west": {"uv": [2.25, 10.375, 4.25, 10.75], "texture": "#0"},
				"up": {"uv": [2.25, 10.375, 2, 8.375], "texture": "#0"},
				"down": {"uv": [2.5, 8.375, 2.25, 10.375], "texture": "#0"}
			}
		},
		{
			"from": [-5, 19, 1],
			"to": [-4, 20, 15],
			"faces": {
				"north": {"uv": [4.25, 10.125, 4.375, 10.25], "texture": "#0"},
				"east": {"uv": [2.5, 10.125, 4.25, 10.25], "texture": "#0"},
				"south": {"uv": [6.125, 10.125, 6.25, 10.25], "texture": "#0"},
				"west": {"uv": [4.375, 10.125, 6.125, 10.25], "texture": "#0"},
				"up": {"uv": [4.375, 10.125, 4.25, 8.375], "texture": "#0"},
				"down": {"uv": [4.5, 8.375, 4.375, 10.125], "texture": "#0"}
			}
		},
		{
			"from": [20, 19, 2],
			"to": [21, 20, 15],
			"faces": {
				"north": {"uv": [4.25, 12.375, 4.375, 12.5], "texture": "#0"},
				"east": {"uv": [2.625, 12.375, 4.25, 12.5], "texture": "#0"},
				"south": {"uv": [6, 12.375, 6.125, 12.5], "texture": "#0"},
				"west": {"uv": [4.375, 12.375, 6, 12.5], "texture": "#0"},
				"up": {"uv": [4.375, 12.375, 4.25, 10.75], "texture": "#0"},
				"down": {"uv": [4.5, 10.75, 4.375, 12.375], "texture": "#0"}
			}
		},
		{
			"from": [-4, 15, 0],
			"to": [-2, 16, 16],
			"faces": {
				"north": {"uv": [10.75, 7.75, 11, 8], "texture": "#0"},
				"east": {"uv": [8.75, 7.75, 10.75, 8], "texture": "#0"},
				"south": {"uv": [13, 7.75, 13.25, 8], "texture": "#0"},
				"west": {"uv": [11, 7.75, 13, 8], "texture": "#0"},
				"up": {"uv": [11, 7.75, 10.75, 5.75], "texture": "#0"},
				"down": {"uv": [11.25, 5.75, 11, 7.75], "texture": "#0"}
			}
		}
	],
	"display": {
		"thirdperson_righthand": {
			"translation": [0, -4, 1],
			"scale": [0.55, 0.55, 0.55]
		},
		"firstperson_righthand": {
			"rotation": [0, -90, 25],
			"translation": [1.13, -1.8, 1.13],
			"scale": [0.68, 0.68, 0.68]
		},
		"ground": {
			"translation": [0, 2, 0],
			"scale": [0.5, 0.5, 0.5]
		},
		"gui": {
			"rotation": [32, -144, 0],
			"translation": [0, -3, 0],
			"scale": [0.5, 0.5, 0.5]
		},
		"head": {
			"rotation": [1, 0, 0],
			"translation": [0, -4.75, 0],
			"scale": [1.12, 1, 1]
		}
	}
}