{
	"credit": "Made with Blockbench",
	"textures": {
		"0": "item/wearables/glasses",
		"particle": "item/wearables/glasses"
	},
	"elements": [
		{
			"from": [-1, 9, 0],
			"to": [0.5, 9.5, 10],
			"faces": {
				"north": {"uv": [5, 10.5, 5.5, 11], "texture": "#0"},
				"east": {"uv": [0, 10.5, 5, 11], "texture": "#0"},
				"south": {"uv": [10.5, 10.5, 11, 11], "texture": "#0"},
				"west": {"uv": [5.5, 10.5, 10.5, 11], "texture": "#0"},
				"up": {"uv": [5.5, 10.5, 5, 5.5], "texture": "#0"},
				"down": {"uv": [6, 5.5, 5.5, 10.5], "texture": "#0"}
			}
		},
		{
			"from": [15.25, 9, 0],
			"to": [16.75, 9.5, 10],
			"faces": {
				"north": {"uv": [5, 5, 5.5, 5.5], "texture": "#0"},
				"east": {"uv": [0, 5, 5, 5.5], "texture": "#0"},
				"south": {"uv": [10.5, 5, 11, 5.5], "texture": "#0"},
				"west": {"uv": [5.5, 5, 10.5, 5.5], "texture": "#0"},
				"up": {"uv": [5.5, 5, 5, 0], "texture": "#0"},
				"down": {"uv": [6, 0, 5.5, 5], "texture": "#0"}
			}
		},
		{
			"from": [15.75, 9, -1],
			"to": [16.75, 9.5, 0],
			"faces": {
				"north": {"uv": [2.5, 9.5, 3, 10], "texture": "#0"},
				"east": {"uv": [2, 9.5, 2.5, 10], "texture": "#0"},
				"south": {"uv": [3.5, 9.5, 4, 10], "texture": "#0"},
				"west": {"uv": [3, 9.5, 3.5, 10], "texture": "#0"},
				"up": {"uv": [3, 9.5, 2.5, 9], "texture": "#0"},
				"down": {"uv": [3.5, 9, 3, 9.5], "texture": "#0"}
			}
		},
		{
			"from": [6.75, 8.75, -1],
			"to": [7, 9.5, 0],
			"rotation": {"angle": -45, "axis": "z", "origin": [6.85842, 9.01287, -0.49627]},
			"faces": {
				"north": {"uv": [11, 11, 11.5, 12], "texture": "#0"},
				"east": {"uv": [10.5, 11, 11, 12], "texture": "#0"},
				"south": {"uv": [12, 11, 12.5, 12], "texture": "#0"},
				"west": {"uv": [11.5, 11, 12, 12], "texture": "#0"},
				"up": {"uv": [11.5, 11, 11, 10.5], "texture": "#0"},
				"down": {"uv": [12, 10.5, 11.5, 11], "texture": "#0"}
			}
		},
		{
			"from": [9, 8.75, -1],
			"to": [9.25, 9.5, 0],
			"rotation": {"angle": 45, "axis": "z", "origin": [9.14158, 9.01287, -0.49627]},
			"faces": {
				"north": {"uv": [11.5, 11, 11, 12], "texture": "#0"},
				"east": {"uv": [12, 11, 11.5, 12], "texture": "#0"},
				"south": {"uv": [12.5, 11, 12, 12], "texture": "#0"},
				"west": {"uv": [11, 11, 10.5, 12], "texture": "#0"},
				"up": {"uv": [11, 11, 11.5, 10.5], "texture": "#0"},
				"down": {"uv": [11.5, 10.5, 12, 11], "texture": "#0"}
			}
		},
		{
			"from": [7.25, 9.25, -1],
			"to": [8.75, 9.5, 0],
			"faces": {
				"north": {"uv": [10, 10, 10.5, 10.5], "texture": "#0"},
				"east": {"uv": [9.5, 10, 10, 10.5], "texture": "#0"},
				"south": {"uv": [11, 10, 11.5, 10.5], "texture": "#0"},
				"west": {"uv": [10.5, 10, 11, 10.5], "texture": "#0"},
				"up": {"uv": [10.5, 10, 10, 9.5], "texture": "#0"},
				"down": {"uv": [11, 9.5, 10.5, 10], "texture": "#0"}
			}
		},
		{
			"from": [5.25, 10.25, -1],
			"to": [10.75, 10.5, 0],
			"faces": {
				"north": {"uv": [6.5, 2.5, 9.5, 3], "texture": "#0"},
				"east": {"uv": [6, 2.5, 6.5, 3], "texture": "#0"},
				"south": {"uv": [10, 2.5, 13, 3], "texture": "#0"},
				"west": {"uv": [9.5, 2.5, 10, 3], "texture": "#0"},
				"up": {"uv": [9.5, 2.5, 6.5, 2], "texture": "#0"},
				"down": {"uv": [12.5, 2, 9.5, 2.5], "texture": "#0"}
			}
		},
		{
			"from": [-1, 9, -1],
			"to": [0, 9.5, 0],
			"faces": {
				"north": {"uv": [0.5, 9.5, 1, 10], "texture": "#0"},
				"east": {"uv": [0, 9.5, 0.5, 10], "texture": "#0"},
				"south": {"uv": [1.5, 9.5, 2, 10], "texture": "#0"},
				"west": {"uv": [1, 9.5, 1.5, 10], "texture": "#0"},
				"up": {"uv": [1, 9.5, 0.5, 9], "texture": "#0"},
				"down": {"uv": [1.5, 9, 1, 9.5], "texture": "#0"}
			}
		},
		{
			"from": [10.5, 7, -1],
			"to": [16, 10, 0],
			"faces": {
				"north": {"uv": [6.5, 0.5, 9, 2], "texture": "#0"},
				"east": {"uv": [6, 0.5, 6.5, 2], "texture": "#0"},
				"south": {"uv": [9.5, 0.5, 12, 2], "texture": "#0"},
				"west": {"uv": [9, 0.5, 9.5, 2], "texture": "#0"},
				"up": {"uv": [9, 0.5, 6.5, 0], "texture": "#0"},
				"down": {"uv": [11.5, 0, 9, 0.5], "texture": "#0"}
			}
		},
		{
			"from": [0, 7, -1],
			"to": [5.5, 10, 0],
			"faces": {
				"north": {"uv": [9, 0.5, 6.5, 2], "texture": "#0"},
				"east": {"uv": [9.5, 0.5, 9, 2], "texture": "#0"},
				"south": {"uv": [12, 0.5, 9.5, 2], "texture": "#0"},
				"west": {"uv": [6.5, 0.5, 6, 2], "texture": "#0"},
				"up": {"uv": [6.5, 0.5, 9, 0], "texture": "#0"},
				"down": {"uv": [9, 0, 11.5, 0.5], "texture": "#0"}
			}
		},
		{
			"from": [9.5, 7, -1],
			"to": [10, 9.5, 0],
			"faces": {
				"north": {"uv": [2.5, 11.5, 3, 12.5], "texture": "#0"},
				"east": {"uv": [2, 11.5, 2.5, 12.5], "texture": "#0"},
				"south": {"uv": [3.5, 11.5, 4, 12.5], "texture": "#0"},
				"west": {"uv": [3, 11.5, 3.5, 12.5], "texture": "#0"},
				"up": {"uv": [3, 11.5, 2.5, 11], "texture": "#0"},
				"down": {"uv": [3.5, 11, 3, 11.5], "texture": "#0"}
			}
		},
		{
			"from": [6, 7, -1],
			"to": [6.5, 9.5, 0],
			"faces": {
				"north": {"uv": [3, 11.5, 2.5, 12.5], "texture": "#0"},
				"east": {"uv": [3.5, 11.5, 3, 12.5], "texture": "#0"},
				"south": {"uv": [4, 11.5, 3.5, 12.5], "texture": "#0"},
				"west": {"uv": [2.5, 11.5, 2, 12.5], "texture": "#0"},
				"up": {"uv": [2.5, 11.5, 3, 11], "texture": "#0"},
				"down": {"uv": [3, 11, 3.5, 11.5], "texture": "#0"}
			}
		},
		{
			"from": [10, 7, -1],
			"to": [10.5, 10, 0],
			"faces": {
				"north": {"uv": [8.5, 8.5, 9, 10], "texture": "#0"},
				"east": {"uv": [8, 8.5, 8.5, 10], "texture": "#0"},
				"south": {"uv": [9.5, 8.5, 10, 10], "texture": "#0"},
				"west": {"uv": [9, 8.5, 9.5, 10], "texture": "#0"},
				"up": {"uv": [9, 8.5, 8.5, 8], "texture": "#0"},
				"down": {"uv": [9.5, 8, 9, 8.5], "texture": "#0"}
			}
		},
		{
			"from": [5.5, 7, -1],
			"to": [6, 10, 0],
			"faces": {
				"north": {"uv": [9, 8.5, 8.5, 10], "texture": "#0"},
				"east": {"uv": [9.5, 8.5, 9, 10], "texture": "#0"},
				"south": {"uv": [10, 8.5, 9.5, 10], "texture": "#0"},
				"west": {"uv": [8.5, 8.5, 8, 10], "texture": "#0"},
				"up": {"uv": [8.5, 8.5, 9, 8], "texture": "#0"},
				"down": {"uv": [9, 8, 9.5, 8.5], "texture": "#0"}
			}
		},
		{
			"from": [11, 10, -1],
			"to": [15.5, 10.5, 0],
			"faces": {
				"north": {"uv": [0.5, 3.5, 2.5, 4], "texture": "#0"},
				"east": {"uv": [0, 3.5, 0.5, 4], "texture": "#0"},
				"south": {"uv": [3, 3.5, 5, 4], "texture": "#0"},
				"west": {"uv": [2.5, 3.5, 3, 4], "texture": "#0"},
				"up": {"uv": [2.5, 3.5, 0.5, 3], "texture": "#0"},
				"down": {"uv": [4.5, 3, 2.5, 3.5], "texture": "#0"}
			}
		},
		{
			"from": [0.5, 10, -1],
			"to": [5, 10.5, 0],
			"faces": {
				"north": {"uv": [2.5, 3.5, 0.5, 4], "texture": "#0"},
				"east": {"uv": [3, 3.5, 2.5, 4], "texture": "#0"},
				"south": {"uv": [5, 3.5, 3, 4], "texture": "#0"},
				"west": {"uv": [0.5, 3.5, 0, 4], "texture": "#0"},
				"up": {"uv": [0.5, 3.5, 2.5, 3], "texture": "#0"},
				"down": {"uv": [2.5, 3, 4.5, 3.5], "texture": "#0"}
			}
		},
		{
			"from": [10, 6.5, -1],
			"to": [15.75, 7, 0],
			"faces": {
				"north": {"uv": [6.5, 4.5, 9, 5], "texture": "#0"},
				"east": {"uv": [6, 4.5, 6.5, 5], "texture": "#0"},
				"south": {"uv": [9.5, 4.5, 12, 5], "texture": "#0"},
				"west": {"uv": [9, 4.5, 9.5, 5], "texture": "#0"},
				"up": {"uv": [9, 4.5, 6.5, 4], "texture": "#0"},
				"down": {"uv": [11.5, 4, 9, 4.5], "texture": "#0"}
			}
		},
		{
			"from": [0.25, 6.5, -1],
			"to": [6, 7, 0],
			"faces": {
				"north": {"uv": [9, 4.5, 6.5, 5], "texture": "#0"},
				"east": {"uv": [9.5, 4.5, 9, 5], "texture": "#0"},
				"south": {"uv": [12, 4.5, 9.5, 5], "texture": "#0"},
				"west": {"uv": [6.5, 4.5, 6, 5], "texture": "#0"},
				"up": {"uv": [6.5, 4.5, 9, 4], "texture": "#0"},
				"down": {"uv": [9, 4, 11.5, 4.5], "texture": "#0"}
			}
		},
		{
			"from": [10.5, 6, -1],
			"to": [15.5, 6.5, 0],
			"faces": {
				"north": {"uv": [0.5, 2.5, 2.5, 3], "texture": "#0"},
				"east": {"uv": [0, 2.5, 0.5, 3], "texture": "#0"},
				"south": {"uv": [3, 2.5, 5, 3], "texture": "#0"},
				"west": {"uv": [2.5, 2.5, 3, 3], "texture": "#0"},
				"up": {"uv": [2.5, 2.5, 0.5, 2], "texture": "#0"},
				"down": {"uv": [4.5, 2, 2.5, 2.5], "texture": "#0"}
			}
		},
		{
			"from": [0.5, 6, -1],
			"to": [5.5, 6.5, 0],
			"faces": {
				"north": {"uv": [2.5, 2.5, 0.5, 3], "texture": "#0"},
				"east": {"uv": [3, 2.5, 2.5, 3], "texture": "#0"},
				"south": {"uv": [5, 2.5, 3, 3], "texture": "#0"},
				"west": {"uv": [0.5, 2.5, 0, 3], "texture": "#0"},
				"up": {"uv": [0.5, 2.5, 2.5, 2], "texture": "#0"},
				"down": {"uv": [2.5, 2, 4.5, 2.5], "texture": "#0"}
			}
		},
		{
			"from": [11, 5.75, -1],
			"to": [15, 6, 0],
			"faces": {
				"north": {"uv": [0.5, 4.5, 2, 5], "texture": "#0"},
				"east": {"uv": [0, 4.5, 0.5, 5], "texture": "#0"},
				"south": {"uv": [2.5, 4.5, 4, 5], "texture": "#0"},
				"west": {"uv": [2, 4.5, 2.5, 5], "texture": "#0"},
				"up": {"uv": [2, 4.5, 0.5, 4], "texture": "#0"},
				"down": {"uv": [3.5, 4, 2, 4.5], "texture": "#0"}
			}
		},
		{
			"from": [1, 5.75, -1],
			"to": [5, 6, 0],
			"faces": {
				"north": {"uv": [2, 4.5, 0.5, 5], "texture": "#0"},
				"east": {"uv": [2.5, 4.5, 2, 5], "texture": "#0"},
				"south": {"uv": [4, 4.5, 2.5, 5], "texture": "#0"},
				"west": {"uv": [0.5, 4.5, 0, 5], "texture": "#0"},
				"up": {"uv": [0.5, 4.5, 2, 4], "texture": "#0"},
				"down": {"uv": [2, 4, 3.5, 4.5], "texture": "#0"}
			}
		},
		{
			"from": [10.25, 6.25, -1],
			"to": [10.5, 6.5, 0],
			"faces": {
				"north": {"uv": [0.5, 0.5, 2.5, 1], "texture": "#0"},
				"east": {"uv": [0, 0.5, 0.5, 1], "texture": "#0"},
				"south": {"uv": [3, 0.5, 5, 1], "texture": "#0"},
				"west": {"uv": [2.5, 0.5, 3, 1], "texture": "#0"},
				"up": {"uv": [2.5, 0.5, 0.5, 0], "texture": "#0"},
				"down": {"uv": [4.5, 0, 2.5, 0.5], "texture": "#0"}
			}
		},
		{
			"from": [5.5, 6.25, -1],
			"to": [5.75, 6.5, 0],
			"faces": {
				"north": {"uv": [2.5, 0.5, 0.5, 1], "texture": "#0"},
				"east": {"uv": [3, 0.5, 2.5, 1], "texture": "#0"},
				"south": {"uv": [5, 0.5, 3, 1], "texture": "#0"},
				"west": {"uv": [0.5, 0.5, 0, 1], "texture": "#0"},
				"up": {"uv": [0.5, 0.5, 2.5, 0], "texture": "#0"},
				"down": {"uv": [2.5, 0, 4.5, 0.5], "texture": "#0"}
			}
		},
		{
			"from": [9.75, 6.75, -1],
			"to": [10, 7, 0],
			"faces": {
				"north": {"uv": [0.5, 0.5, 2.5, 1], "texture": "#0"},
				"east": {"uv": [0, 0.5, 0.5, 1], "texture": "#0"},
				"south": {"uv": [3, 0.5, 5, 1], "texture": "#0"},
				"west": {"uv": [2.5, 0.5, 3, 1], "texture": "#0"},
				"up": {"uv": [2.5, 0.5, 0.5, 0], "texture": "#0"},
				"down": {"uv": [4.5, 0, 2.5, 0.5], "texture": "#0"}
			}
		},
		{
			"from": [6, 6.75, -1],
			"to": [6.25, 7, 0],
			"faces": {
				"north": {"uv": [2.5, 0.5, 0.5, 1], "texture": "#0"},
				"east": {"uv": [3, 0.5, 2.5, 1], "texture": "#0"},
				"south": {"uv": [5, 0.5, 3, 1], "texture": "#0"},
				"west": {"uv": [0.5, 0.5, 0, 1], "texture": "#0"},
				"up": {"uv": [0.5, 0.5, 2.5, 0], "texture": "#0"},
				"down": {"uv": [2.5, 0, 4.5, 0.5], "texture": "#0"}
			}
		},
		{
			"from": [9.75, 9.5, -1],
			"to": [10, 9.75, 0],
			"faces": {
				"north": {"uv": [0.5, 0.5, 2.5, 1], "texture": "#0"},
				"east": {"uv": [0, 0.5, 0.5, 1], "texture": "#0"},
				"south": {"uv": [3, 0.5, 5, 1], "texture": "#0"},
				"west": {"uv": [2.5, 0.5, 3, 1], "texture": "#0"},
				"up": {"uv": [2.5, 0.5, 0.5, 0], "texture": "#0"},
				"down": {"uv": [4.5, 0, 2.5, 0.5], "texture": "#0"}
			}
		},
		{
			"from": [6, 9.5, -1],
			"to": [6.25, 9.75, 0],
			"faces": {
				"north": {"uv": [2.5, 0.5, 0.5, 1], "texture": "#0"},
				"east": {"uv": [3, 0.5, 2.5, 1], "texture": "#0"},
				"south": {"uv": [5, 0.5, 3, 1], "texture": "#0"},
				"west": {"uv": [0.5, 0.5, 0, 1], "texture": "#0"},
				"up": {"uv": [0.5, 0.5, 2.5, 0], "texture": "#0"},
				"down": {"uv": [2.5, 0, 4.5, 0.5], "texture": "#0"}
			}
		},
		{
			"from": [10.75, 10, -1],
			"to": [11, 10.25, 0],
			"faces": {
				"north": {"uv": [0.5, 0.5, 2.5, 1], "texture": "#0"},
				"east": {"uv": [0, 0.5, 0.5, 1], "texture": "#0"},
				"south": {"uv": [3, 0.5, 5, 1], "texture": "#0"},
				"west": {"uv": [2.5, 0.5, 3, 1], "texture": "#0"},
				"up": {"uv": [2.5, 0.5, 0.5, 0], "texture": "#0"},
				"down": {"uv": [4.5, 0, 2.5, 0.5], "texture": "#0"}
			}
		},
		{
			"from": [5, 10, -1],
			"to": [5.25, 10.25, 0],
			"faces": {
				"north": {"uv": [2.5, 0.5, 0.5, 1], "texture": "#0"},
				"east": {"uv": [3, 0.5, 2.5, 1], "texture": "#0"},
				"south": {"uv": [5, 0.5, 3, 1], "texture": "#0"},
				"west": {"uv": [0.5, 0.5, 0, 1], "texture": "#0"},
				"up": {"uv": [0.5, 0.5, 2.5, 0], "texture": "#0"},
				"down": {"uv": [2.5, 0, 4.5, 0.5], "texture": "#0"}
			}
		},
		{
			"from": [-0.75, 4.5, 10],
			"to": [0.5, 9, 11],
			"rotation": {"angle": -22.5, "axis": "x", "origin": [-0.49736, 6.48252, 9.5148]},
			"faces": {
				"north": {"uv": [2.5, 6, 3, 8], "texture": "#0"},
				"east": {"uv": [2, 6, 2.5, 8], "texture": "#0"},
				"south": {"uv": [3.5, 6, 4, 8], "texture": "#0"},
				"west": {"uv": [3, 6, 3.5, 8], "texture": "#0"},
				"up": {"uv": [3, 6, 2.5, 5.5], "texture": "#0"},
				"down": {"uv": [3.5, 5.5, 3, 6], "texture": "#0"}
			}
		},
		{
			"from": [15.25, 4.5, 10],
			"to": [16.5, 9, 11],
			"rotation": {"angle": -22.5, "axis": "x", "origin": [16.24736, 6.48252, 9.5148]},
			"faces": {
				"north": {"uv": [0.5, 6, 1, 8], "texture": "#0"},
				"east": {"uv": [0, 6, 0.5, 8], "texture": "#0"},
				"south": {"uv": [1.5, 6, 2, 8], "texture": "#0"},
				"west": {"uv": [1, 6, 1.5, 8], "texture": "#0"},
				"up": {"uv": [1, 6, 0.5, 5.5], "texture": "#0"},
				"down": {"uv": [1.5, 5.5, 1, 6], "texture": "#0"}
			}
		},
		{
			"from": [15.75, 7, -1.25],
			"to": [16.25, 10, 0],
			"faces": {
				"north": {"uv": [0.5, 6, 1, 8], "texture": "#0"},
				"east": {"uv": [0, 6, 0.5, 8], "texture": "#0"},
				"south": {"uv": [1.5, 6, 2, 8], "texture": "#0"},
				"west": {"uv": [1, 6, 1.5, 8], "texture": "#0"},
				"up": {"uv": [1, 6, 0.5, 5.5], "texture": "#0"},
				"down": {"uv": [1.5, 5.5, 1, 6], "texture": "#0"}
			}
		},
		{
			"from": [-0.25, 7, -1.25],
			"to": [0.25, 10, 0],
			"faces": {
				"north": {"uv": [1, 6, 0.5, 8], "texture": "#0"},
				"east": {"uv": [1.5, 6, 1, 8], "texture": "#0"},
				"south": {"uv": [2, 6, 1.5, 8], "texture": "#0"},
				"west": {"uv": [0.5, 6, 0, 8], "texture": "#0"},
				"up": {"uv": [0.5, 6, 1, 5.5], "texture": "#0"},
				"down": {"uv": [1, 5.5, 1.5, 6], "texture": "#0"}
			}
		},
		{
			"from": [12, 10.5, -1.25],
			"to": [15, 11, 0],
			"faces": {
				"north": {"uv": [0.5, 6, 1, 8], "texture": "#0"},
				"east": {"uv": [0, 6, 0.5, 8], "texture": "#0"},
				"south": {"uv": [1.5, 6, 2, 8], "texture": "#0"},
				"west": {"uv": [1, 6, 1.5, 8], "texture": "#0"},
				"up": {"uv": [1, 6, 0.5, 5.5], "texture": "#0"},
				"down": {"uv": [1.5, 5.5, 1, 6], "texture": "#0"}
			}
		},
		{
			"from": [1, 10.5, -1.25],
			"to": [4, 11, 0],
			"faces": {
				"north": {"uv": [1, 6, 0.5, 8], "texture": "#0"},
				"east": {"uv": [1.5, 6, 1, 8], "texture": "#0"},
				"south": {"uv": [2, 6, 1.5, 8], "texture": "#0"},
				"west": {"uv": [0.5, 6, 0, 8], "texture": "#0"},
				"up": {"uv": [0.5, 6, 1, 5.5], "texture": "#0"},
				"down": {"uv": [1, 5.5, 1.5, 6], "texture": "#0"}
			}
		},
		{
			"from": [10.75, 10.25, -1.25],
			"to": [11, 10.5, 0],
			"faces": {
				"north": {"uv": [0.5, 6, 1, 8], "texture": "#0"},
				"east": {"uv": [0, 6, 0.5, 8], "texture": "#0"},
				"south": {"uv": [1.5, 6, 2, 8], "texture": "#0"},
				"west": {"uv": [1, 6, 1.5, 8], "texture": "#0"},
				"up": {"uv": [1, 6, 0.5, 5.5], "texture": "#0"},
				"down": {"uv": [1.5, 5.5, 1, 6], "texture": "#0"}
			}
		},
		{
			"from": [5, 10.25, -1.25],
			"to": [5.25, 10.5, 0],
			"faces": {
				"north": {"uv": [1, 6, 0.5, 8], "texture": "#0"},
				"east": {"uv": [1.5, 6, 1, 8], "texture": "#0"},
				"south": {"uv": [2, 6, 1.5, 8], "texture": "#0"},
				"west": {"uv": [0.5, 6, 0, 8], "texture": "#0"},
				"up": {"uv": [0.5, 6, 1, 5.5], "texture": "#0"},
				"down": {"uv": [1, 5.5, 1.5, 6], "texture": "#0"}
			}
		},
		{
			"from": [5.25, 10, -1.25],
			"to": [5.25, 10.5, 0],
			"faces": {
				"north": {"uv": [1, 6, 0.5, 8], "texture": "#0"},
				"east": {"uv": [1.5, 6, 1, 8], "texture": "#0"},
				"south": {"uv": [2, 6, 1.5, 8], "texture": "#0"},
				"west": {"uv": [0.5, 6, 0, 8], "texture": "#0"},
				"up": {"uv": [0.5, 6, 1, 5.5], "texture": "#0"},
				"down": {"uv": [1, 5.5, 1.5, 6], "texture": "#0"}
			}
		},
		{
			"from": [10.5, 5.5, -1.25],
			"to": [11.75, 6, 0],
			"rotation": {"angle": -22.5, "axis": "z", "origin": [11.11386, 5.77052, -0.63435]},
			"faces": {
				"north": {"uv": [0.5, 6, 1, 8], "texture": "#0"},
				"east": {"uv": [0, 6, 0.5, 8], "texture": "#0"},
				"south": {"uv": [1.5, 6, 2, 8], "texture": "#0"},
				"west": {"uv": [1, 6, 1.5, 8], "texture": "#0"},
				"up": {"uv": [1, 6, 0.5, 5.5], "texture": "#0"},
				"down": {"uv": [1.5, 5.5, 1, 6], "texture": "#0"}
			}
		},
		{
			"from": [4.25, 5.5, -1.25],
			"to": [5.5, 6, 0],
			"rotation": {"angle": 22.5, "axis": "z", "origin": [4.88614, 5.77052, -0.63435]},
			"faces": {
				"north": {"uv": [1, 6, 0.5, 8], "texture": "#0"},
				"east": {"uv": [1.5, 6, 1, 8], "texture": "#0"},
				"south": {"uv": [2, 6, 1.5, 8], "texture": "#0"},
				"west": {"uv": [0.5, 6, 0, 8], "texture": "#0"},
				"up": {"uv": [0.5, 6, 1, 5.5], "texture": "#0"},
				"down": {"uv": [1, 5.5, 1.5, 6], "texture": "#0"}
			}
		},
		{
			"from": [10.22031, 5.25699, -1.25],
			"to": [10.72031, 7.00699, 0],
			"rotation": {"angle": 45, "axis": "z", "origin": [9.86365, 5.89334, -0.63196]},
			"faces": {
				"north": {"uv": [0.5, 6, 1, 8], "rotation": 270, "texture": "#0"},
				"east": {"uv": [1, 6, 0.5, 5.5], "rotation": 90, "texture": "#0"},
				"south": {"uv": [1.5, 6, 2, 8], "rotation": 90, "texture": "#0"},
				"west": {"uv": [1.5, 5.5, 1, 6], "rotation": 90, "texture": "#0"},
				"up": {"uv": [1, 6, 1.5, 8], "rotation": 90, "texture": "#0"},
				"down": {"uv": [0, 6, 0.5, 8], "rotation": 90, "texture": "#0"}
			}
		},
		{
			"from": [5.5, 6.25, -1.25],
			"to": [7.25, 6.75, 0],
			"rotation": {"angle": 45, "axis": "z", "origin": [6.13635, 5.89334, -0.63196]},
			"faces": {
				"north": {"uv": [1, 6, 0.5, 8], "texture": "#0"},
				"east": {"uv": [1.5, 6, 1, 8], "texture": "#0"},
				"south": {"uv": [2, 6, 1.5, 8], "texture": "#0"},
				"west": {"uv": [0.5, 6, 0, 8], "texture": "#0"},
				"up": {"uv": [0.5, 6, 1, 5.5], "texture": "#0"},
				"down": {"uv": [1, 5.5, 1.5, 6], "texture": "#0"}
			}
		},
		{
			"from": [10, 12.75, -1.25],
			"to": [11.5, 13.25, 0],
			"rotation": {"angle": -45, "axis": "z", "origin": [9.86365, 5.89334, -0.63196]},
			"faces": {
				"north": {"uv": [0.5, 6, 1, 8], "texture": "#0"},
				"east": {"uv": [0, 6, 0.5, 8], "texture": "#0"},
				"south": {"uv": [1.5, 6, 2, 8], "texture": "#0"},
				"west": {"uv": [1, 6, 1.5, 8], "texture": "#0"},
				"up": {"uv": [1, 6, 0.5, 5.5], "texture": "#0"},
				"down": {"uv": [1.5, 5.5, 1, 6], "texture": "#0"}
			}
		},
		{
			"from": [4.5, 12.75, -1.25],
			"to": [6, 13.25, 0],
			"rotation": {"angle": 45, "axis": "z", "origin": [6.13635, 5.89334, -0.63196]},
			"faces": {
				"north": {"uv": [1, 6, 0.5, 8], "texture": "#0"},
				"east": {"uv": [1.5, 6, 1, 8], "texture": "#0"},
				"south": {"uv": [2, 6, 1.5, 8], "texture": "#0"},
				"west": {"uv": [0.5, 6, 0, 8], "texture": "#0"},
				"up": {"uv": [0.5, 6, 1, 5.5], "texture": "#0"},
				"down": {"uv": [1, 5.5, 1.5, 6], "texture": "#0"}
			}
		},
		{
			"from": [9.54351, 9.42572, -1.25],
			"to": [10.54351, 9.92572, 0],
			"rotation": {"angle": 45, "axis": "z", "origin": [10.01797, 9.42649, -0.62606]},
			"faces": {
				"north": {"uv": [0.5, 6, 1, 8], "texture": "#0"},
				"east": {"uv": [0, 6, 0.5, 8], "texture": "#0"},
				"south": {"uv": [1.5, 6, 2, 8], "texture": "#0"},
				"west": {"uv": [1, 6, 1.5, 8], "texture": "#0"},
				"up": {"uv": [1, 6, 0.5, 5.5], "texture": "#0"},
				"down": {"uv": [1.5, 5.5, 1, 6], "texture": "#0"}
			}
		},
		{
			"from": [5.45649, 9.42572, -1.25],
			"to": [6.45649, 9.92572, 0],
			"rotation": {"angle": -45, "axis": "z", "origin": [5.98203, 9.42649, -0.62606]},
			"faces": {
				"north": {"uv": [1, 6, 0.5, 8], "texture": "#0"},
				"east": {"uv": [1.5, 6, 1, 8], "texture": "#0"},
				"south": {"uv": [2, 6, 1.5, 8], "texture": "#0"},
				"west": {"uv": [0.5, 6, 0, 8], "texture": "#0"},
				"up": {"uv": [0.5, 6, 1, 5.5], "texture": "#0"},
				"down": {"uv": [1, 5.5, 1.5, 6], "texture": "#0"}
			}
		},
		{
			"from": [10.01073, 9.90841, -1.25],
			"to": [12.01073, 10.40841, 0],
			"rotation": {"angle": 22.5, "axis": "z", "origin": [10.63602, 10.43596, -0.62538]},
			"faces": {
				"north": {"uv": [0.5, 6, 1, 8], "texture": "#0"},
				"east": {"uv": [0, 6, 0.5, 8], "texture": "#0"},
				"south": {"uv": [1.5, 6, 2, 8], "texture": "#0"},
				"west": {"uv": [1, 6, 1.5, 8], "texture": "#0"},
				"up": {"uv": [1, 6, 0.5, 5.5], "texture": "#0"},
				"down": {"uv": [1.5, 5.5, 1, 6], "texture": "#0"}
			}
		},
		{
			"from": [3.98927, 9.90841, -1.25],
			"to": [5.98927, 10.40841, 0],
			"rotation": {"angle": -22.5, "axis": "z", "origin": [5.36398, 10.43596, -0.62538]},
			"faces": {
				"north": {"uv": [1, 6, 0.5, 8], "texture": "#0"},
				"east": {"uv": [1.5, 6, 1, 8], "texture": "#0"},
				"south": {"uv": [2, 6, 1.5, 8], "texture": "#0"},
				"west": {"uv": [0.5, 6, 0, 8], "texture": "#0"},
				"up": {"uv": [0.5, 6, 1, 5.5], "texture": "#0"},
				"down": {"uv": [1, 5.5, 1.5, 6], "texture": "#0"}
			}
		},
		{
			"from": [9.25, 7, -1.25],
			"to": [9.75, 9.25, 0],
			"faces": {
				"north": {"uv": [0.5, 6, 1, 8], "texture": "#0"},
				"east": {"uv": [0, 6, 0.5, 8], "texture": "#0"},
				"south": {"uv": [1.5, 6, 2, 8], "texture": "#0"},
				"west": {"uv": [1, 6, 1.5, 8], "texture": "#0"},
				"up": {"uv": [1, 6, 0.5, 5.5], "texture": "#0"},
				"down": {"uv": [1.5, 5.5, 1, 6], "texture": "#0"}
			}
		},
		{
			"from": [6.25, 7, -1.25],
			"to": [6.75, 9.25, 0],
			"faces": {
				"north": {"uv": [1, 6, 0.5, 8], "texture": "#0"},
				"east": {"uv": [1.5, 6, 1, 8], "texture": "#0"},
				"south": {"uv": [2, 6, 1.5, 8], "texture": "#0"},
				"west": {"uv": [0.5, 6, 0, 8], "texture": "#0"},
				"up": {"uv": [0.5, 6, 1, 5.5], "texture": "#0"},
				"down": {"uv": [1, 5.5, 1.5, 6], "texture": "#0"}
			}
		},
		{
			"from": [11.75, 5.25, -1.25],
			"to": [14.75, 5.75, 0],
			"faces": {
				"north": {"uv": [0.5, 6, 1, 8], "texture": "#0"},
				"east": {"uv": [0, 6, 0.5, 8], "texture": "#0"},
				"south": {"uv": [1.5, 6, 2, 8], "texture": "#0"},
				"west": {"uv": [1, 6, 1.5, 8], "texture": "#0"},
				"up": {"uv": [1, 6, 0.5, 5.5], "texture": "#0"},
				"down": {"uv": [1.5, 5.5, 1, 6], "texture": "#0"}
			}
		},
		{
			"from": [1.25, 5.25, -1.25],
			"to": [4.25, 5.75, 0],
			"faces": {
				"north": {"uv": [1, 6, 0.5, 8], "texture": "#0"},
				"east": {"uv": [1.5, 6, 1, 8], "texture": "#0"},
				"south": {"uv": [2, 6, 1.5, 8], "texture": "#0"},
				"west": {"uv": [0.5, 6, 0, 8], "texture": "#0"},
				"up": {"uv": [0.5, 6, 1, 5.5], "texture": "#0"},
				"down": {"uv": [1, 5.5, 1.5, 6], "texture": "#0"}
			}
		},
		{
			"from": [14.47907, 5.59976, -1.25],
			"to": [15.72907, 6.09976, 0],
			"rotation": {"angle": 45, "axis": "z", "origin": [15.10392, 6.00458, -0.64091]},
			"faces": {
				"north": {"uv": [0.5, 6, 1, 8], "texture": "#0"},
				"east": {"uv": [0, 6, 0.5, 8], "texture": "#0"},
				"south": {"uv": [1.5, 6, 2, 8], "texture": "#0"},
				"west": {"uv": [1, 6, 1.5, 8], "texture": "#0"},
				"up": {"uv": [1, 6, 0.5, 5.5], "texture": "#0"},
				"down": {"uv": [1.5, 5.5, 1, 6], "texture": "#0"}
			}
		},
		{
			"from": [0.27093, 5.59976, -1.25],
			"to": [1.52093, 6.09976, 0],
			"rotation": {"angle": -45, "axis": "z", "origin": [0.89608, 6.00458, -0.64091]},
			"faces": {
				"north": {"uv": [1, 6, 0.5, 8], "texture": "#0"},
				"east": {"uv": [1.5, 6, 1, 8], "texture": "#0"},
				"south": {"uv": [2, 6, 1.5, 8], "texture": "#0"},
				"west": {"uv": [0.5, 6, 0, 8], "texture": "#0"},
				"up": {"uv": [0.5, 6, 1, 5.5], "texture": "#0"},
				"down": {"uv": [1, 5.5, 1.5, 6], "texture": "#0"}
			}
		},
		{
			"from": [15.25875, 6.37972, -1.25],
			"to": [15.75875, 7.62972, 0],
			"rotation": {"angle": -22.5, "axis": "z", "origin": [15.10392, 6.00458, -0.64091]},
			"faces": {
				"north": {"uv": [0.5, 6, 1, 8], "rotation": 90, "texture": "#0"},
				"east": {"uv": [1.5, 5.5, 1, 6], "rotation": 270, "texture": "#0"},
				"south": {"uv": [1.5, 6, 2, 8], "rotation": 270, "texture": "#0"},
				"west": {"uv": [1, 6, 0.5, 5.5], "rotation": 270, "texture": "#0"},
				"up": {"uv": [0, 6, 0.5, 8], "rotation": 270, "texture": "#0"},
				"down": {"uv": [1, 6, 1.5, 8], "rotation": 270, "texture": "#0"}
			}
		},
		{
			"from": [0.24125, 6.37972, -1.25],
			"to": [0.74125, 7.62972, 0],
			"rotation": {"angle": 22.5, "axis": "z", "origin": [0.89608, 6.00458, -0.64091]},
			"faces": {
				"north": {"uv": [0.5, 8, 1, 6], "rotation": 90, "texture": "#0"},
				"east": {"uv": [1, 5.5, 0.5, 6], "rotation": 270, "texture": "#0"},
				"south": {"uv": [1.5, 8, 2, 6], "rotation": 270, "texture": "#0"},
				"west": {"uv": [1.5, 6, 1, 5.5], "rotation": 270, "texture": "#0"},
				"up": {"uv": [0, 8, 0.5, 6], "rotation": 270, "texture": "#0"},
				"down": {"uv": [1, 8, 1.5, 6], "rotation": 270, "texture": "#0"}
			}
		}
	],
	"display": {
		"thirdperson_righthand": {
			"translation": [0.25, -0.75, 4.5],
			"scale": [0.55, 0.55, 0.55]
		},
		"firstperson_righthand": {
			"rotation": [-24, 0, 0],
			"translation": [3.25, 0, 0]
		},
		"ground": {
			"translation": [0, 2, 0],
			"scale": [0.5, 0.5, 0.5]
		},
		"gui": {
			"rotation": [25, -144, 0],
			"translation": [-0.75, 1, 0],
			"scale": [0.6, 0.6, 0.6]
		},
		"head": {
			"translation": [0, -1.5, 0.75],
			"scale": [0.88, 0.97, 0.93]
		}
	}
}