{
	"credit": "Made with Blockbench",
	"textures": {
		"0": "item/wearables/hulk",
		"particle": "item/wearables/hulk"
	},
	"elements": [
		{
			"from": [-1, -1, -1],
			"to": [17, 17, 17],
			"faces": {
				"north": {"uv": [1.125, 1.125, 2.25, 2.25], "texture": "#0"},
				"east": {"uv": [0, 1.125, 1.125, 2.25], "texture": "#0"},
				"south": {"uv": [3.375, 1.125, 4.5, 2.25], "texture": "#0"},
				"west": {"uv": [2.25, 1.125, 3.375, 2.25], "texture": "#0"},
				"up": {"uv": [2.25, 1.125, 1.125, 0], "texture": "#0"},
				"down": {"uv": [3.375, 0, 2.25, 1.125], "texture": "#0"}
			}
		},
		{
			"from": [-3, 7, 6],
			"to": [19, 18, 19],
			"faces": {
				"north": {"uv": [5.125, 4.0625, 6.5, 4.75], "texture": "#0"},
				"east": {"uv": [4.3125, 4.0625, 5.125, 4.75], "texture": "#0"},
				"south": {"uv": [7.3125, 4.0625, 8.6875, 4.75], "texture": "#0"},
				"west": {"uv": [6.5, 4.0625, 7.3125, 4.75], "texture": "#0"},
				"up": {"uv": [6.5, 4.0625, 5.125, 3.25], "texture": "#0"},
				"down": {"uv": [7.875, 3.25, 6.5, 4.0625], "texture": "#0"}
			}
		},
		{
			"from": [-3, 3, 9],
			"to": [19, 7, 19],
			"faces": {
				"north": {"uv": [4, 0.625, 5.375, 0.875], "texture": "#0"},
				"east": {"uv": [3.375, 0.625, 4, 0.875], "texture": "#0"},
				"south": {"uv": [6, 0.625, 7.375, 0.875], "texture": "#0"},
				"west": {"uv": [5.375, 0.625, 6, 0.875], "texture": "#0"},
				"up": {"uv": [5.375, 0.625, 4, 0], "texture": "#0"},
				"down": {"uv": [6.75, 0, 5.375, 0.625], "texture": "#0"}
			}
		},
		{
			"from": [-2.5, 15, -3],
			"to": [18.5, 18, 6],
			"faces": {
				"north": {"uv": [0.5625, 6.3125, 1.875, 6.5], "texture": "#0"},
				"east": {"uv": [0, 6.3125, 0.5625, 6.5], "texture": "#0"},
				"south": {"uv": [2.4375, 6.3125, 3.75, 6.5], "texture": "#0"},
				"west": {"uv": [1.875, 6.3125, 2.4375, 6.5], "texture": "#0"},
				"up": {"uv": [1.875, 6.3125, 0.5625, 5.75], "texture": "#0"},
				"down": {"uv": [3.1875, 5.75, 1.875, 6.3125], "texture": "#0"}
			}
		},
		{
			"from": [-2, 16, -3],
			"to": [18, 19, 18],
			"faces": {
				"north": {"uv": [1.3125, 3.5625, 2.5625, 3.75], "texture": "#0"},
				"east": {"uv": [0, 3.5625, 1.3125, 3.75], "texture": "#0"},
				"south": {"uv": [3.875, 3.5625, 5.125, 3.75], "texture": "#0"},
				"west": {"uv": [2.5625, 3.5625, 3.875, 3.75], "texture": "#0"},
				"up": {"uv": [2.5625, 3.5625, 1.3125, 2.25], "texture": "#0"},
				"down": {"uv": [3.8125, 2.25, 2.5625, 3.5625], "texture": "#0"}
			}
		},
		{
			"from": [-1, 17, -1],
			"to": [16, 20, 15],
			"faces": {
				"north": {"uv": [4.5, 5.75, 5.5625, 5.9375], "texture": "#0"},
				"east": {"uv": [3.5, 5.75, 4.5, 5.9375], "texture": "#0"},
				"south": {"uv": [6.5625, 5.75, 7.625, 5.9375], "texture": "#0"},
				"west": {"uv": [5.5625, 5.75, 6.5625, 5.9375], "texture": "#0"},
				"up": {"uv": [5.5625, 5.75, 4.5, 4.75], "texture": "#0"},
				"down": {"uv": [6.625, 4.75, 5.5625, 5.75], "texture": "#0"}
			}
		},
		{
			"from": [0, 0, 0],
			"to": [16, 16, 18],
			"faces": {
				"north": {"uv": [4.9375, 2.25, 5.9375, 3.25], "texture": "#0"},
				"east": {"uv": [3.8125, 2.25, 4.9375, 3.25], "texture": "#0"},
				"south": {"uv": [7.0625, 2.25, 8.0625, 3.25], "texture": "#0"},
				"west": {"uv": [5.9375, 2.25, 7.0625, 3.25], "texture": "#0"},
				"up": {"uv": [5.9375, 2.25, 4.9375, 1.125], "texture": "#0"},
				"down": {"uv": [6.9375, 1.125, 5.9375, 2.25], "texture": "#0"}
			}
		},
		{
			"from": [-2, 0, 0],
			"to": [18, 16, 16],
			"faces": {
				"north": {"uv": [1, 4.75, 2.25, 5.75], "texture": "#0"},
				"east": {"uv": [0, 4.75, 1, 5.75], "texture": "#0"},
				"south": {"uv": [3.25, 4.75, 4.5, 5.75], "texture": "#0"},
				"west": {"uv": [2.25, 4.75, 3.25, 5.75], "texture": "#0"},
				"up": {"uv": [2.25, 4.75, 1, 3.75], "texture": "#0"},
				"down": {"uv": [3.5, 3.75, 2.25, 4.75], "texture": "#0"}
			}
		},
		{
			"from": [-4, 5, 8],
			"to": [20, 12, 11],
			"rotation": {"angle": 22.5, "axis": "x", "origin": [8, 8, 8]},
			"faces": {
				"north": {"uv": [3.9375, 6.125, 5.4375, 6.5625], "texture": "#0"},
				"east": {"uv": [3.75, 6.125, 3.9375, 6.5625], "texture": "#0"},
				"south": {"uv": [5.625, 6.125, 7.125, 6.5625], "texture": "#0"},
				"west": {"uv": [5.4375, 6.125, 5.625, 6.5625], "texture": "#0"},
				"up": {"uv": [5.4375, 6.125, 3.9375, 5.9375], "texture": "#0"},
				"down": {"uv": [6.9375, 5.9375, 5.4375, 6.125], "texture": "#0"}
			}
		},
		{
			"from": [0, 10, -2],
			"to": [16, 16, -1],
			"faces": {
				"north": {"uv": [2.1875, 6.625, 3.1875, 7], "texture": "#0"},
				"east": {"uv": [2.125, 6.625, 2.1875, 7], "texture": "#0"},
				"south": {"uv": [3.25, 6.625, 4.25, 7], "texture": "#0"},
				"west": {"uv": [3.1875, 6.625, 3.25, 7], "texture": "#0"},
				"up": {"uv": [3.1875, 6.625, 2.1875, 6.5625], "texture": "#0"},
				"down": {"uv": [4.1875, 6.5625, 3.1875, 6.625], "texture": "#0"}
			}
		},
		{
			"from": [0, -1, -2.5],
			"to": [16, 7.5, -1],
			"faces": {
				"north": {"uv": [0.0625, 6.5625, 1.0625, 7.0625], "texture": "#0"},
				"east": {"uv": [0, 6.5625, 0.0625, 7.0625], "texture": "#0"},
				"south": {"uv": [1.125, 6.5625, 2.125, 7.0625], "texture": "#0"},
				"west": {"uv": [1.0625, 6.5625, 1.125, 7.0625], "texture": "#0"},
				"up": {"uv": [1.0625, 6.5625, 0.0625, 6.5], "texture": "#0"},
				"down": {"uv": [2.0625, 6.5, 1.0625, 6.5625], "texture": "#0"}
			}
		},
		{
			"from": [0.5, 7, -3],
			"to": [15.5, 8, -1],
			"faces": {
				"north": {"uv": [5.625, 1, 6.5625, 1.0625], "texture": "#0"},
				"east": {"uv": [5.5, 1, 5.625, 1.0625], "texture": "#0"},
				"south": {"uv": [6.6875, 1, 7.625, 1.0625], "texture": "#0"},
				"west": {"uv": [6.5625, 1, 6.6875, 1.0625], "texture": "#0"},
				"up": {"uv": [6.5625, 1, 5.625, 0.875], "texture": "#0"},
				"down": {"uv": [7.5, 0.875, 6.5625, 1], "texture": "#0"}
			}
		},
		{
			"from": [0.5, 10, -3],
			"to": [5.5, 11.5, -1],
			"faces": {
				"north": {"uv": [0.125, 2.375, 0.4375, 2.4375], "texture": "#0"},
				"east": {"uv": [0, 2.375, 0.125, 2.4375], "texture": "#0"},
				"south": {"uv": [0.5625, 2.375, 0.875, 2.4375], "texture": "#0"},
				"west": {"uv": [0.4375, 2.375, 0.5625, 2.4375], "texture": "#0"},
				"up": {"uv": [0.4375, 2.375, 0.125, 2.25], "texture": "#0"},
				"down": {"uv": [0.75, 2.25, 0.4375, 2.375], "texture": "#0"}
			}
		},
		{
			"from": [10.5, 10, -3],
			"to": [15.5, 11.5, -1],
			"faces": {
				"north": {"uv": [0.125, 2.5625, 0.4375, 2.625], "texture": "#0"},
				"east": {"uv": [0, 2.5625, 0.125, 2.625], "texture": "#0"},
				"south": {"uv": [0.5625, 2.5625, 0.875, 2.625], "texture": "#0"},
				"west": {"uv": [0.4375, 2.5625, 0.5625, 2.625], "texture": "#0"},
				"up": {"uv": [0.4375, 2.5625, 0.125, 2.4375], "texture": "#0"},
				"down": {"uv": [0.75, 2.4375, 0.4375, 2.5625], "texture": "#0"}
			}
		},
		{
			"from": [0, 7.5, -2],
			"to": [1, 10, -1],
			"faces": {
				"north": {"uv": [3.8125, 0.4375, 3.875, 0.5625], "texture": "#0"},
				"east": {"uv": [3.75, 0.4375, 3.8125, 0.5625], "texture": "#0"},
				"south": {"uv": [3.9375, 0.4375, 4, 0.5625], "texture": "#0"},
				"west": {"uv": [3.875, 0.4375, 3.9375, 0.5625], "texture": "#0"},
				"up": {"uv": [3.875, 0.4375, 3.8125, 0.375], "texture": "#0"},
				"down": {"uv": [3.9375, 0.375, 3.875, 0.4375], "texture": "#0"}
			}
		},
		{
			"from": [15, 7.5, -2],
			"to": [16, 10, -1],
			"faces": {
				"north": {"uv": [3.8125, 0.25, 3.875, 0.375], "texture": "#0"},
				"east": {"uv": [3.75, 0.25, 3.8125, 0.375], "texture": "#0"},
				"south": {"uv": [3.9375, 0.25, 4, 0.375], "texture": "#0"},
				"west": {"uv": [3.875, 0.25, 3.9375, 0.375], "texture": "#0"},
				"up": {"uv": [3.875, 0.25, 3.8125, 0.1875], "texture": "#0"},
				"down": {"uv": [3.9375, 0.1875, 3.875, 0.25], "texture": "#0"}
			}
		},
		{
			"from": [5, 3, -2.75],
			"to": [11, 5.25, -2],
			"faces": {
				"north": {"uv": [0.0625, 2.9375, 0.4375, 3.0625], "texture": "#0"},
				"east": {"uv": [0, 2.9375, 0.0625, 3.0625], "texture": "#0"},
				"south": {"uv": [0.5, 2.9375, 0.875, 3.0625], "texture": "#0"},
				"west": {"uv": [0.4375, 2.9375, 0.5, 3.0625], "texture": "#0"},
				"up": {"uv": [0.4375, 2.9375, 0.0625, 2.875], "texture": "#0"},
				"down": {"uv": [0.8125, 2.875, 0.4375, 2.9375], "texture": "#0"}
			}
		},
		{
			"from": [1, 4, -2.75],
			"to": [5.5, 5, -2],
			"rotation": {"angle": 22.5, "axis": "z", "origin": [7.9904, 3.51747, -3.00784]},
			"faces": {
				"north": {"uv": [0.6875, 3.4375, 0.9375, 3.5], "texture": "#0"},
				"east": {"uv": [0.625, 3.4375, 0.6875, 3.5], "texture": "#0"},
				"south": {"uv": [1, 3.4375, 1.25, 3.5], "texture": "#0"},
				"west": {"uv": [0.9375, 3.4375, 1, 3.5], "texture": "#0"},
				"up": {"uv": [0.9375, 3.4375, 0.6875, 3.375], "texture": "#0"},
				"down": {"uv": [1.1875, 3.375, 0.9375, 3.4375], "texture": "#0"}
			}
		},
		{
			"from": [10.5, 4, -2.75],
			"to": [15, 5, -2],
			"rotation": {"angle": -22.5, "axis": "z", "origin": [7.9904, 3.51747, -3.00784]},
			"faces": {
				"north": {"uv": [0.0625, 3.4375, 0.3125, 3.5], "texture": "#0"},
				"east": {"uv": [0, 3.4375, 0.0625, 3.5], "texture": "#0"},
				"south": {"uv": [0.375, 3.4375, 0.625, 3.5], "texture": "#0"},
				"west": {"uv": [0.3125, 3.4375, 0.375, 3.5], "texture": "#0"},
				"up": {"uv": [0.3125, 3.4375, 0.0625, 3.375], "texture": "#0"},
				"down": {"uv": [0.5625, 3.375, 0.3125, 3.4375], "texture": "#0"}
			}
		},
		{
			"from": [0, -1, -3],
			"to": [16, 2, -2],
			"faces": {
				"north": {"uv": [3.4375, 0.9375, 4.4375, 1.125], "texture": "#0"},
				"east": {"uv": [3.375, 0.9375, 3.4375, 1.125], "texture": "#0"},
				"south": {"uv": [4.5, 0.9375, 5.5, 1.125], "texture": "#0"},
				"west": {"uv": [4.4375, 0.9375, 4.5, 1.125], "texture": "#0"},
				"up": {"uv": [4.4375, 0.9375, 3.4375, 0.875], "texture": "#0"},
				"down": {"uv": [5.4375, 0.875, 4.4375, 0.9375], "texture": "#0"}
			}
		},
		{
			"from": [2, -2, -4],
			"to": [14, 1, 7],
			"faces": {
				"north": {"uv": [7.125, 7.125, 7.875, 7.3125], "texture": "#0"},
				"east": {"uv": [6.4375, 7.125, 7.125, 7.3125], "texture": "#0"},
				"south": {"uv": [8.5625, 7.125, 9.3125, 7.3125], "texture": "#0"},
				"west": {"uv": [7.875, 7.125, 8.5625, 7.3125], "texture": "#0"},
				"up": {"uv": [7.875, 7.125, 7.125, 6.4375], "texture": "#0"},
				"down": {"uv": [8.625, 6.4375, 7.875, 7.125], "texture": "#0"}
			}
		},
		{
			"from": [2, 1, -3.25],
			"to": [14, 2, -1],
			"faces": {
				"north": {"uv": [4.375, 6.6875, 5.125, 6.75], "texture": "#0"},
				"east": {"uv": [4.25, 6.6875, 4.375, 6.75], "texture": "#0"},
				"south": {"uv": [5.25, 6.6875, 6, 6.75], "texture": "#0"},
				"west": {"uv": [5.125, 6.6875, 5.25, 6.75], "texture": "#0"},
				"up": {"uv": [5.125, 6.6875, 4.375, 6.5625], "texture": "#0"},
				"down": {"uv": [5.875, 6.5625, 5.125, 6.6875], "texture": "#0"}
			}
		},
		{
			"from": [0.25, 10, -3.25],
			"to": [7.25, 12, -1],
			"rotation": {"angle": -22.5, "axis": "z", "origin": [3.97732, 11.50958, -2.48688]},
			"faces": {
				"north": {"uv": [0.125, 0.375, 0.5625, 0.5], "texture": "#0"},
				"east": {"uv": [0, 0.375, 0.125, 0.5], "texture": "#0"},
				"south": {"uv": [0.6875, 0.375, 1.125, 0.5], "texture": "#0"},
				"west": {"uv": [0.5625, 0.375, 0.6875, 0.5], "texture": "#0"},
				"up": {"uv": [0.5625, 0.375, 0.125, 0.25], "texture": "#0"},
				"down": {"uv": [1, 0.25, 0.5625, 0.375], "texture": "#0"}
			}
		},
		{
			"from": [8, 7, -3.25],
			"to": [15, 9, -1],
			"rotation": {"angle": 22.5, "axis": "z", "origin": [3.97732, 11.50958, -2.48688]},
			"faces": {
				"north": {"uv": [0.125, 0.125, 0.5625, 0.25], "texture": "#0"},
				"east": {"uv": [0, 0.125, 0.125, 0.25], "texture": "#0"},
				"south": {"uv": [0.6875, 0.125, 1.125, 0.25], "texture": "#0"},
				"west": {"uv": [0.5625, 0.125, 0.6875, 0.25], "texture": "#0"},
				"up": {"uv": [0.5625, 0.125, 0.125, 0], "texture": "#0"},
				"down": {"uv": [1, 0, 0.5625, 0.125], "texture": "#0"}
			}
		},
		{
			"from": [6, 7, -3],
			"to": [10, 10.75, -2],
			"faces": {
				"north": {"uv": [0.0625, 2.6875, 0.3125, 2.875], "texture": "#0"},
				"east": {"uv": [0, 2.6875, 0.0625, 2.875], "texture": "#0"},
				"south": {"uv": [0.375, 2.6875, 0.625, 2.875], "texture": "#0"},
				"west": {"uv": [0.3125, 2.6875, 0.375, 2.875], "texture": "#0"},
				"up": {"uv": [0.3125, 2.6875, 0.0625, 2.625], "texture": "#0"},
				"down": {"uv": [0.5625, 2.625, 0.3125, 2.6875], "texture": "#0"}
			}
		},
		{
			"from": [5, 5, -4],
			"to": [11, 7, -2],
			"faces": {
				"north": {"uv": [0.125, 0.625, 0.5, 0.75], "texture": "#0"},
				"east": {"uv": [0, 0.625, 0.125, 0.75], "texture": "#0"},
				"south": {"uv": [0.625, 0.625, 1, 0.75], "texture": "#0"},
				"west": {"uv": [0.5, 0.625, 0.625, 0.75], "texture": "#0"},
				"up": {"uv": [0.5, 0.625, 0.125, 0.5], "texture": "#0"},
				"down": {"uv": [0.875, 0.5, 0.5, 0.625], "texture": "#0"}
			}
		},
		{
			"from": [6, 5, -4.25],
			"to": [10, 9.75, -2.25],
			"rotation": {"angle": 22.5, "axis": "x", "origin": [7.98255, 6.52008, -3.50259]},
			"faces": {
				"north": {"uv": [0.125, 0.875, 0.375, 1.125], "texture": "#0"},
				"east": {"uv": [0, 0.875, 0.125, 1.125], "texture": "#0"},
				"south": {"uv": [0.5, 0.875, 0.75, 1.125], "texture": "#0"},
				"west": {"uv": [0.375, 0.875, 0.5, 1.125], "texture": "#0"},
				"up": {"uv": [0.375, 0.875, 0.125, 0.75], "texture": "#0"},
				"down": {"uv": [0.625, 0.75, 0.375, 0.875], "texture": "#0"}
			}
		},
		{
			"from": [8, 14, -3.5],
			"to": [10, 18, -2.5],
			"faces": {
				"north": {"uv": [3.4375, 0.375, 3.5625, 0.625], "texture": "#0"},
				"east": {"uv": [3.375, 0.375, 3.4375, 0.625], "texture": "#0"},
				"south": {"uv": [3.625, 0.375, 3.75, 0.625], "texture": "#0"},
				"west": {"uv": [3.5625, 0.375, 3.625, 0.625], "texture": "#0"},
				"up": {"uv": [3.5625, 0.375, 3.4375, 0.3125], "texture": "#0"},
				"down": {"uv": [3.6875, 0.3125, 3.5625, 0.375], "texture": "#0"}
			}
		},
		{
			"from": [9.5, 12, -3.5],
			"to": [10.75, 14.5, -2.5],
			"rotation": {"angle": 22.5, "axis": "z", "origin": [8.97294, 12.02181, -2.99471]},
			"faces": {
				"north": {"uv": [3.8125, 0.0625, 3.875, 0.1875], "texture": "#0"},
				"east": {"uv": [3.75, 0.0625, 3.8125, 0.1875], "texture": "#0"},
				"south": {"uv": [3.9375, 0.0625, 4, 0.1875], "texture": "#0"},
				"west": {"uv": [3.875, 0.0625, 3.9375, 0.1875], "texture": "#0"},
				"up": {"uv": [3.875, 0.0625, 3.8125, 0], "texture": "#0"},
				"down": {"uv": [3.9375, 0, 3.875, 0.0625], "texture": "#0"}
			}
		},
		{
			"from": [5, 14, -3.75],
			"to": [7, 18, -2.75],
			"rotation": {"angle": -45, "axis": "z", "origin": [6.25172, 14.81574, -3.23509]},
			"faces": {
				"north": {"uv": [3.4375, 0.0625, 3.5625, 0.3125], "texture": "#0"},
				"east": {"uv": [3.375, 0.0625, 3.4375, 0.3125], "texture": "#0"},
				"south": {"uv": [3.625, 0.0625, 3.75, 0.3125], "texture": "#0"},
				"west": {"uv": [3.5625, 0.0625, 3.625, 0.3125], "texture": "#0"},
				"up": {"uv": [3.5625, 0.0625, 3.4375, 0], "texture": "#0"},
				"down": {"uv": [3.6875, 0, 3.5625, 0.0625], "texture": "#0"}
			}
		},
		{
			"from": [5.45203, 12.31936, -3.75],
			"to": [6.70203, 14.81936, -2.75],
			"rotation": {"angle": -22.5, "axis": "z", "origin": [6.25172, 14.81574, -3.23509]},
			"faces": {
				"north": {"uv": [3.8125, 3.8125, 3.875, 3.9375], "texture": "#0"},
				"east": {"uv": [3.75, 3.8125, 3.8125, 3.9375], "texture": "#0"},
				"south": {"uv": [3.9375, 3.8125, 4, 3.9375], "texture": "#0"},
				"west": {"uv": [3.875, 3.8125, 3.9375, 3.9375], "texture": "#0"},
				"up": {"uv": [3.875, 3.8125, 3.8125, 3.75], "texture": "#0"},
				"down": {"uv": [3.9375, 3.75, 3.875, 3.8125], "texture": "#0"}
			}
		},
		{
			"from": [-2, 14, -3.5],
			"to": [0, 18, -2.5],
			"rotation": {"angle": -45, "axis": "z", "origin": [-0.74828, 14.81574, -2.98509]},
			"faces": {
				"north": {"uv": [0.4375, 3.125, 0.5625, 3.375], "texture": "#0"},
				"east": {"uv": [0.375, 3.125, 0.4375, 3.375], "texture": "#0"},
				"south": {"uv": [0.625, 3.125, 0.75, 3.375], "texture": "#0"},
				"west": {"uv": [0.5625, 3.125, 0.625, 3.375], "texture": "#0"},
				"up": {"uv": [0.5625, 3.125, 0.4375, 3.0625], "texture": "#0"},
				"down": {"uv": [0.6875, 3.0625, 0.5625, 3.125], "texture": "#0"}
			}
		},
		{
			"from": [-1.54797, 12.31936, -3.5],
			"to": [-0.29797, 14.81936, -2.5],
			"rotation": {"angle": -22.5, "axis": "z", "origin": [-0.74828, 14.81574, -2.98509]},
			"faces": {
				"north": {"uv": [3.5625, 3.8125, 3.625, 3.9375], "texture": "#0"},
				"east": {"uv": [3.5, 3.8125, 3.5625, 3.9375], "texture": "#0"},
				"south": {"uv": [3.6875, 3.8125, 3.75, 3.9375], "texture": "#0"},
				"west": {"uv": [3.625, 3.8125, 3.6875, 3.9375], "texture": "#0"},
				"up": {"uv": [3.625, 3.8125, 3.5625, 3.75], "texture": "#0"},
				"down": {"uv": [3.6875, 3.75, 3.625, 3.8125], "texture": "#0"}
			}
		},
		{
			"from": [16, 14, -3.5],
			"to": [18, 18, -2.5],
			"faces": {
				"north": {"uv": [0.0625, 3.125, 0.1875, 3.375], "texture": "#0"},
				"east": {"uv": [0, 3.125, 0.0625, 3.375], "texture": "#0"},
				"south": {"uv": [0.25, 3.125, 0.375, 3.375], "texture": "#0"},
				"west": {"uv": [0.1875, 3.125, 0.25, 3.375], "texture": "#0"},
				"up": {"uv": [0.1875, 3.125, 0.0625, 3.0625], "texture": "#0"},
				"down": {"uv": [0.3125, 3.0625, 0.1875, 3.125], "texture": "#0"}
			}
		},
		{
			"from": [16.29797, 12.31936, -3.5],
			"to": [17.54797, 14.81936, -2.5],
			"rotation": {"angle": -22.5, "axis": "z", "origin": [16.74828, 14.81574, -2.98509]},
			"faces": {
				"north": {"uv": [0.8125, 3.8125, 0.875, 3.9375], "texture": "#0"},
				"east": {"uv": [0.75, 3.8125, 0.8125, 3.9375], "texture": "#0"},
				"south": {"uv": [0.9375, 3.8125, 1, 3.9375], "texture": "#0"},
				"west": {"uv": [0.875, 3.8125, 0.9375, 3.9375], "texture": "#0"},
				"up": {"uv": [0.875, 3.8125, 0.8125, 3.75], "texture": "#0"},
				"down": {"uv": [0.9375, 3.75, 0.875, 3.8125], "texture": "#0"}
			}
		},
		{
			"from": [18.0132, 14, -2.26663],
			"to": [19.0132, 18, -0.26663],
			"faces": {
				"north": {"uv": [0.875, 3.125, 0.9375, 3.375], "texture": "#0"},
				"east": {"uv": [0.75, 3.125, 0.875, 3.375], "texture": "#0"},
				"south": {"uv": [1.0625, 3.125, 1.125, 3.375], "texture": "#0"},
				"west": {"uv": [0.9375, 3.125, 1.0625, 3.375], "texture": "#0"},
				"up": {"uv": [0.9375, 3.125, 0.875, 3], "texture": "#0"},
				"down": {"uv": [1, 3, 0.9375, 3.125], "texture": "#0"}
			}
		},
		{
			"from": [18.0132, 12.31936, -1.8146],
			"to": [19.0132, 14.81936, -0.5646],
			"rotation": {"angle": -22.5, "axis": "x", "origin": [18.49828, 14.81574, -1.01491]},
			"faces": {
				"north": {"uv": [0.5625, 3.8125, 0.625, 3.9375], "texture": "#0"},
				"east": {"uv": [0.5, 3.8125, 0.5625, 3.9375], "texture": "#0"},
				"south": {"uv": [0.6875, 3.8125, 0.75, 3.9375], "texture": "#0"},
				"west": {"uv": [0.625, 3.8125, 0.6875, 3.9375], "texture": "#0"},
				"up": {"uv": [0.625, 3.8125, 0.5625, 3.75], "texture": "#0"},
				"down": {"uv": [0.6875, 3.75, 0.625, 3.8125], "texture": "#0"}
			}
		},
		{
			"from": [18.0132, 14, 3.26663],
			"to": [19.0132, 18, 5.26663],
			"rotation": {"angle": -22.5, "axis": "x", "origin": [18.49429, 14.82406, 3.97656]},
			"faces": {
				"north": {"uv": [1, 2.75, 1.0625, 3], "texture": "#0"},
				"east": {"uv": [0.875, 2.75, 1, 3], "texture": "#0"},
				"south": {"uv": [1.1875, 2.75, 1.25, 3], "texture": "#0"},
				"west": {"uv": [1.0625, 2.75, 1.1875, 3], "texture": "#0"},
				"up": {"uv": [1.0625, 2.75, 1, 2.625], "texture": "#0"},
				"down": {"uv": [1.125, 2.625, 1.0625, 2.75], "texture": "#0"}
			}
		},
		{
			"from": [18.0132, 12.33467, 3.56487],
			"to": [19.0132, 14.83467, 4.81487],
			"faces": {
				"north": {"uv": [0.3125, 3.8125, 0.375, 3.9375], "texture": "#0"},
				"east": {"uv": [0.25, 3.8125, 0.3125, 3.9375], "texture": "#0"},
				"south": {"uv": [0.4375, 3.8125, 0.5, 3.9375], "texture": "#0"},
				"west": {"uv": [0.375, 3.8125, 0.4375, 3.9375], "texture": "#0"},
				"up": {"uv": [0.375, 3.8125, 0.3125, 3.75], "texture": "#0"},
				"down": {"uv": [0.4375, 3.75, 0.375, 3.8125], "texture": "#0"}
			}
		},
		{
			"from": [-3.0132, 14, 3.26663],
			"to": [-2.0132, 18, 5.26663],
			"rotation": {"angle": -22.5, "axis": "x", "origin": [-2.49429, 14.82406, 3.97656]},
			"faces": {
				"north": {"uv": [1, 2.375, 1.0625, 2.625], "texture": "#0"},
				"east": {"uv": [0.875, 2.375, 1, 2.625], "texture": "#0"},
				"south": {"uv": [1.1875, 2.375, 1.25, 2.625], "texture": "#0"},
				"west": {"uv": [1.0625, 2.375, 1.1875, 2.625], "texture": "#0"},
				"up": {"uv": [1.0625, 2.375, 1, 2.25], "texture": "#0"},
				"down": {"uv": [1.125, 2.25, 1.0625, 2.375], "texture": "#0"}
			}
		},
		{
			"from": [-3.0132, 12.33467, 3.56487],
			"to": [-2.0132, 14.83467, 4.81487],
			"faces": {
				"north": {"uv": [0.0625, 3.8125, 0.125, 3.9375], "texture": "#0"},
				"east": {"uv": [0, 3.8125, 0.0625, 3.9375], "texture": "#0"},
				"south": {"uv": [0.1875, 3.8125, 0.25, 3.9375], "texture": "#0"},
				"west": {"uv": [0.125, 3.8125, 0.1875, 3.9375], "texture": "#0"},
				"up": {"uv": [0.125, 3.8125, 0.0625, 3.75], "texture": "#0"},
				"down": {"uv": [0.1875, 3.75, 0.125, 3.8125], "texture": "#0"}
			}
		},
		{
			"from": [-3.0132, 14, -1.73337],
			"to": [-2.0132, 18, 0.26663],
			"rotation": {"angle": 22.5, "axis": "x", "origin": [-2.49429, 14.82406, -1.02344]},
			"faces": {
				"north": {"uv": [0.875, 0.875, 0.9375, 1.125], "texture": "#0"},
				"east": {"uv": [0.75, 0.875, 0.875, 1.125], "texture": "#0"},
				"south": {"uv": [1.0625, 0.875, 1.125, 1.125], "texture": "#0"},
				"west": {"uv": [0.9375, 0.875, 1.0625, 1.125], "texture": "#0"},
				"up": {"uv": [0.9375, 0.875, 0.875, 0.75], "texture": "#0"},
				"down": {"uv": [1, 0.75, 0.9375, 0.875], "texture": "#0"}
			}
		},
		{
			"from": [-3.0132, 12.33467, -1.43513],
			"to": [-2.0132, 14.83467, -0.18513],
			"rotation": {"angle": 45, "axis": "x", "origin": [-2.49429, 14.82406, -1.02344]},
			"faces": {
				"north": {"uv": [0.6875, 2.6875, 0.75, 2.8125], "texture": "#0"},
				"east": {"uv": [0.625, 2.6875, 0.6875, 2.8125], "texture": "#0"},
				"south": {"uv": [0.8125, 2.6875, 0.875, 2.8125], "texture": "#0"},
				"west": {"uv": [0.75, 2.6875, 0.8125, 2.8125], "texture": "#0"},
				"up": {"uv": [0.75, 2.6875, 0.6875, 2.625], "texture": "#0"},
				"down": {"uv": [0.8125, 2.625, 0.75, 2.6875], "texture": "#0"}
			}
		}
	],
	"display": {
		"thirdperson_righthand": {
			"translation": [0, 3, 1],
			"scale": [0.55, 0.55, 0.55]
		},
		"firstperson_righthand": {
			"rotation": [0, -90, 25],
			"translation": [1.13, 3.2, 1.13],
			"scale": [0.68, 0.68, 0.68]
		},
		"ground": {
			"translation": [0, 6.5, 0],
			"scale": [0.5, 0.5, 0.5]
		},
		"gui": {
			"rotation": [0, -150, 0],
			"translation": [0.5, -0.75, 0],
			"scale": [0.5, 0.5, 0.5]
		},
		"head": {
			"scale": [0.91, 0.91, 0.91]
		}
	},
	"groups": [0, 1, 2, 3, 4, 5, 6, 7, 8, 9, 10, 11, 12, 13, 14, 15, 16, 17, 18, 19, 20, 21, 22, 23, 24, 25, 26,
		{
			"name": "group",
			"origin": [8.97294, 12.02181, -3.49471],
			"children": [27, 28]
		},
		{
			"name": "group",
			"origin": [8.97294, 12.02181, -3.49471],
			"children": [29, 30]
		},
		{
			"name": "group",
			"origin": [8.97294, 12.02181, -3.49471],
			"children": [31, 32]
		},
		{
			"name": "group",
			"origin": [8.97294, 12.02181, -3.49471],
			"children": [33, 34]
		},
		{
			"name": "group",
			"origin": [8.97294, 12.02181, -3.49471],
			"children": [35, 36]
		},
		{
			"name": "group",
			"origin": [8.97294, 12.02181, -3.49471],
			"children": [37, 38]
		},
		{
			"name": "group",
			"origin": [8.97294, 12.02181, -3.49471],
			"children": [39, 40]
		},
		{
			"name": "group",
			"origin": [8.97294, 12.02181, -3.49471],
			"children": [41, 42]
		}
	]
}