{
	"credit": "Made with Blockbench",
	"textures": {
		"0": "item/weapons/candycane_bow_pulling",
		"particle": "item/weapons/candycane_bow_pulling"
	},
	"elements": [
		{
			"from": [6.99038, 8.88284, 7],
			"to": [9.99038, 11.88284, 10],
			"rotation": {"angle": -45, "axis": "z", "origin": [9.49127, 11.37411, 8.50961]},
			"faces": {
				"north": {"uv": [1.25, 3.25, 2.5, 4.5], "texture": "#0"},
				"east": {"uv": [0, 3.25, 1.25, 4.5], "texture": "#0"},
				"south": {"uv": [3.75, 3.25, 5, 4.5], "texture": "#0"},
				"west": {"uv": [2.5, 3.25, 3.75, 4.5], "texture": "#0"},
				"up": {"uv": [2.5, 3.25, 1.25, 2], "texture": "#0"},
				"down": {"uv": [3.75, 2, 2.5, 3.25], "texture": "#0"}
			}
		},
		{
			"from": [10.74038, 6.50784, 7.75],
			"to": [12.49038, 8.25784, 9.25],
			"rotation": {"angle": -45, "axis": "z", "origin": [7.99127, 10.99911, 8.50961]},
			"faces": {
				"north": {"uv": [1.25, 3.25, 2.5, 4.5], "texture": "#0"},
				"east": {"uv": [0, 3.25, 1.25, 4.5], "texture": "#0"},
				"south": {"uv": [3.75, 3.25, 5, 4.5], "texture": "#0"},
				"west": {"uv": [2.5, 3.25, 3.75, 4.5], "texture": "#0"},
				"up": {"uv": [2.5, 3.25, 1.25, 2], "texture": "#0"},
				"down": {"uv": [3.75, 2, 2.5, 3.25], "texture": "#0"}
			}
		},
		{
			"from": [7.49038, 6.50784, 8],
			"to": [8.49038, 27.75784, 9],
			"rotation": {"angle": 0, "axis": "z", "origin": [7.99127, 10.99911, 8.50961]},
			"faces": {
				"north": {"uv": [7.75, 3, 8.125, 10.125], "texture": "#0"},
				"east": {"uv": [7.75, 3, 8.125, 10.125], "texture": "#0"},
				"south": {"uv": [7.75, 3, 8.125, 10.125], "texture": "#0"},
				"west": {"uv": [7.75, 3, 8.125, 10.125], "texture": "#0"},
				"up": {"uv": [2.5, 3.25, 1.25, 2], "texture": "#0"},
				"down": {"uv": [3.75, 2, 2.5, 3.25], "texture": "#0"}
			}
		},
		{
			"from": [6.74038, 27.50784, 7.25],
			"to": [9.24038, 28.50784, 9.75],
			"rotation": {"angle": 0, "axis": "z", "origin": [7.99127, 9.99911, 8.50961]},
			"faces": {
				"north": {"uv": [0, 15.75, 0.375, 16], "texture": "#0"},
				"east": {"uv": [0, 15.75, 0.375, 16], "texture": "#0"},
				"south": {"uv": [0, 15.75, 0.375, 16], "texture": "#0"},
				"west": {"uv": [0, 15.75, 0.375, 16], "texture": "#0"},
				"up": {"uv": [0.375, 16, 0, 15.75], "texture": "#0"},
				"down": {"uv": [0.375, 15.75, 0, 16], "texture": "#0"}
			}
		},
		{
			"from": [6.99038, 28.50784, 7.5],
			"to": [8.99038, 29.25784, 9.5],
			"rotation": {"angle": 0, "axis": "z", "origin": [7.99127, 9.99911, 8.50961]},
			"faces": {
				"north": {"uv": [0, 15.75, 0.375, 16], "texture": "#0"},
				"east": {"uv": [0, 15.75, 0.375, 16], "texture": "#0"},
				"south": {"uv": [0, 15.75, 0.375, 16], "texture": "#0"},
				"west": {"uv": [0, 15.75, 0.375, 16], "texture": "#0"},
				"up": {"uv": [0.375, 16, 0, 15.75], "texture": "#0"},
				"down": {"uv": [0.375, 15.75, 0, 16], "texture": "#0"}
			}
		},
		{
			"from": [7.24038, 29.25784, 7.75],
			"to": [8.74038, 30.00784, 9.25],
			"rotation": {"angle": 0, "axis": "z", "origin": [7.99127, 9.99911, 8.50961]},
			"faces": {
				"north": {"uv": [0, 15.75, 0.375, 16], "texture": "#0"},
				"east": {"uv": [0, 15.75, 0.375, 16], "texture": "#0"},
				"south": {"uv": [0, 15.75, 0.375, 16], "texture": "#0"},
				"west": {"uv": [0, 15.75, 0.375, 16], "texture": "#0"},
				"up": {"uv": [0.375, 16, 0, 15.75], "texture": "#0"},
				"down": {"uv": [0.375, 15.75, 0, 16], "texture": "#0"}
			}
		},
		{
			"from": [7.49038, 30.00784, 8],
			"to": [8.49038, 30.75784, 9],
			"rotation": {"angle": 0, "axis": "z", "origin": [7.99127, 9.99911, 8.50961]},
			"faces": {
				"north": {"uv": [0, 15.75, 0.375, 16], "texture": "#0"},
				"east": {"uv": [0, 15.75, 0.375, 16], "texture": "#0"},
				"south": {"uv": [0, 15.75, 0.375, 16], "texture": "#0"},
				"west": {"uv": [0, 15.75, 0.375, 16], "texture": "#0"},
				"up": {"uv": [0.375, 16, 0, 15.75], "texture": "#0"},
				"down": {"uv": [0.375, 15.75, 0, 16], "texture": "#0"}
			}
		},
		{
			"from": [7.74038, 30.75784, 8.25],
			"to": [8.24038, 31.50784, 8.75],
			"rotation": {"angle": 0, "axis": "z", "origin": [7.99127, 9.99911, 8.50961]},
			"faces": {
				"north": {"uv": [0, 15.75, 0.375, 16], "texture": "#0"},
				"east": {"uv": [0, 15.75, 0.375, 16], "texture": "#0"},
				"south": {"uv": [0, 15.75, 0.375, 16], "texture": "#0"},
				"west": {"uv": [0, 15.75, 0.375, 16], "texture": "#0"},
				"up": {"uv": [0.375, 16, 0, 15.75], "texture": "#0"},
				"down": {"uv": [0.375, 15.75, 0, 16], "texture": "#0"}
			}
		},
		{
			"from": [5.99768, 2.22406, 8.49199],
			"to": [9.99768, 5.22406, 8.49199],
			"rotation": {"angle": 0, "axis": "y", "origin": [8.00165, 3.22686, 8.49603]},
			"faces": {
				"north": {"uv": [0, 8, 1.375, 8.875], "texture": "#0"},
				"east": {"uv": [1.25, 3.25, 2.5, 4.5], "texture": "#0"},
				"south": {"uv": [0, 8, 1.375, 8.875], "texture": "#0"},
				"west": {"uv": [3.75, 3.25, 5, 4.5], "texture": "#0"},
				"up": {"uv": [2.5, 3.25, 1.25, 2], "rotation": 90, "texture": "#0"},
				"down": {"uv": [3.75, 2, 2.5, 3.25], "rotation": 270, "texture": "#0"}
			}
		},
		{
			"from": [7.99854, 2.22406, 6.48493],
			"to": [7.99854, 5.22406, 10.48493],
			"rotation": {"angle": 0, "axis": "y", "origin": [8.00164, 3.7232, 8.48889]},
			"faces": {
				"north": {"uv": [3.75, 3.25, 5, 4.5], "texture": "#0"},
				"east": {"uv": [0, 8, 1.375, 8.875], "texture": "#0"},
				"south": {"uv": [1.25, 3.25, 2.5, 4.5], "texture": "#0"},
				"west": {"uv": [0, 8, 1.375, 8.875], "texture": "#0"},
				"up": {"uv": [2.5, 3.25, 1.25, 2], "rotation": 180, "texture": "#0"},
				"down": {"uv": [3.75, 2, 2.5, 3.25], "rotation": 180, "texture": "#0"}
			}
		},
		{
			"from": [3.25, 10.375, 7.75],
			"to": [12.75, 12, 9.375],
			"rotation": {"angle": 0, "axis": "y", "origin": [4.74127, 11.24911, 9.25961]},
			"faces": {
				"north": {"uv": [0.75, 1.25, 3, 2], "texture": "#0"},
				"east": {"uv": [0, 1.25, 0.75, 2], "texture": "#0"},
				"south": {"uv": [3.75, 1.25, 6, 2], "texture": "#0"},
				"west": {"uv": [3, 1.25, 3.75, 2], "texture": "#0"},
				"up": {"uv": [3, 1.25, 0.75, 0.5], "texture": "#0"},
				"down": {"uv": [5.25, 0.5, 3, 1.25], "texture": "#0"}
			}
		},
		{
			"from": [7, 4.5, 8.25],
			"to": [20.75, 5, 8.75],
			"rotation": {"angle": 0, "axis": "z", "origin": [20.3776, 4.76028, 8.48714]},
			"faces": {
				"north": {"uv": [0.25, 0.25, 6.5, 0.5], "texture": "#0"},
				"east": {"uv": [0, 0.25, 0.25, 0.5], "texture": "#0"},
				"south": {"uv": [6.75, 0.25, 13, 0.5], "texture": "#0"},
				"west": {"uv": [6.5, 0.25, 6.75, 0.5], "texture": "#0"},
				"up": {"uv": [6.5, 0.25, 0.25, 0], "texture": "#0"},
				"down": {"uv": [12.75, 0, 6.5, 0.25], "texture": "#0"}
			}
		},
		{
			"from": [-4.75, 4.5, 8.25],
			"to": [9, 5, 8.75],
			"rotation": {"angle": 0, "axis": "z", "origin": [-4.37236, 4.73798, 8.50936]},
			"faces": {
				"north": {"uv": [6.5, 0.25, 0.25, 0.5], "texture": "#0"},
				"east": {"uv": [6.75, 0.25, 6.5, 0.5], "texture": "#0"},
				"south": {"uv": [13, 0.25, 6.75, 0.5], "texture": "#0"},
				"west": {"uv": [0.25, 0.25, 0, 0.5], "texture": "#0"},
				"up": {"uv": [0.25, 0.25, 6.5, 0], "texture": "#0"},
				"down": {"uv": [6.5, 0, 12.75, 0.25], "texture": "#0"}
			}
		},
		{
			"from": [-2.25, 9.25, 7.5],
			"to": [3.75, 11.125, 9.5],
			"rotation": {"angle": 22.5, "axis": "z", "origin": [1.25788, 10.7666, 8.49132]},
			"faces": {
				"north": {"uv": [8, 1, 6.5, 1.75], "texture": "#0"},
				"east": {"uv": [8.5, 1, 8, 1.75], "texture": "#0"},
				"south": {"uv": [10, 1, 8.5, 1.75], "texture": "#0"},
				"west": {"uv": [6.5, 1, 6, 1.75], "texture": "#0"},
				"up": {"uv": [6.5, 1, 8, 0.5], "texture": "#0"},
				"down": {"uv": [8, 0.5, 9.5, 1], "texture": "#0"}
			}
		},
		{
			"from": [12.25, 9.25, 7.5],
			"to": [18.25, 11.125, 9.5],
			"rotation": {"angle": -22.5, "axis": "z", "origin": [14.74212, 10.7666, 8.49132]},
			"faces": {
				"north": {"uv": [6.5, 1, 8, 1.75], "texture": "#0"},
				"east": {"uv": [6, 1, 6.5, 1.75], "texture": "#0"},
				"south": {"uv": [8.5, 1, 10, 1.75], "texture": "#0"},
				"west": {"uv": [8, 1, 8.5, 1.75], "texture": "#0"},
				"up": {"uv": [8, 1, 6.5, 0.5], "texture": "#0"},
				"down": {"uv": [9.5, 0.5, 8, 1], "texture": "#0"}
			}
		},
		{
			"from": [-3.62497, 2.61045, 7.25],
			"to": [-1.49997, 8.61045, 9.75],
			"rotation": {"angle": -45, "axis": "z", "origin": [-1.0184, 7.11973, 8.48098]},
			"faces": {
				"north": {"uv": [5, 7.25, 4.25, 8.75], "texture": "#0"},
				"east": {"uv": [5.75, 7.25, 5, 8.75], "texture": "#0"},
				"south": {"uv": [6.5, 7.25, 5.75, 8.75], "texture": "#0"},
				"west": {"uv": [4.25, 7.25, 3.5, 8.75], "texture": "#0"},
				"up": {"uv": [4.25, 7.25, 5, 6.5], "texture": "#0"},
				"down": {"uv": [5, 6.5, 5.75, 7.25], "texture": "#0"}
			}
		},
		{
			"from": [17.49997, 2.61045, 7.25],
			"to": [19.62497, 8.61045, 9.75],
			"rotation": {"angle": 45, "axis": "z", "origin": [17.0184, 7.11973, 8.48098]},
			"faces": {
				"north": {"uv": [4.25, 7.25, 5, 8.75], "texture": "#0"},
				"east": {"uv": [3.5, 7.25, 4.25, 8.75], "texture": "#0"},
				"south": {"uv": [5.75, 7.25, 6.5, 8.75], "texture": "#0"},
				"west": {"uv": [5, 7.25, 5.75, 8.75], "texture": "#0"},
				"up": {"uv": [5, 7.25, 4.25, 6.5], "texture": "#0"},
				"down": {"uv": [5.75, 6.5, 5, 7.25], "texture": "#0"}
			}
		},
		{
			"from": [-8.07687, 6.53541, 7],
			"to": [-4.57687, 10.28541, 10],
			"rotation": {"angle": -45, "axis": "z", "origin": [-7.32762, 5.81702, 8.46769]},
			"faces": {
				"north": {"uv": [1.75, 7, 0.75, 8], "texture": "#0"},
				"east": {"uv": [2.5, 7, 1.75, 8], "texture": "#0"},
				"south": {"uv": [3.5, 7, 2.5, 8], "texture": "#0"},
				"west": {"uv": [0.75, 7, 0, 8], "texture": "#0"},
				"up": {"uv": [0.75, 7, 1.75, 6.25], "texture": "#0"},
				"down": {"uv": [1.75, 6.25, 2.75, 7], "texture": "#0"}
			}
		},
		{
			"from": [20.57687, 6.53541, 7],
			"to": [24.07687, 10.28541, 10],
			"rotation": {"angle": 45, "axis": "z", "origin": [23.32762, 5.81702, 8.46769]},
			"faces": {
				"north": {"uv": [0.75, 7, 1.75, 8], "texture": "#0"},
				"east": {"uv": [0, 7, 0.75, 8], "texture": "#0"},
				"south": {"uv": [2.5, 7, 3.5, 8], "texture": "#0"},
				"west": {"uv": [1.75, 7, 2.5, 8], "texture": "#0"},
				"up": {"uv": [1.75, 7, 0.75, 6.25], "texture": "#0"},
				"down": {"uv": [2.75, 6.25, 1.75, 7], "texture": "#0"}
			}
		}
	],
	"display": {
		"thirdperson_righthand": {
			"rotation": [-28, 97, -59],
			"translation": [0, -2.5, 3.5],
			"scale": [0.6, 0.6, 0.6]
		},
		"firstperson_righthand": {
			"rotation": [0, -90, 74],
			"translation": [1.13, 3.2, 1.13],
			"scale": [0.68, 0.68, 0.68]
		},
		"ground": {
			"rotation": [0, 0, -42],
			"translation": [0, 2, 0],
			"scale": [0.5, 0.5, 0.5]
		},
		"gui": {
			"rotation": [0, 0, 49],
			"translation": [0, 0.25, 0],
			"scale": [0.6, 0.6, 0.6]
		}
	}
}