{
	"credit": "Made with Blockbench",
	"textures": {
		"0": "item/weapons/greenlightsaber",
		"particle": "item/weapons/greenlightsaber"
	},
	"elements": [
		{
			"from": [7, -15.75, 7],
			"to": [9, -15, 9],
			"rotation": {"angle": 0, "axis": "y", "origin": [8, -8, 8]},
			"faces": {
				"north": {"uv": [1.5, 1.25, 2, 1.5], "texture": "#0"},
				"east": {"uv": [4.125, 2, 4.625, 2.25], "texture": "#0"},
				"south": {"uv": [4.25, 1.375, 4.75, 1.625], "texture": "#0"},
				"west": {"uv": [3.125, 4.375, 3.625, 4.625], "texture": "#0"},
				"up": {"uv": [1.5, 2.75, 2, 3.25], "texture": "#0"},
				"down": {"uv": [2.875, 0, 3.375, 0.5], "texture": "#0"}
			}
		},
		{
			"from": [7, -14.75, 7],
			"to": [9, -14.25, 9],
			"rotation": {"angle": 0, "axis": "y", "origin": [8, -8, 8]},
			"faces": {
				"north": {"uv": [2, 1.875, 2.5, 2], "texture": "#0"},
				"east": {"uv": [4.375, 3.875, 4.875, 4], "texture": "#0"},
				"south": {"uv": [4.375, 4, 4.875, 4.125], "texture": "#0"},
				"west": {"uv": [4.375, 4.125, 4.875, 4.25], "texture": "#0"},
				"up": {"uv": [2.875, 0.5, 3.375, 1], "texture": "#0"},
				"down": {"uv": [2.875, 1, 3.375, 1.5], "texture": "#0"}
			}
		},
		{
			"from": [7, -14, 7],
			"to": [9, -11.5, 9],
			"rotation": {"angle": 0, "axis": "y", "origin": [8, -8, 8]},
			"faces": {
				"north": {"uv": [1.5, 1.5, 2, 2.125], "texture": "#0"},
				"east": {"uv": [1.5, 0.625, 2, 1.25], "texture": "#0"},
				"south": {"uv": [2, 2, 2.5, 2.625], "texture": "#0"},
				"west": {"uv": [2, 0, 2.5, 0.625], "texture": "#0"},
				"up": {"uv": [2.875, 1.5, 3.375, 2], "texture": "#0"},
				"down": {"uv": [2.875, 2, 3.375, 2.5], "texture": "#0"}
			}
		},
		{
			"from": [7, -11.5, 7],
			"to": [9, -9, 9],
			"rotation": {"angle": 0, "axis": "y", "origin": [8, -8, 8]},
			"faces": {
				"north": {"uv": [2, 0.625, 2.5, 1.25], "texture": "#0"},
				"east": {"uv": [2, 1.25, 2.5, 1.875], "texture": "#0"},
				"south": {"uv": [1.5, 2.125, 2, 2.75], "texture": "#0"},
				"west": {"uv": [2.5, 2.5, 3, 3.125], "texture": "#0"},
				"up": {"uv": [3, 3, 3.5, 3.5], "texture": "#0"},
				"down": {"uv": [3, 2.5, 3.5, 3], "texture": "#0"}
			}
		},
		{
			"from": [6.25, -11.75, 7.25],
			"to": [7, -9.25, 8.75],
			"rotation": {"angle": 0, "axis": "y", "origin": [8, -8, 8]},
			"faces": {
				"north": {"uv": [3.875, 1.625, 4.125, 2.25], "texture": "#0"},
				"east": {"uv": [2.5, 3.625, 2.875, 4.25], "texture": "#0"},
				"south": {"uv": [2.875, 4, 3.125, 4.625], "texture": "#0"},
				"west": {"uv": [3.875, 1, 4.25, 1.625], "texture": "#0"},
				"up": {"uv": [4.375, 0.5, 4.625, 0.875], "texture": "#0"},
				"down": {"uv": [4.375, 2.25, 4.625, 2.625], "texture": "#0"}
			}
		},
		{
			"from": [7, -8.25, 7],
			"to": [9, -8, 9],
			"rotation": {"angle": 0, "axis": "y", "origin": [8, -8, 8]},
			"faces": {
				"north": {"uv": [4.375, 4.25, 4.875, 4.375], "texture": "#0"},
				"east": {"uv": [1.875, 4.5, 2.375, 4.625], "texture": "#0"},
				"south": {"uv": [4.5, 1.625, 5, 1.75], "texture": "#0"},
				"west": {"uv": [4.5, 1.75, 5, 1.875], "texture": "#0"},
				"up": {"uv": [2.375, 3.125, 2.875, 3.625], "texture": "#0"},
				"down": {"uv": [1.5, 3.25, 2, 3.75], "texture": "#0"}
			}
		},
		{
			"from": [7, -8.75, 7],
			"to": [9, -8.5, 9],
			"rotation": {"angle": 0, "axis": "y", "origin": [8, -8, 8]},
			"faces": {
				"north": {"uv": [4.625, 2.25, 5.125, 2.375], "texture": "#0"},
				"east": {"uv": [4.625, 2.375, 5.125, 2.5], "texture": "#0"},
				"south": {"uv": [4.625, 2.5, 5.125, 2.625], "texture": "#0"},
				"west": {"uv": [4.625, 3.375, 5.125, 3.5], "texture": "#0"},
				"up": {"uv": [3.5, 3, 4, 3.5], "texture": "#0"},
				"down": {"uv": [2, 3.625, 2.5, 4.125], "texture": "#0"}
			}
		},
		{
			"from": [7, -7.75, 7],
			"to": [9, -7.5, 9],
			"rotation": {"angle": 0, "axis": "y", "origin": [8, -8, 8]},
			"faces": {
				"north": {"uv": [4.5, 1.875, 5, 2], "texture": "#0"},
				"east": {"uv": [1.5, 4.625, 2, 4.75], "texture": "#0"},
				"south": {"uv": [2, 4.625, 2.5, 4.75], "texture": "#0"},
				"west": {"uv": [2.5, 4.625, 3, 4.75], "texture": "#0"},
				"up": {"uv": [3.375, 0, 3.875, 0.5], "texture": "#0"},
				"down": {"uv": [3.375, 0.5, 3.875, 1], "texture": "#0"}
			}
		},
		{
			"from": [7, -6.75, 7],
			"to": [9, -6.5, 9],
			"rotation": {"angle": 0, "axis": "y", "origin": [8, -8, 8]},
			"faces": {
				"north": {"uv": [3, 4.625, 3.5, 4.75], "texture": "#0"},
				"east": {"uv": [3.5, 4.625, 4, 4.75], "texture": "#0"},
				"south": {"uv": [4, 4.625, 4.5, 4.75], "texture": "#0"},
				"west": {"uv": [4.5, 4.625, 5, 4.75], "texture": "#0"},
				"up": {"uv": [3.375, 1, 3.875, 1.5], "texture": "#0"},
				"down": {"uv": [3.375, 1.5, 3.875, 2], "texture": "#0"}
			}
		},
		{
			"from": [7, -7.25, 7],
			"to": [9, -7, 9],
			"rotation": {"angle": 0, "axis": "y", "origin": [8, -8, 8]},
			"faces": {
				"north": {"uv": [3, 4.625, 3.5, 4.75], "texture": "#0"},
				"east": {"uv": [3.5, 4.625, 4, 4.75], "texture": "#0"},
				"south": {"uv": [4, 4.625, 4.5, 4.75], "texture": "#0"},
				"west": {"uv": [4.5, 4.625, 5, 4.75], "texture": "#0"},
				"up": {"uv": [3.375, 1, 3.875, 1.5], "texture": "#0"},
				"down": {"uv": [3.375, 1.5, 3.875, 2], "texture": "#0"}
			}
		},
		{
			"from": [7, -6.25, 7],
			"to": [9, -6, 9],
			"rotation": {"angle": 0, "axis": "y", "origin": [8, -8, 8]},
			"faces": {
				"north": {"uv": [4.625, 1.125, 5.125, 1.25], "texture": "#0"},
				"east": {"uv": [4.625, 1.25, 5.125, 1.375], "texture": "#0"},
				"south": {"uv": [4.625, 2, 5.125, 2.125], "texture": "#0"},
				"west": {"uv": [4.625, 2.125, 5.125, 2.25], "texture": "#0"},
				"up": {"uv": [3.375, 3.5, 3.875, 4], "texture": "#0"},
				"down": {"uv": [3.5, 2.5, 4, 3], "texture": "#0"}
			}
		},
		{
			"from": [7, -5.25, 7],
			"to": [9, -5, 9],
			"rotation": {"angle": 0, "axis": "y", "origin": [8, -7.75, 8]},
			"faces": {
				"north": {"uv": [4.625, 3.5, 5.125, 3.625], "texture": "#0"},
				"east": {"uv": [4.625, 3.625, 5.125, 3.75], "texture": "#0"},
				"south": {"uv": [4.625, 4.375, 5.125, 4.5], "texture": "#0"},
				"west": {"uv": [4.625, 4.5, 5.125, 4.625], "texture": "#0"},
				"up": {"uv": [1.5, 3.75, 2, 4.25], "texture": "#0"},
				"down": {"uv": [3.875, 3.875, 4.375, 4.375], "texture": "#0"}
			}
		},
		{
			"from": [7, -3.75, 7],
			"to": [9, -2.75, 9],
			"rotation": {"angle": 0, "axis": "y", "origin": [8, -7.75, 8]},
			"faces": {
				"north": {"uv": [3.625, 4.375, 4.125, 4.625], "texture": "#0"},
				"east": {"uv": [4.125, 4.375, 4.625, 4.625], "texture": "#0"},
				"south": {"uv": [4.375, 0, 4.875, 0.25], "texture": "#0"},
				"west": {"uv": [4.375, 0.25, 4.875, 0.5], "texture": "#0"},
				"up": {"uv": [3.875, 0, 4.375, 0.5], "texture": "#0"},
				"down": {"uv": [3.875, 0.5, 4.375, 1], "texture": "#0"}
			}
		},
		{
			"from": [7.5, -3.25, 7.5],
			"to": [8.5, 31.75, 8.5],
			"rotation": {"angle": 0, "axis": "y", "origin": [8, -7.75, 8]},
			"faces": {
				"north": {"uv": [0, 0, 0.375, 8.875], "texture": "#0"},
				"east": {"uv": [0.375, 0.375, 0.75, 9.25], "texture": "#0"},
				"south": {"uv": [0.75, 0.75, 1.125, 9.625], "texture": "#0"},
				"west": {"uv": [1.125, 1.125, 1.5, 10], "texture": "#0"},
				"up": {"uv": [4.25, 1, 4.625, 1.375], "texture": "#0"},
				"down": {"uv": [4.25, 3.375, 4.625, 3.75], "texture": "#0"}
			}
		},
		{
			"from": [7.25, -2.75, 7.25],
			"to": [8.75, 32, 8.75],
			"rotation": {"angle": 0, "axis": "y", "origin": [8, -7.75, 8]},
			"faces": {
				"north": {"uv": [1.625, 5.1875, 2, 14.0625], "texture": "#0"},
				"east": {"uv": [1.625, 5.1875, 2, 14.0625], "texture": "#0"},
				"south": {"uv": [1.625, 5.25, 2, 14.125], "texture": "#0"},
				"west": {"uv": [1.625, 5.1875, 2, 14.0625], "texture": "#0"},
				"up": {"uv": [2.0625, 5.1875, 2.4375, 5.5625], "texture": "#0"},
				"down": {"uv": [4.25, 3.375, 4.625, 3.75], "texture": "#0"}
			}
		},
		{
			"from": [6.75, -3, 6.75],
			"to": [9.25, -2.5, 9.25],
			"rotation": {"angle": 0, "axis": "y", "origin": [8, -7.75, 8]},
			"faces": {
				"north": {"uv": [4.25, 3.75, 4.875, 3.875], "texture": "#0"},
				"east": {"uv": [4.375, 0.875, 5, 1], "texture": "#0"},
				"south": {"uv": [4.375, 3.125, 5, 3.25], "texture": "#0"},
				"west": {"uv": [4.375, 3.25, 5, 3.375], "texture": "#0"},
				"up": {"uv": [0.75, 0, 1.375, 0.625], "texture": "#0"},
				"down": {"uv": [1.375, 0, 2, 0.625], "texture": "#0"}
			}
		},
		{
			"from": [7.5, -6, 7.5],
			"to": [8.5, -5.25, 8.5],
			"rotation": {"angle": 0, "axis": "y", "origin": [8, -8, 8]},
			"faces": {
				"north": {"uv": [2.5, 2.25, 2.875, 2.5], "texture": "#0"},
				"east": {"uv": [2, 3.375, 2.375, 3.625], "texture": "#0"},
				"south": {"uv": [4.375, 2.625, 4.75, 2.875], "texture": "#0"},
				"west": {"uv": [4.375, 2.875, 4.75, 3.125], "texture": "#0"},
				"up": {"uv": [2, 4.125, 2.375, 4.5], "texture": "#0"},
				"down": {"uv": [4.125, 1.625, 4.5, 2], "texture": "#0"}
			}
		},
		{
			"from": [7.25, -5.5, 7.25],
			"to": [8.75, -5.25, 8.75],
			"rotation": {"angle": 0, "axis": "y", "origin": [8, -8, 8]},
			"faces": {
				"north": {"uv": [2.5, 2.25, 2.875, 2.5], "texture": "#0"},
				"east": {"uv": [2, 3.375, 2.375, 3.625], "texture": "#0"},
				"south": {"uv": [4.375, 2.625, 4.75, 2.875], "texture": "#0"},
				"west": {"uv": [4.375, 2.875, 4.75, 3.125], "texture": "#0"},
				"up": {"uv": [2, 4.125, 2.375, 4.5], "texture": "#0"},
				"down": {"uv": [4.125, 1.625, 4.5, 2], "texture": "#0"}
			}
		},
		{
			"from": [7.25, -5, 7.25],
			"to": [8.75, -4.5, 8.75],
			"rotation": {"angle": 0, "axis": "y", "origin": [8, -7.75, 8]},
			"faces": {
				"north": {"uv": [0.75, 0.625, 1.125, 0.75], "texture": "#0"},
				"east": {"uv": [1.125, 1, 1.5, 1.125], "texture": "#0"},
				"south": {"uv": [3, 4.75, 3.375, 4.875], "texture": "#0"},
				"west": {"uv": [3.375, 4.75, 3.75, 4.875], "texture": "#0"},
				"up": {"uv": [1.5, 4.25, 1.875, 4.625], "texture": "#0"},
				"down": {"uv": [2.375, 4.25, 2.75, 4.625], "texture": "#0"}
			}
		},
		{
			"from": [7.5, -4.5, 7.5],
			"to": [8.5, -3.5, 8.5],
			"rotation": {"angle": 0, "axis": "y", "origin": [8, -7.75, 8]},
			"faces": {
				"north": {"uv": [1.5, 4.75, 1.75, 5], "texture": "#0"},
				"east": {"uv": [1.75, 4.75, 2, 5], "texture": "#0"},
				"south": {"uv": [2, 4.75, 2.25, 5], "texture": "#0"},
				"west": {"uv": [2.25, 4.75, 2.5, 5], "texture": "#0"},
				"up": {"uv": [2.5, 4.75, 2.75, 5], "texture": "#0"},
				"down": {"uv": [2.75, 4.75, 3, 5], "texture": "#0"}
			}
		},
		{
			"from": [7.25, -9, 7.25],
			"to": [8.75, -6.25, 8.75],
			"rotation": {"angle": 0, "axis": "y", "origin": [8, -8, 8]},
			"faces": {
				"north": {"uv": [2.5, 0, 2.875, 0.75], "texture": "#0"},
				"east": {"uv": [2.5, 0.75, 2.875, 1.5], "texture": "#0"},
				"south": {"uv": [2.5, 1.5, 2.875, 2.25], "texture": "#0"},
				"west": {"uv": [2, 2.625, 2.375, 3.375], "texture": "#0"},
				"up": {"uv": [4, 2.625, 4.375, 3], "texture": "#0"},
				"down": {"uv": [4, 3, 4.375, 3.375], "texture": "#0"}
			}
		},
		{
			"from": [7.25, -15, 7.25],
			"to": [8.75, -13.75, 8.75],
			"rotation": {"angle": 0, "axis": "y", "origin": [8, -8, 8]},
			"faces": {
				"north": {"uv": [0.375, 0, 0.75, 0.375], "texture": "#0"},
				"east": {"uv": [1.125, 0.625, 1.5, 1], "texture": "#0"},
				"south": {"uv": [3.875, 3.5, 4.25, 3.875], "texture": "#0"},
				"west": {"uv": [3.125, 4, 3.5, 4.375], "texture": "#0"},
				"up": {"uv": [3.5, 4, 3.875, 4.375], "texture": "#0"},
				"down": {"uv": [4, 2.25, 4.375, 2.625], "texture": "#0"}
			}
		}
	],
	"display": {
		"thirdperson_righthand": {
			"translation": [0, 8.75, 1.5],
			"scale": [0.57813, 0.57813, 0.57813]
		},
		"firstperson_righthand": {
			"rotation": [-14.75, 0, 0],
			"translation": [10.25, 7.5, -11.5],
			"scale": [0.82227, 0.82227, 0.82227]
		},
		"ground": {
			"rotation": [45, 80, -15],
			"translation": [0, 19.25, 0]
		},
		"gui": {
			"rotation": [-45, 118, 45],
			"scale": [0.35, 0.35, 0.35]
		},
		"head": {
			"rotation": [45, 0, 90]
		}
	}
}