{
	"credit": "Made with Blockbench",
	"texture_size": [128, 128],
	"textures": {
		"0": "furniture/bathroom/toilet/traditional/traditional_toilet"
	},
	"elements": [
		{
			"from": [11.46154, 5, -1],
			"to": [14.46154, 9, 8],
			"rotation": {"angle": 0, "axis": "y", "origin": [13.46154, 5, 0]},
			"faces": {
				"north": {"uv": [3, 6.5, 3.375, 7], "texture": "#0"},
				"east": {"uv": [1.875, 6.5, 3, 7], "texture": "#0"},
				"south": {"uv": [4.5, 6.5, 4.875, 7], "texture": "#0"},
				"west": {"uv": [3.375, 6.5, 4.5, 7], "texture": "#0"},
				"up": {"uv": [3.375, 6.5, 3, 5.375], "texture": "#0"},
				"down": {"uv": [3.75, 5.375, 3.375, 6.5], "texture": "#0"}
			}
		},
		{
			"from": [2.46154, 5, -1],
			"to": [5.46154, 9, 8],
			"rotation": {"angle": 0, "axis": "y", "origin": [3.46154, 5, 0]},
			"faces": {
				"north": {"uv": [1.125, 5.875, 1.5, 6.375], "texture": "#0"},
				"east": {"uv": [0, 5.875, 1.125, 6.375], "texture": "#0"},
				"south": {"uv": [2.625, 5.875, 3, 6.375], "texture": "#0"},
				"west": {"uv": [1.5, 5.875, 2.625, 6.375], "texture": "#0"},
				"up": {"uv": [1.5, 5.875, 1.125, 4.75], "texture": "#0"},
				"down": {"uv": [1.875, 4.75, 1.5, 5.875], "texture": "#0"}
			}
		},
		{
			"from": [4.96154, 5, -4.5],
			"to": [11.96154, 9, -2.5],
			"rotation": {"angle": 0, "axis": "y", "origin": [11.96154, 5, -3.5]},
			"faces": {
				"north": {"uv": [4, 5.625, 4.875, 6.125], "texture": "#0"},
				"east": {"uv": [3.75, 5.625, 4, 6.125], "texture": "#0"},
				"south": {"uv": [5.125, 5.625, 6, 6.125], "texture": "#0"},
				"west": {"uv": [4.875, 5.625, 5.125, 6.125], "texture": "#0"},
				"up": {"uv": [4.875, 5.625, 4, 5.375], "texture": "#0"},
				"down": {"uv": [5.75, 5.375, 4.875, 5.625], "texture": "#0"}
			}
		},
		{
			"from": [10.97154, 5.01, -2.29],
			"to": [13.95154, 8.99, 1.69],
			"rotation": {"angle": 22.5, "axis": "y", "origin": [7.96154, 5, -0.3]},
			"faces": {
				"north": {"uv": [0.5, 6.875, 0.875, 7.375], "texture": "#0"},
				"east": {"uv": [0, 6.875, 0.5, 7.375], "texture": "#0"},
				"south": {"uv": [1.375, 6.875, 1.75, 7.375], "texture": "#0"},
				"west": {"uv": [0.875, 6.875, 1.375, 7.375], "texture": "#0"},
				"up": {"uv": [0.875, 6.875, 0.5, 6.375], "texture": "#0"},
				"down": {"uv": [1.25, 6.375, 0.875, 6.875], "texture": "#0"}
			}
		},
		{
			"from": [2.97154, 5.01, -2.29],
			"to": [5.95154, 8.99, 1.69],
			"rotation": {"angle": -22.5, "axis": "y", "origin": [8.96154, 5, -0.3]},
			"faces": {
				"north": {"uv": [0.5, 0.5, 0.875, 1], "texture": "#0"},
				"east": {"uv": [0, 0.5, 0.5, 1], "texture": "#0"},
				"south": {"uv": [1.375, 0.5, 1.75, 1], "texture": "#0"},
				"west": {"uv": [0.875, 0.5, 1.375, 1], "texture": "#0"},
				"up": {"uv": [0.875, 0.5, 0.5, 0], "texture": "#0"},
				"down": {"uv": [1.25, 0, 0.875, 0.5], "texture": "#0"}
			}
		},
		{
			"from": [5.46154, 5, -4],
			"to": [11.46154, 8, 6],
			"rotation": {"angle": 22.5, "axis": "x", "origin": [8.46154, 5, -3]},
			"faces": {
				"north": {"uv": [5.5, 2.5, 6.25, 2.875], "texture": "#0"},
				"east": {"uv": [4.25, 2.5, 5.5, 2.875], "texture": "#0"},
				"south": {"uv": [7.5, 2.5, 8.25, 2.875], "texture": "#0"},
				"west": {"uv": [6.25, 2.5, 7.5, 2.875], "texture": "#0"},
				"up": {"uv": [6.25, 2.5, 5.5, 1.25], "texture": "#0"},
				"down": {"uv": [7, 1.25, 6.25, 2.5], "texture": "#0"}
			}
		},
		{
			"from": [4.46154, 0, 3],
			"to": [12.46154, 5, 13],
			"rotation": {"angle": 0, "axis": "y", "origin": [8.46154, 0, 2]},
			"faces": {
				"north": {"uv": [4.25, 4.75, 5.25, 5.375], "texture": "#0"},
				"east": {"uv": [3, 4.75, 4.25, 5.375], "texture": "#0"},
				"south": {"uv": [6.5, 4.75, 7.5, 5.375], "texture": "#0"},
				"west": {"uv": [5.25, 4.75, 6.5, 5.375], "texture": "#0"},
				"up": {"uv": [5.25, 4.75, 4.25, 3.5], "texture": "#0"},
				"down": {"uv": [6.25, 3.5, 5.25, 4.75], "texture": "#0"}
			}
		},
		{
			"from": [3.46154, 5, 9],
			"to": [13.46154, 21, 16],
			"rotation": {"angle": 0, "axis": "y", "origin": [8.46154, 5, 2]},
			"faces": {
				"north": {"uv": [0.875, 2.75, 2.125, 4.75], "texture": "#0"},
				"east": {"uv": [0, 2.75, 0.875, 4.75], "texture": "#0"},
				"south": {"uv": [3, 2.75, 4.25, 4.75], "texture": "#0"},
				"west": {"uv": [2.125, 2.75, 3, 4.75], "texture": "#0"},
				"up": {"uv": [2.125, 2.75, 0.875, 1.875], "texture": "#0"},
				"down": {"uv": [3.375, 1.875, 2.125, 2.75], "texture": "#0"}
			}
		},
		{
			"from": [2.46154, 17, 12],
			"to": [3.46154, 19, 14],
			"rotation": {"angle": 0, "axis": "y", "origin": [2.46154, 19, 13]},
			"faces": {
				"north": {"uv": [0.25, 2.125, 0.375, 2.375], "texture": "#0"},
				"east": {"uv": [0, 2.125, 0.25, 2.375], "texture": "#0"},
				"south": {"uv": [0.625, 2.125, 0.75, 2.375], "texture": "#0"},
				"west": {"uv": [0.375, 2.125, 0.625, 2.375], "texture": "#0"},
				"up": {"uv": [0.375, 2.125, 0.25, 1.875], "texture": "#0"},
				"down": {"uv": [0.5, 1.875, 0.375, 2.125], "texture": "#0"}
			}
		},
		{
			"from": [1.46154, 17.75, 9.75],
			"to": [2.46154, 18.75, 13.75],
			"rotation": {"angle": 0, "axis": "y", "origin": [2.46154, 18.75, 12.75]},
			"faces": {
				"north": {"uv": [6.5, 3.375, 6.625, 3.5], "texture": "#0"},
				"east": {"uv": [6, 3.375, 6.5, 3.5], "texture": "#0"},
				"south": {"uv": [7.125, 3.375, 7.25, 3.5], "texture": "#0"},
				"west": {"uv": [6.625, 3.375, 7.125, 3.5], "texture": "#0"},
				"up": {"uv": [6.625, 3.375, 6.5, 2.875], "texture": "#0"},
				"down": {"uv": [6.75, 2.875, 6.625, 3.375], "texture": "#0"}
			}
		},
		{
			"from": [3.46154, 5, 8],
			"to": [13.46154, 10, 9],
			"rotation": {"angle": 0, "axis": "y", "origin": [8.46154, 5, 1]},
			"faces": {
				"north": {"uv": [5, 6.75, 6.25, 7.375], "texture": "#0"},
				"east": {"uv": [4.875, 6.75, 5, 7.375], "texture": "#0"},
				"south": {"uv": [6.375, 6.75, 7.625, 7.375], "texture": "#0"},
				"west": {"uv": [6.25, 6.75, 6.375, 7.375], "texture": "#0"},
				"up": {"uv": [6.25, 6.75, 5, 6.625], "texture": "#0"},
				"down": {"uv": [7.5, 6.625, 6.25, 6.75], "texture": "#0"}
			}
		},
		{
			"from": [6.46154, 0, 13],
			"to": [10.46154, 5, 15],
			"rotation": {"angle": 22.5, "axis": "x", "origin": [8.46154, 5, 15]},
			"faces": {
				"north": {"uv": [7, 5.625, 7.5, 6.25], "texture": "#0"},
				"east": {"uv": [6.75, 5.625, 7, 6.25], "texture": "#0"},
				"south": {"uv": [7.75, 5.625, 8.25, 6.25], "texture": "#0"},
				"west": {"uv": [7.5, 5.625, 7.75, 6.25], "texture": "#0"},
				"up": {"uv": [7.5, 5.625, 7, 5.375], "texture": "#0"},
				"down": {"uv": [8, 5.375, 7.5, 5.625], "texture": "#0"}
			}
		},
		{
			"from": [0.47154, 12.26, 8.01],
			"to": [3.45154, 16.24, 8.99],
			"rotation": {"angle": 45, "axis": "z", "origin": [6.46154, 16.25, 8]},
			"faces": {
				"north": {"uv": [1.25, 1, 0.875, 1.5], "rotation": 180, "texture": "#0"},
				"east": {"uv": [0, 1.5, 0.5, 1.625], "rotation": 270, "texture": "#0"},
				"south": {"uv": [0.875, 1.5, 0.5, 1], "texture": "#0"},
				"west": {"uv": [0.875, 1.5, 1.375, 1.625], "rotation": 90, "texture": "#0"},
				"up": {"uv": [0.5, 1.5, 0.875, 1.625], "rotation": 180, "texture": "#0"},
				"down": {"uv": [1.375, 1.5, 1.75, 1.625], "texture": "#0"}
			}
		},
		{
			"from": [13.47154, 12.26, 8.01],
			"to": [16.45154, 16.24, 8.99],
			"rotation": {"angle": -45, "axis": "z", "origin": [10.46154, 16.25, 8]},
			"faces": {
				"north": {"uv": [4.625, 1.875, 4.25, 2.375], "rotation": 180, "texture": "#0"},
				"east": {"uv": [3.375, 2.375, 3.875, 2.5], "rotation": 270, "texture": "#0"},
				"south": {"uv": [4.25, 2.375, 3.875, 1.875], "texture": "#0"},
				"west": {"uv": [4.25, 2.375, 4.75, 2.5], "rotation": 90, "texture": "#0"},
				"up": {"uv": [3.875, 2.375, 4.25, 2.5], "rotation": 180, "texture": "#0"},
				"down": {"uv": [4.75, 2.375, 5.125, 2.5], "texture": "#0"}
			}
		},
		{
			"from": [13.47154, 17.26, 8.01],
			"to": [16.45154, 21.24, 8.99],
			"rotation": {"angle": 45, "axis": "z", "origin": [10.46154, 17.25, 8]},
			"faces": {
				"north": {"uv": [2.5, 7, 2.125, 7.5], "rotation": 180, "texture": "#0"},
				"east": {"uv": [1.25, 7.5, 1.75, 7.625], "rotation": 270, "texture": "#0"},
				"south": {"uv": [2.125, 7.5, 1.75, 7], "texture": "#0"},
				"west": {"uv": [2.125, 7.5, 2.625, 7.625], "rotation": 90, "texture": "#0"},
				"up": {"uv": [1.75, 7.5, 2.125, 7.625], "rotation": 180, "texture": "#0"},
				"down": {"uv": [2.625, 7.5, 3, 7.625], "texture": "#0"}
			}
		},
		{
			"from": [4.95154, 10.74, 7.99],
			"to": [11.97154, 24.76, 9.01],
			"rotation": {"angle": 0, "axis": "x", "origin": [2.46154, 7.25, 5]},
			"faces": {
				"north": {"uv": [3.5, 0, 2.625, 1.75], "rotation": 180, "texture": "#0"},
				"east": {"uv": [0, 1.75, 1.75, 1.875], "rotation": 270, "texture": "#0"},
				"south": {"uv": [2.625, 1.75, 1.75, 0], "texture": "#0"},
				"west": {"uv": [2.625, 1.75, 4.375, 1.875], "rotation": 90, "texture": "#0"},
				"up": {"uv": [1.75, 1.75, 2.625, 1.875], "rotation": 180, "texture": "#0"},
				"down": {"uv": [4.375, 1.75, 5.25, 1.875], "texture": "#0"}
			}
		},
		{
			"from": [0.47154, 17.26, 8.01],
			"to": [3.45154, 21.24, 8.99],
			"rotation": {"angle": -45, "axis": "z", "origin": [6.46154, 17.25, 8]},
			"faces": {
				"north": {"uv": [7.5, 4.125, 7.125, 4.625], "rotation": 180, "texture": "#0"},
				"east": {"uv": [6.25, 4.625, 6.75, 4.75], "rotation": 270, "texture": "#0"},
				"south": {"uv": [7.125, 4.625, 6.75, 4.125], "texture": "#0"},
				"west": {"uv": [7.125, 4.625, 7.625, 4.75], "rotation": 90, "texture": "#0"},
				"up": {"uv": [6.75, 4.625, 7.125, 4.75], "rotation": 180, "texture": "#0"},
				"down": {"uv": [7.625, 4.625, 8, 4.75], "texture": "#0"}
			}
		},
		{
			"from": [2.46154, 12.25, 8],
			"to": [14.46154, 21.25, 9],
			"rotation": {"angle": 0, "axis": "x", "origin": [2.46154, 7.25, 5]},
			"faces": {
				"north": {"uv": [7.625, 0, 6.125, 1.125], "rotation": 180, "texture": "#0"},
				"east": {"uv": [3.5, 1.125, 4.625, 1.25], "rotation": 270, "texture": "#0"},
				"south": {"uv": [6.125, 1.125, 4.625, 0], "texture": "#0"},
				"west": {"uv": [6.125, 1.125, 7.25, 1.25], "rotation": 90, "texture": "#0"},
				"up": {"uv": [4.625, 1.125, 6.125, 1.25], "rotation": 180, "texture": "#0"},
				"down": {"uv": [7.25, 1.125, 8.75, 1.25], "texture": "#0"}
			}
		},
		{
			"from": [2.47154, 9.26, 8.01],
			"to": [5.45154, 10.24, 11.99],
			"rotation": {"angle": 0, "axis": "y", "origin": [2.46154, 6.25, 8]},
			"faces": {
				"north": {"uv": [3.5, 7.5, 3.875, 7.625], "texture": "#0"},
				"east": {"uv": [3, 7.5, 3.5, 7.625], "texture": "#0"},
				"south": {"uv": [4.375, 7.5, 4.75, 7.625], "texture": "#0"},
				"west": {"uv": [3.875, 7.5, 4.375, 7.625], "texture": "#0"},
				"up": {"uv": [3.875, 7.5, 3.5, 7], "texture": "#0"},
				"down": {"uv": [4.25, 7, 3.875, 7.5], "texture": "#0"}
			}
		},
		{
			"from": [11.47154, 9.26, 8.01],
			"to": [14.45154, 10.24, 11.99],
			"rotation": {"angle": 0, "axis": "y", "origin": [14.46154, 6.25, 8]},
			"faces": {
				"north": {"uv": [7.5, 1.75, 7.875, 1.875], "texture": "#0"},
				"east": {"uv": [7, 1.75, 7.5, 1.875], "texture": "#0"},
				"south": {"uv": [8.375, 1.75, 8.75, 1.875], "texture": "#0"},
				"west": {"uv": [7.875, 1.75, 8.375, 1.875], "texture": "#0"},
				"up": {"uv": [7.875, 1.75, 7.5, 1.25], "texture": "#0"},
				"down": {"uv": [8.25, 1.25, 7.875, 1.75], "texture": "#0"}
			}
		},
		{
			"from": [11.46154, 9.25, -1],
			"to": [14.46154, 10.25, 8],
			"rotation": {"angle": 0, "axis": "y", "origin": [13.46154, 6.25, 0]},
			"faces": {
				"north": {"uv": [6, 6.5, 6.375, 6.625], "texture": "#0"},
				"east": {"uv": [4.875, 6.5, 6, 6.625], "texture": "#0"},
				"south": {"uv": [7.5, 6.5, 7.875, 6.625], "texture": "#0"},
				"west": {"uv": [6.375, 6.5, 7.5, 6.625], "texture": "#0"},
				"up": {"uv": [6.375, 6.5, 6, 5.375], "texture": "#0"},
				"down": {"uv": [6.75, 5.375, 6.375, 6.5], "texture": "#0"}
			}
		},
		{
			"from": [10.97154, 9.26, -2.29],
			"to": [13.95154, 10.24, 1.69],
			"rotation": {"angle": 22.5, "axis": "y", "origin": [7.96154, 5, -0.3]},
			"faces": {
				"north": {"uv": [7.5, 2.375, 7.875, 2.5], "texture": "#0"},
				"east": {"uv": [7, 2.375, 7.5, 2.5], "texture": "#0"},
				"south": {"uv": [8.375, 2.375, 8.75, 2.5], "texture": "#0"},
				"west": {"uv": [7.875, 2.375, 8.375, 2.5], "texture": "#0"},
				"up": {"uv": [7.875, 2.375, 7.5, 1.875], "texture": "#0"},
				"down": {"uv": [8.25, 1.875, 7.875, 2.375], "texture": "#0"}
			}
		},
		{
			"from": [4.96154, 9.25, -4.5],
			"to": [11.96154, 10.25, -2.5],
			"rotation": {"angle": 0, "axis": "y", "origin": [11.96154, 6.25, -3.5]},
			"faces": {
				"north": {"uv": [4.5, 3.125, 5.375, 3.25], "texture": "#0"},
				"east": {"uv": [4.25, 3.125, 4.5, 3.25], "texture": "#0"},
				"south": {"uv": [5.625, 3.125, 6.5, 3.25], "texture": "#0"},
				"west": {"uv": [5.375, 3.125, 5.625, 3.25], "texture": "#0"},
				"up": {"uv": [5.375, 3.125, 4.5, 2.875], "texture": "#0"},
				"down": {"uv": [6.25, 2.875, 5.375, 3.125], "texture": "#0"}
			}
		},
		{
			"from": [2.97154, 9.26, -2.29],
			"to": [5.95154, 10.24, 1.69],
			"rotation": {"angle": -22.5, "axis": "y", "origin": [8.96154, 5, -0.3]},
			"faces": {
				"north": {"uv": [7.625, 7.625, 8, 7.75], "texture": "#0"},
				"east": {"uv": [7.125, 7.625, 7.625, 7.75], "texture": "#0"},
				"south": {"uv": [8.5, 7.625, 8.875, 7.75], "texture": "#0"},
				"west": {"uv": [8, 7.625, 8.5, 7.75], "texture": "#0"},
				"up": {"uv": [8, 7.625, 7.625, 7.125], "texture": "#0"},
				"down": {"uv": [8.375, 7.125, 8, 7.625], "texture": "#0"}
			}
		},
		{
			"from": [2.46154, 9.25, -1],
			"to": [5.46154, 10.25, 8],
			"rotation": {"angle": 0, "axis": "y", "origin": [3.46154, 6.25, 0]},
			"faces": {
				"north": {"uv": [7.375, 4, 7.75, 4.125], "texture": "#0"},
				"east": {"uv": [6.25, 4, 7.375, 4.125], "texture": "#0"},
				"south": {"uv": [8.875, 4, 9.25, 4.125], "texture": "#0"},
				"west": {"uv": [7.75, 4, 8.875, 4.125], "texture": "#0"},
				"up": {"uv": [7.75, 4, 7.375, 2.875], "texture": "#0"},
				"down": {"uv": [8.125, 2.875, 7.75, 4], "texture": "#0"}
			}
		},
		{
			"from": [4.46154, 6.25, 0],
			"to": [12.46154, 6.25, 10],
			"rotation": {"angle": 0, "axis": "y", "origin": [8.46154, 6.25, 1]},
			"faces": {
				"north": {"uv": [1.25, 8.875, 2.25, 8.875], "texture": "#0"},
				"east": {"uv": [0, 8.875, 1.25, 8.875], "texture": "#0"},
				"south": {"uv": [3.5, 8.875, 4.5, 8.875], "texture": "#0"},
				"west": {"uv": [2.25, 8.875, 3.5, 8.875], "texture": "#0"},
				"up": {"uv": [2.25, 8.875, 1.25, 7.625], "texture": "#0"},
				"down": {"uv": [3.25, 7.625, 2.25, 8.875], "texture": "#0"}
			}
		}
	],
	"gui_light": "front",
	"display": {
		"firstperson_righthand": {
			"scale": [0.5, 0.5, 0.5]
		},
		"firstperson_lefthand": {
			"scale": [0.5, 0.5, 0.5]
		},
		"gui": {
			"rotation": [20, -139, 0],
			"translation": [-0.25, -1.75, 0],
			"scale": [0.7, 0.7, 0.7]
		},
		"head": {
			"translation": [0, -27.25, 0],
			"scale": [2, 2, 2]
		}
	},
	"groups": [
		{
			"name": "Toilet",
			"origin": [0, 5, -4],
			"children": [0, 1, 2, 3, 4, 5, 6, 7, 8, 9, 10, 11,
				{
					"name": "lid",
					"origin": [0, 10.25, 3],
					"children": [12, 13, 14, 15, 16, 17]
				},
				{
					"name": "seat",
					"origin": [-5, 6.25, -5],
					"children": [18, 19, 20, 21, 22, 23, 24]
				},
				{
					"name": "water",
					"origin": [0, 6.25, -4],
					"children": [25]
				}
			]
		}
	]
}