{
    "parent": "item/handheld",
    "textures": {
        "layer0": "item/diamond_shovel"
    },
        "overrides": [
				{ "predicate": { "damaged": 0, "damage": 0.00064061499}, "model": "item/tools/multitool"},
				{ "predicate": { "damaged": 0, "damage": 0.05185659411}, "model": "item/tools/emerald_shovel"},
				{ "predicate": {"damaged": 1}, "model": "item/diamond_shovel"},
  				{ "predicate": {"custom_model_data": 100001}, "model": "item/cybermonday_crate/cybershovel"},
  				{ "predicate": {"custom_model_data": 100002}, "model": "item/newyear20_crate/shovel"},
  				{ "predicate": {"custom_model_data": 100010}, "model": "item/christmas20_crate/multitool20"}

        ]
}