{
    "parent": "item/handheld",
    "textures": {
        "layer0": "item/diamond_axe"
    },
        "overrides": [
                { "predicate": { "damaged": 0, "damage": 0.00064061499}, "model": "item/tools/multitool"},
                { "predicate": { "damaged": 0, "damage": 0.0480461242793081}, "model": "item/tools/cupidaxe"},
                { "predicate": { "damaged": 0, "damage": 0.05825864276}, "model": "item/tools/hammer_3"},
                { "predicate": { "damaged": 0, "damage": 0.06466069142}, "model": "item/tools/magical_ice_axe"},
                { "predicate": {"damaged": 1}, "model": "item/diamond_axe"},
  		{ "predicate": {"custom_model_data": 100001}, "model": "item/thanksgiving20_crate/fork"},
  		{ "predicate": {"custom_model_data": 100002}, "model": "item/cybermonday_crate/cyberaxe"},
  		{ "predicate": {"custom_model_data": 100003}, "model": "item/misc/gorillaclub"},
  		{ "predicate": {"custom_model_data": 100004}, "model": "item/newyear20_crate/axe"},
  		{ "predicate": {"custom_model_data": 100005}, "model": "item/valentine20_crate/staff"},		
  		{ "predicate": {"custom_model_data": 100010}, "model": "item/christmas20_crate/multitool20"}

        ]
}