{
  "parent": "item/generated",
  "textures": {
    "layer0": "item/leather_horse_armor"
  },
  "overrides": [
    {
      "predicate": {
        "custom_model_data": 1
      },
      "model": "manamodels:daza/main"
    },
    {
      "predicate": {
        "custom_model_data": 2
      },
      "model": "manamodels:daza/head"
    },
    {
      "predicate": {
        "custom_model_data": 3
      },
      "model": "manamodels:daza/crown"
    },
    {
      "predicate": {
        "custom_model_data": 4
      },
      "model": "manamodels:daza/eyes"
    },
    {
      "predicate": {
        "custom_model_data": 5
      },
      "model": "manamodels:daza/body"
    },
    {
      "predicate": {
        "custom_model_data": 6
      },
      "model": "manamodels:daza/necklace"
    },
    {
      "predicate": {
        "custom_model_data": 7
      },
      "model": "manamodels:daza/stomach"
    },
    {
      "predicate": {
        "custom_model_data": 8
      },
      "model": "manamodels:daza/belt"
    },
    {
      "predicate": {
        "custom_model_data": 9
      },
      "model": "manamodels:daza/right_arm"
    },
    {
      "predicate": {
        "custom_model_data": 10
      },
      "model": "manamodels:daza/left_arm"
    },
    {
      "predicate": {
        "custom_model_data": 11
      },
      "model": "manamodels:daza/crosier"
    },
    {
      "predicate": {
        "custom_model_data": 12
      },
      "model": "manamodels:daza/crystal"
    },
    {
      "predicate": {
        "custom_model_data": 13
      },
      "model": "manamodels:daza/bone2"
    },
    {
      "predicate": {
        "custom_model_data": 14
      },
      "model": "manamodels:daza/left_leg"
    },
    {
      "predicate": {
        "custom_model_data": 15
      },
      "model": "manamodels:daza/right_leg"
    },
    {
      "predicate": {
        "custom_model_data": 16
      },
      "model": "manamodels:dragon/mini_flying_dragon_root"
    },
    {
      "predicate": {
        "custom_model_data": 17
      },
      "model": "manamodels:dragon/torso"
    },
    {
      "predicate": {
        "custom_model_data": 18
      },
      "model": "manamodels:dragon/neck1"
    },
    {
      "predicate": {
        "custom_model_data": 19
      },
      "model": "manamodels:dragon/neck2"
    },
    {
      "predicate": {
        "custom_model_data": 20
      },
      "model": "manamodels:dragon/neck3"
    },
    {
      "predicate": {
        "custom_model_data": 21
      },
      "model": "manamodels:dragon/neck4"
    },
    {
      "predicate": {
        "custom_model_data": 22
      },
      "model": "manamodels:dragon/neck5"
    },
    {
      "predicate": {
        "custom_model_data": 23
      },
      "model": "manamodels:dragon/neck6"
    },
    {
      "predicate": {
        "custom_model_data": 24
      },
      "model": "manamodels:dragon/neck7"
    },
    {
      "predicate": {
        "custom_model_data": 25
      },
      "model": "manamodels:dragon/neck8"
    },
    {
      "predicate": {
        "custom_model_data": 26
      },
      "model": "manamodels:dragon/neck9"
    },
    {
      "predicate": {
        "custom_model_data": 27
      },
      "model": "manamodels:dragon/head"
    },
    {
      "predicate": {
        "custom_model_data": 28
      },
      "model": "manamodels:dragon/jaw"
    },
    {
      "predicate": {
        "custom_model_data": 29
      },
      "model": "manamodels:dragon/facialfans_right"
    },
    {
      "predicate": {
        "custom_model_data": 30
      },
      "model": "manamodels:dragon/facialfans_left"
    },
    {
      "predicate": {
        "custom_model_data": 31
      },
      "model": "manamodels:dragon/hornbase_right"
    },
    {
      "predicate": {
        "custom_model_data": 32
      },
      "model": "manamodels:dragon/horn1_right"
    },
    {
      "predicate": {
        "custom_model_data": 33
      },
      "model": "manamodels:dragon/horn2_right"
    },
    {
      "predicate": {
        "custom_model_data": 34
      },
      "model": "manamodels:dragon/horn3_right"
    },
    {
      "predicate": {
        "custom_model_data": 35
      },
      "model": "manamodels:dragon/hornbase_left"
    },
    {
      "predicate": {
        "custom_model_data": 36
      },
      "model": "manamodels:dragon/horn1_left"
    },
    {
      "predicate": {
        "custom_model_data": 37
      },
      "model": "manamodels:dragon/horn2_left"
    },
    {
      "predicate": {
        "custom_model_data": 38
      },
      "model": "manamodels:dragon/horn3_left"
    },
    {
      "predicate": {
        "custom_model_data": 39
      },
      "model": "manamodels:dragon/upperarm_right"
    },
    {
      "predicate": {
        "custom_model_data": 40
      },
      "model": "manamodels:dragon/lowerarm_right"
    },
    {
      "predicate": {
        "custom_model_data": 41
      },
      "model": "manamodels:dragon/foot_right"
    },
    {
      "predicate": {
        "custom_model_data": 42
      },
      "model": "manamodels:dragon/upperarm_left"
    },
    {
      "predicate": {
        "custom_model_data": 43
      },
      "model": "manamodels:dragon/lowerarm_left"
    },
    {
      "predicate": {
        "custom_model_data": 44
      },
      "model": "manamodels:dragon/foot_left"
    },
    {
      "predicate": {
        "custom_model_data": 45
      },
      "model": "manamodels:dragon/back_upperarm_right"
    },
    {
      "predicate": {
        "custom_model_data": 46
      },
      "model": "manamodels:dragon/back_lowerarm_right"
    },
    {
      "predicate": {
        "custom_model_data": 47
      },
      "model": "manamodels:dragon/back_foot_right"
    },
    {
      "predicate": {
        "custom_model_data": 48
      },
      "model": "manamodels:dragon/back_upperarm_left"
    },
    {
      "predicate": {
        "custom_model_data": 49
      },
      "model": "manamodels:dragon/back_lowerarm_left"
    },
    {
      "predicate": {
        "custom_model_data": 50
      },
      "model": "manamodels:dragon/back_foot_left"
    },
    {
      "predicate": {
        "custom_model_data": 51
      },
      "model": "manamodels:dragon/wingbase_right"
    },
    {
      "predicate": {
        "custom_model_data": 52
      },
      "model": "manamodels:dragon/wingbase2_right"
    },
    {
      "predicate": {
        "custom_model_data": 53
      },
      "model": "manamodels:dragon/wingtop1_right"
    },
    {
      "predicate": {
        "custom_model_data": 54
      },
      "model": "manamodels:dragon/wingtop2_right"
    },
    {
      "predicate": {
        "custom_model_data": 55
      },
      "model": "manamodels:dragon/wingtop3_right"
    },
    {
      "predicate": {
        "custom_model_data": 56
      },
      "model": "manamodels:dragon/wingtop4_right"
    },
    {
      "predicate": {
        "custom_model_data": 57
      },
      "model": "manamodels:dragon/wingtop5_right"
    },
    {
      "predicate": {
        "custom_model_data": 58
      },
      "model": "manamodels:dragon/wingtop6_right"
    },
    {
      "predicate": {
        "custom_model_data": 59
      },
      "model": "manamodels:dragon/wingtop7_right"
    },
    {
      "predicate": {
        "custom_model_data": 60
      },
      "model": "manamodels:dragon/wingtop8_right"
    },
    {
      "predicate": {
        "custom_model_data": 61
      },
      "model": "manamodels:dragon/wingbase_left"
    },
    {
      "predicate": {
        "custom_model_data": 62
      },
      "model": "manamodels:dragon/wingbase2_left"
    },
    {
      "predicate": {
        "custom_model_data": 63
      },
      "model": "manamodels:dragon/wingtop1_left"
    },
    {
      "predicate": {
        "custom_model_data": 64
      },
      "model": "manamodels:dragon/wingtop2_left"
    },
    {
      "predicate": {
        "custom_model_data": 65
      },
      "model": "manamodels:dragon/wingtop3_left"
    },
    {
      "predicate": {
        "custom_model_data": 66
      },
      "model": "manamodels:dragon/wingtop4_left"
    },
    {
      "predicate": {
        "custom_model_data": 67
      },
      "model": "manamodels:dragon/wingtop5_left"
    },
    {
      "predicate": {
        "custom_model_data": 68
      },
      "model": "manamodels:dragon/wingtop6_left"
    },
    {
      "predicate": {
        "custom_model_data": 69
      },
      "model": "manamodels:dragon/wingtop7_left"
    },
    {
      "predicate": {
        "custom_model_data": 70
      },
      "model": "manamodels:dragon/wingtop8_left"
    },
    {
      "predicate": {
        "custom_model_data": 71
      },
      "model": "manamodels:dragon/tail1"
    },
    {
      "predicate": {
        "custom_model_data": 72
      },
      "model": "manamodels:dragon/tail2"
    },
    {
      "predicate": {
        "custom_model_data": 73
      },
      "model": "manamodels:dragon/tail3"
    },
    {
      "predicate": {
        "custom_model_data": 74
      },
      "model": "manamodels:dragon/tail4"
    },
    {
      "predicate": {
        "custom_model_data": 75
      },
      "model": "manamodels:dragon/tail5"
    },
    {
      "predicate": {
        "custom_model_data": 76
      },
      "model": "manamodels:dragon/tail6"
    },
    {
      "predicate": {
        "custom_model_data": 77
      },
      "model": "manamodels:dragon/tail7"
    },
    {
      "predicate": {
        "custom_model_data": 78
      },
      "model": "manamodels:dwarf/head"
    },
    {
      "predicate": {
        "custom_model_data": 79
      },
      "model": "manamodels:dwarf/beard"
    },
    {
      "predicate": {
        "custom_model_data": 80
      },
      "model": "manamodels:dwarf/body"
    },
    {
      "predicate": {
        "custom_model_data": 81
      },
      "model": "manamodels:dwarf/torso"
    },
    {
      "predicate": {
        "custom_model_data": 82
      },
      "model": "manamodels:dwarf/leftleg"
    },
    {
      "predicate": {
        "custom_model_data": 83
      },
      "model": "manamodels:dwarf/leftleg2"
    },
    {
      "predicate": {
        "custom_model_data": 84
      },
      "model": "manamodels:dwarf/rightarm"
    },
    {
      "predicate": {
        "custom_model_data": 85
      },
      "model": "manamodels:dwarf/leftarm"
    },
    {
      "predicate": {
        "custom_model_data": 86
      },
      "model": "manamodels:dwarf/chest"
    },
    {
      "predicate": {
        "custom_model_data": 87
      },
      "model": "manamodels:golem/lavagolem_root"
    },
    {
      "predicate": {
        "custom_model_data": 88
      },
      "model": "manamodels:golem/torso"
    },
    {
      "predicate": {
        "custom_model_data": 89
      },
      "model": "manamodels:golem/chest"
    },
    {
      "predicate": {
        "custom_model_data": 90
      },
      "model": "manamodels:golem/shoulder_left"
    },
    {
      "predicate": {
        "custom_model_data": 91
      },
      "model": "manamodels:golem/upperarm_left"
    },
    {
      "predicate": {
        "custom_model_data": 92
      },
      "model": "manamodels:golem/midarmjoint1_left"
    },
    {
      "predicate": {
        "custom_model_data": 93
      },
      "model": "manamodels:golem/midarmjoint2_left"
    },
    {
      "predicate": {
        "custom_model_data": 94
      },
      "model": "manamodels:golem/midarmjoint3_left"
    },
    {
      "predicate": {
        "custom_model_data": 95
      },
      "model": "manamodels:golem/lowerarm_left"
    },
    {
      "predicate": {
        "custom_model_data": 96
      },
      "model": "manamodels:golem/shoulder_right"
    },
    {
      "predicate": {
        "custom_model_data": 97
      },
      "model": "manamodels:golem/upperarm_right"
    },
    {
      "predicate": {
        "custom_model_data": 98
      },
      "model": "manamodels:golem/midarmjoint1_right"
    },
    {
      "predicate": {
        "custom_model_data": 99
      },
      "model": "manamodels:golem/midarmjoint2_right"
    },
    {
      "predicate": {
        "custom_model_data": 100
      },
      "model": "manamodels:golem/midarmjoint3_right"
    },
    {
      "predicate": {
        "custom_model_data": 101
      },
      "model": "manamodels:golem/lowerarm_right"
    },
    {
      "predicate": {
        "custom_model_data": 102
      },
      "model": "manamodels:golem/head"
    },
    {
      "predicate": {
        "custom_model_data": 103
      },
      "model": "manamodels:golem/horn1_right"
    },
    {
      "predicate": {
        "custom_model_data": 104
      },
      "model": "manamodels:golem/horn2_right"
    },
    {
      "predicate": {
        "custom_model_data": 105
      },
      "model": "manamodels:golem/horn3_right"
    },
    {
      "predicate": {
        "custom_model_data": 106
      },
      "model": "manamodels:golem/horn4_right"
    },
    {
      "predicate": {
        "custom_model_data": 107
      },
      "model": "manamodels:golem/horn1_left"
    },
    {
      "predicate": {
        "custom_model_data": 108
      },
      "model": "manamodels:golem/horn2_left"
    },
    {
      "predicate": {
        "custom_model_data": 109
      },
      "model": "manamodels:golem/horn3_left"
    },
    {
      "predicate": {
        "custom_model_data": 110
      },
      "model": "manamodels:golem/horn4_left"
    },
    {
      "predicate": {
        "custom_model_data": 111
      },
      "model": "manamodels:golem/leg_right"
    },
    {
      "predicate": {
        "custom_model_data": 112
      },
      "model": "manamodels:golem/leg_left"
    },
    {
      "predicate": {
        "custom_model_data": 113
      },
      "model": "manamodels:gorilla/angry_gorilla_root"
    },
    {
      "predicate": {
        "custom_model_data": 114
      },
      "model": "manamodels:gorilla/torso"
    },
    {
      "predicate": {
        "custom_model_data": 115
      },
      "model": "manamodels:gorilla/head"
    },
    {
      "predicate": {
        "custom_model_data": 116
      },
      "model": "manamodels:gorilla/forehead"
    },
    {
      "predicate": {
        "custom_model_data": 117
      },
      "model": "manamodels:gorilla/upperarm_right"
    },
    {
      "predicate": {
        "custom_model_data": 118
      },
      "model": "manamodels:gorilla/lowerarm_right"
    },
    {
      "predicate": {
        "custom_model_data": 119
      },
      "model": "manamodels:gorilla/upperarm_left"
    },
    {
      "predicate": {
        "custom_model_data": 120
      },
      "model": "manamodels:gorilla/lowerarm_left"
    },
    {
      "predicate": {
        "custom_model_data": 121
      },
      "model": "manamodels:gorilla/hips"
    },
    {
      "predicate": {
        "custom_model_data": 122
      },
      "model": "manamodels:gorilla/leg_right"
    },
    {
      "predicate": {
        "custom_model_data": 123
      },
      "model": "manamodels:gorilla/leg_left"
    },
    {
      "predicate": {
        "custom_model_data": 124
      },
      "model": "manamodels:hound/bulldog_cerberus_root"
    },
    {
      "predicate": {
        "custom_model_data": 125
      },
      "model": "manamodels:hound/torso"
    },
    {
      "predicate": {
        "custom_model_data": 126
      },
      "model": "manamodels:hound/head1"
    },
    {
      "predicate": {
        "custom_model_data": 127
      },
      "model": "manamodels:hound/jaw_head1"
    },
    {
      "predicate": {
        "custom_model_data": 128
      },
      "model": "manamodels:hound/ear1_head"
    },
    {
      "predicate": {
        "custom_model_data": 129
      },
      "model": "manamodels:hound/ear1_head2"
    },
    {
      "predicate": {
        "custom_model_data": 130
      },
      "model": "manamodels:hound/head2"
    },
    {
      "predicate": {
        "custom_model_data": 131
      },
      "model": "manamodels:hound/jaw_head2"
    },
    {
      "predicate": {
        "custom_model_data": 132
      },
      "model": "manamodels:hound/ear1_head3"
    },
    {
      "predicate": {
        "custom_model_data": 133
      },
      "model": "manamodels:hound/ear1_head4"
    },
    {
      "predicate": {
        "custom_model_data": 134
      },
      "model": "manamodels:hound/head3"
    },
    {
      "predicate": {
        "custom_model_data": 135
      },
      "model": "manamodels:hound/jaw_head3"
    },
    {
      "predicate": {
        "custom_model_data": 136
      },
      "model": "manamodels:hound/ear1_head5"
    },
    {
      "predicate": {
        "custom_model_data": 137
      },
      "model": "manamodels:hound/ear1_head6"
    },
    {
      "predicate": {
        "custom_model_data": 138
      },
      "model": "manamodels:hound/frontleg1"
    },
    {
      "predicate": {
        "custom_model_data": 139
      },
      "model": "manamodels:hound/frontleg2"
    },
    {
      "predicate": {
        "custom_model_data": 140
      },
      "model": "manamodels:hound/backleg1"
    },
    {
      "predicate": {
        "custom_model_data": 141
      },
      "model": "manamodels:hound/backleg2"
    },
    {
      "predicate": {
        "custom_model_data": 142
      },
      "model": "manamodels:hound/tail1"
    },
    {
      "predicate": {
        "custom_model_data": 143
      },
      "model": "manamodels:hound/tail2"
    },
    {
      "predicate": {
        "custom_model_data": 144
      },
      "model": "manamodels:hound/tail3"
    },
    {
      "predicate": {
        "custom_model_data": 145
      },
      "model": "manamodels:hound/tail4"
    },
    {
      "predicate": {
        "custom_model_data": 146
      },
      "model": "manamodels:hound/tail5"
    },
    {
      "predicate": {
        "custom_model_data": 147
      },
      "model": "manamodels:kangaroo/boxer_roo_root"
    },
    {
      "predicate": {
        "custom_model_data": 148
      },
      "model": "manamodels:kangaroo/torso"
    },
    {
      "predicate": {
        "custom_model_data": 149
      },
      "model": "manamodels:kangaroo/neck"
    },
    {
      "predicate": {
        "custom_model_data": 150
      },
      "model": "manamodels:kangaroo/head"
    },
    {
      "predicate": {
        "custom_model_data": 151
      },
      "model": "manamodels:kangaroo/ear_right"
    },
    {
      "predicate": {
        "custom_model_data": 152
      },
      "model": "manamodels:kangaroo/ear_left"
    },
    {
      "predicate": {
        "custom_model_data": 153
      },
      "model": "manamodels:kangaroo/upper_arm_right"
    },
    {
      "predicate": {
        "custom_model_data": 154
      },
      "model": "manamodels:kangaroo/lower_arm_right"
    },
    {
      "predicate": {
        "custom_model_data": 155
      },
      "model": "manamodels:kangaroo/boxing_glove_right"
    },
    {
      "predicate": {
        "custom_model_data": 156
      },
      "model": "manamodels:kangaroo/upper_arm_left"
    },
    {
      "predicate": {
        "custom_model_data": 157
      },
      "model": "manamodels:kangaroo/lower_arm_left"
    },
    {
      "predicate": {
        "custom_model_data": 158
      },
      "model": "manamodels:kangaroo/boxing_glove_left"
    },
    {
      "predicate": {
        "custom_model_data": 159
      },
      "model": "manamodels:kangaroo/hips"
    },
    {
      "predicate": {
        "custom_model_data": 160
      },
      "model": "manamodels:kangaroo/leg_right"
    },
    {
      "predicate": {
        "custom_model_data": 161
      },
      "model": "manamodels:kangaroo/foot_right"
    },
    {
      "predicate": {
        "custom_model_data": 162
      },
      "model": "manamodels:kangaroo/leg_left"
    },
    {
      "predicate": {
        "custom_model_data": 163
      },
      "model": "manamodels:kangaroo/tail1"
    },
    {
      "predicate": {
        "custom_model_data": 164
      },
      "model": "manamodels:kangaroo/tail2"
    },
    {
      "predicate": {
        "custom_model_data": 165
      },
      "model": "manamodels:krykna/albino_spider_root"
    },
    {
      "predicate": {
        "custom_model_data": 166
      },
      "model": "manamodels:krykna/body_stem"
    },
    {
      "predicate": {
        "custom_model_data": 167
      },
      "model": "manamodels:krykna/mouth"
    },
    {
      "predicate": {
        "custom_model_data": 168
      },
      "model": "manamodels:krykna/eggsac"
    },
    {
      "predicate": {
        "custom_model_data": 169
      },
      "model": "manamodels:krykna/upperleg1_pivot"
    },
    {
      "predicate": {
        "custom_model_data": 170
      },
      "model": "manamodels:krykna/upperleg1"
    },
    {
      "predicate": {
        "custom_model_data": 171
      },
      "model": "manamodels:krykna/midleg1"
    },
    {
      "predicate": {
        "custom_model_data": 172
      },
      "model": "manamodels:krykna/bottomleg1"
    },
    {
      "predicate": {
        "custom_model_data": 173
      },
      "model": "manamodels:krykna/upperleg2_pivot"
    },
    {
      "predicate": {
        "custom_model_data": 174
      },
      "model": "manamodels:krykna/upperleg2"
    },
    {
      "predicate": {
        "custom_model_data": 175
      },
      "model": "manamodels:krykna/midleg2"
    },
    {
      "predicate": {
        "custom_model_data": 176
      },
      "model": "manamodels:krykna/bottomleg2"
    },
    {
      "predicate": {
        "custom_model_data": 177
      },
      "model": "manamodels:krykna/upperleg3_pivot"
    },
    {
      "predicate": {
        "custom_model_data": 178
      },
      "model": "manamodels:krykna/upperleg3"
    },
    {
      "predicate": {
        "custom_model_data": 179
      },
      "model": "manamodels:krykna/midleg3"
    },
    {
      "predicate": {
        "custom_model_data": 180
      },
      "model": "manamodels:krykna/bottomleg3"
    },
    {
      "predicate": {
        "custom_model_data": 181
      },
      "model": "manamodels:krykna/upperleg4_pivot"
    },
    {
      "predicate": {
        "custom_model_data": 182
      },
      "model": "manamodels:krykna/upperleg4"
    },
    {
      "predicate": {
        "custom_model_data": 183
      },
      "model": "manamodels:krykna/midleg4"
    },
    {
      "predicate": {
        "custom_model_data": 184
      },
      "model": "manamodels:krykna/bottomleg4"
    },
    {
      "predicate": {
        "custom_model_data": 185
      },
      "model": "manamodels:krykna/upperleg5_pivot"
    },
    {
      "predicate": {
        "custom_model_data": 186
      },
      "model": "manamodels:krykna/upperleg5"
    },
    {
      "predicate": {
        "custom_model_data": 187
      },
      "model": "manamodels:krykna/midleg5"
    },
    {
      "predicate": {
        "custom_model_data": 188
      },
      "model": "manamodels:krykna/bottomleg5"
    },
    {
      "predicate": {
        "custom_model_data": 189
      },
      "model": "manamodels:krykna/upperleg6_pivot"
    },
    {
      "predicate": {
        "custom_model_data": 190
      },
      "model": "manamodels:krykna/upperleg6"
    },
    {
      "predicate": {
        "custom_model_data": 191
      },
      "model": "manamodels:krykna/midleg6"
    },
    {
      "predicate": {
        "custom_model_data": 192
      },
      "model": "manamodels:krykna/bottomleg6"
    },
    {
      "predicate": {
        "custom_model_data": 193
      },
      "model": "manamodels:mage/skeletal_mage_root"
    },
    {
      "predicate": {
        "custom_model_data": 194
      },
      "model": "manamodels:mage/torso"
    },
    {
      "predicate": {
        "custom_model_data": 195
      },
      "model": "manamodels:mage/head"
    },
    {
      "predicate": {
        "custom_model_data": 196
      },
      "model": "manamodels:mage/horn1_right"
    },
    {
      "predicate": {
        "custom_model_data": 197
      },
      "model": "manamodels:mage/horn2_right"
    },
    {
      "predicate": {
        "custom_model_data": 198
      },
      "model": "manamodels:mage/horn3_right"
    },
    {
      "predicate": {
        "custom_model_data": 199
      },
      "model": "manamodels:mage/horn1_left"
    },
    {
      "predicate": {
        "custom_model_data": 200
      },
      "model": "manamodels:mage/horn2_left"
    },
    {
      "predicate": {
        "custom_model_data": 201
      },
      "model": "manamodels:mage/horn3_left"
    },
    {
      "predicate": {
        "custom_model_data": 202
      },
      "model": "manamodels:mage/knot"
    },
    {
      "predicate": {
        "custom_model_data": 203
      },
      "model": "manamodels:mage/knot2"
    },
    {
      "predicate": {
        "custom_model_data": 204
      },
      "model": "manamodels:mage/knot3"
    },
    {
      "predicate": {
        "custom_model_data": 205
      },
      "model": "manamodels:mage/knot4"
    },
    {
      "predicate": {
        "custom_model_data": 206
      },
      "model": "manamodels:mage/upperarm_right"
    },
    {
      "predicate": {
        "custom_model_data": 207
      },
      "model": "manamodels:mage/lowerarm_right"
    },
    {
      "predicate": {
        "custom_model_data": 208
      },
      "model": "manamodels:mage/hand"
    },
    {
      "predicate": {
        "custom_model_data": 209
      },
      "model": "manamodels:mage/finger_lower1_right"
    },
    {
      "predicate": {
        "custom_model_data": 210
      },
      "model": "manamodels:mage/finger_upper1_right"
    },
    {
      "predicate": {
        "custom_model_data": 211
      },
      "model": "manamodels:mage/finger_lower2_right"
    },
    {
      "predicate": {
        "custom_model_data": 212
      },
      "model": "manamodels:mage/finger_upper2_right"
    },
    {
      "predicate": {
        "custom_model_data": 213
      },
      "model": "manamodels:mage/finger_lower3_right"
    },
    {
      "predicate": {
        "custom_model_data": 214
      },
      "model": "manamodels:mage/finger_upper3_right"
    },
    {
      "predicate": {
        "custom_model_data": 215
      },
      "model": "manamodels:mage/finger_lower4_right"
    },
    {
      "predicate": {
        "custom_model_data": 216
      },
      "model": "manamodels:mage/finger_upper4_right"
    },
    {
      "predicate": {
        "custom_model_data": 217
      },
      "model": "manamodels:mage/thumb_lower1_right"
    },
    {
      "predicate": {
        "custom_model_data": 218
      },
      "model": "manamodels:mage/thumb_upper1_right"
    },
    {
      "predicate": {
        "custom_model_data": 219
      },
      "model": "manamodels:mage/upperarm_left"
    },
    {
      "predicate": {
        "custom_model_data": 220
      },
      "model": "manamodels:mage/lowerarm_left"
    },
    {
      "predicate": {
        "custom_model_data": 221
      },
      "model": "manamodels:mage/hand2"
    },
    {
      "predicate": {
        "custom_model_data": 222
      },
      "model": "manamodels:mage/finger_lower1_left"
    },
    {
      "predicate": {
        "custom_model_data": 223
      },
      "model": "manamodels:mage/finger_upper1_left"
    },
    {
      "predicate": {
        "custom_model_data": 224
      },
      "model": "manamodels:mage/finger_lower_left2"
    },
    {
      "predicate": {
        "custom_model_data": 225
      },
      "model": "manamodels:mage/finger_upper_left2"
    },
    {
      "predicate": {
        "custom_model_data": 226
      },
      "model": "manamodels:mage/finger_lower3_left"
    },
    {
      "predicate": {
        "custom_model_data": 227
      },
      "model": "manamodels:mage/finger_upper3_left"
    },
    {
      "predicate": {
        "custom_model_data": 228
      },
      "model": "manamodels:mage/finger_lower4_left"
    },
    {
      "predicate": {
        "custom_model_data": 229
      },
      "model": "manamodels:mage/finger_upper4_left"
    },
    {
      "predicate": {
        "custom_model_data": 230
      },
      "model": "manamodels:mage/thumb_lower1_left"
    },
    {
      "predicate": {
        "custom_model_data": 231
      },
      "model": "manamodels:mage/thumb_upper1_left"
    },
    {
      "predicate": {
        "custom_model_data": 232
      },
      "model": "manamodels:mage/hips"
    },
    {
      "predicate": {
        "custom_model_data": 233
      },
      "model": "manamodels:mage/hip2"
    },
    {
      "predicate": {
        "custom_model_data": 234
      },
      "model": "manamodels:mage/cape1"
    },
    {
      "predicate": {
        "custom_model_data": 235
      },
      "model": "manamodels:mage/cape2"
    },
    {
      "predicate": {
        "custom_model_data": 236
      },
      "model": "manamodels:mage/cape3"
    },
    {
      "predicate": {
        "custom_model_data": 237
      },
      "model": "manamodels:mole/root_vile_mole"
    },
    {
      "predicate": {
        "custom_model_data": 238
      },
      "model": "manamodels:mole/torso"
    },
    {
      "predicate": {
        "custom_model_data": 239
      },
      "model": "manamodels:mole/head"
    },
    {
      "predicate": {
        "custom_model_data": 240
      },
      "model": "manamodels:mole/upperarm_right"
    },
    {
      "predicate": {
        "custom_model_data": 241
      },
      "model": "manamodels:mole/upperarm_right_pivot"
    },
    {
      "predicate": {
        "custom_model_data": 242
      },
      "model": "manamodels:mole/lowerarm_right"
    },
    {
      "predicate": {
        "custom_model_data": 243
      },
      "model": "manamodels:mole/finger1_1_right"
    },
    {
      "predicate": {
        "custom_model_data": 244
      },
      "model": "manamodels:mole/finger1_2_right"
    },
    {
      "predicate": {
        "custom_model_data": 245
      },
      "model": "manamodels:mole/finger1_3_right"
    },
    {
      "predicate": {
        "custom_model_data": 246
      },
      "model": "manamodels:mole/finger1_4_right"
    },
    {
      "predicate": {
        "custom_model_data": 247
      },
      "model": "manamodels:mole/finger2_1_right"
    },
    {
      "predicate": {
        "custom_model_data": 248
      },
      "model": "manamodels:mole/finger2_2_right"
    },
    {
      "predicate": {
        "custom_model_data": 249
      },
      "model": "manamodels:mole/finger2_3_right"
    },
    {
      "predicate": {
        "custom_model_data": 250
      },
      "model": "manamodels:mole/finger2_4_right"
    },
    {
      "predicate": {
        "custom_model_data": 251
      },
      "model": "manamodels:mole/finger3_1_right"
    },
    {
      "predicate": {
        "custom_model_data": 252
      },
      "model": "manamodels:mole/finger3_2_right"
    },
    {
      "predicate": {
        "custom_model_data": 253
      },
      "model": "manamodels:mole/finger3_3_right"
    },
    {
      "predicate": {
        "custom_model_data": 254
      },
      "model": "manamodels:mole/finger3_4_right"
    },
    {
      "predicate": {
        "custom_model_data": 255
      },
      "model": "manamodels:mole/thumb_1_right"
    },
    {
      "predicate": {
        "custom_model_data": 256
      },
      "model": "manamodels:mole/thumb_2_right"
    },
    {
      "predicate": {
        "custom_model_data": 257
      },
      "model": "manamodels:mole/thumb_3_right"
    },
    {
      "predicate": {
        "custom_model_data": 258
      },
      "model": "manamodels:mole/upperarm_left"
    },
    {
      "predicate": {
        "custom_model_data": 259
      },
      "model": "manamodels:mole/upperarm_left_pivot"
    },
    {
      "predicate": {
        "custom_model_data": 260
      },
      "model": "manamodels:mole/lowerarm_left"
    },
    {
      "predicate": {
        "custom_model_data": 261
      },
      "model": "manamodels:mole/finger1_1_left"
    },
    {
      "predicate": {
        "custom_model_data": 262
      },
      "model": "manamodels:mole/finger1_2_left"
    },
    {
      "predicate": {
        "custom_model_data": 263
      },
      "model": "manamodels:mole/finger1_3_left"
    },
    {
      "predicate": {
        "custom_model_data": 264
      },
      "model": "manamodels:mole/finger1_4_left"
    },
    {
      "predicate": {
        "custom_model_data": 265
      },
      "model": "manamodels:mole/finger2_1_left"
    },
    {
      "predicate": {
        "custom_model_data": 266
      },
      "model": "manamodels:mole/finger2_2_left"
    },
    {
      "predicate": {
        "custom_model_data": 267
      },
      "model": "manamodels:mole/finger2_3_left"
    },
    {
      "predicate": {
        "custom_model_data": 268
      },
      "model": "manamodels:mole/finger2_4_left"
    },
    {
      "predicate": {
        "custom_model_data": 269
      },
      "model": "manamodels:mole/finger3_1_left"
    },
    {
      "predicate": {
        "custom_model_data": 270
      },
      "model": "manamodels:mole/finger3_2_left"
    },
    {
      "predicate": {
        "custom_model_data": 271
      },
      "model": "manamodels:mole/finger3_3_left"
    },
    {
      "predicate": {
        "custom_model_data": 272
      },
      "model": "manamodels:mole/finger3_4_left"
    },
    {
      "predicate": {
        "custom_model_data": 273
      },
      "model": "manamodels:mole/thumb_1_left"
    },
    {
      "predicate": {
        "custom_model_data": 274
      },
      "model": "manamodels:mole/thumb_2_left"
    },
    {
      "predicate": {
        "custom_model_data": 275
      },
      "model": "manamodels:mole/thumb_3_left"
    },
    {
      "predicate": {
        "custom_model_data": 276
      },
      "model": "manamodels:mole/hips"
    },
    {
      "predicate": {
        "custom_model_data": 277
      },
      "model": "manamodels:mole/leg_right"
    },
    {
      "predicate": {
        "custom_model_data": 278
      },
      "model": "manamodels:mole/leg_left"
    },
    {
      "predicate": {
        "custom_model_data": 279
      },
      "model": "manamodels:moose/injured_moose_root"
    },
    {
      "predicate": {
        "custom_model_data": 280
      },
      "model": "manamodels:moose/torso"
    },
    {
      "predicate": {
        "custom_model_data": 281
      },
      "model": "manamodels:moose/body"
    },
    {
      "predicate": {
        "custom_model_data": 282
      },
      "model": "manamodels:moose/neck"
    },
    {
      "predicate": {
        "custom_model_data": 283
      },
      "model": "manamodels:moose/head"
    },
    {
      "predicate": {
        "custom_model_data": 284
      },
      "model": "manamodels:moose/antler1_right"
    },
    {
      "predicate": {
        "custom_model_data": 285
      },
      "model": "manamodels:moose/antler2_right"
    },
    {
      "predicate": {
        "custom_model_data": 286
      },
      "model": "manamodels:moose/antler3_right"
    },
    {
      "predicate": {
        "custom_model_data": 287
      },
      "model": "manamodels:moose/antler4_right"
    },
    {
      "predicate": {
        "custom_model_data": 288
      },
      "model": "manamodels:moose/antler5_right"
    },
    {
      "predicate": {
        "custom_model_data": 289
      },
      "model": "manamodels:moose/antler6_right"
    },
    {
      "predicate": {
        "custom_model_data": 290
      },
      "model": "manamodels:moose/antler1_left"
    },
    {
      "predicate": {
        "custom_model_data": 291
      },
      "model": "manamodels:moose/antler2_left"
    },
    {
      "predicate": {
        "custom_model_data": 292
      },
      "model": "manamodels:moose/antler3_left"
    },
    {
      "predicate": {
        "custom_model_data": 293
      },
      "model": "manamodels:moose/antler4_left"
    },
    {
      "predicate": {
        "custom_model_data": 294
      },
      "model": "manamodels:moose/antler5_left"
    },
    {
      "predicate": {
        "custom_model_data": 295
      },
      "model": "manamodels:moose/antler6_left"
    },
    {
      "predicate": {
        "custom_model_data": 296
      },
      "model": "manamodels:moose/frontleg_upper_right"
    },
    {
      "predicate": {
        "custom_model_data": 297
      },
      "model": "manamodels:moose/frontleg_mid_right"
    },
    {
      "predicate": {
        "custom_model_data": 298
      },
      "model": "manamodels:moose/frontleg_lower_right"
    },
    {
      "predicate": {
        "custom_model_data": 299
      },
      "model": "manamodels:moose/frontleg_upper_left"
    },
    {
      "predicate": {
        "custom_model_data": 300
      },
      "model": "manamodels:moose/frontleg_mid_left"
    },
    {
      "predicate": {
        "custom_model_data": 301
      },
      "model": "manamodels:moose/frontleg_lower_left"
    },
    {
      "predicate": {
        "custom_model_data": 302
      },
      "model": "manamodels:moose/backleg_upper_right"
    },
    {
      "predicate": {
        "custom_model_data": 303
      },
      "model": "manamodels:moose/backleg_mid_right"
    },
    {
      "predicate": {
        "custom_model_data": 304
      },
      "model": "manamodels:moose/backleg_lower_right"
    },
    {
      "predicate": {
        "custom_model_data": 305
      },
      "model": "manamodels:moose/backleg_foot_right"
    },
    {
      "predicate": {
        "custom_model_data": 306
      },
      "model": "manamodels:moose/backleg_upper_left"
    },
    {
      "predicate": {
        "custom_model_data": 307
      },
      "model": "manamodels:moose/backleg_mid_left"
    },
    {
      "predicate": {
        "custom_model_data": 308
      },
      "model": "manamodels:moose/backleg_lower_left"
    },
    {
      "predicate": {
        "custom_model_data": 309
      },
      "model": "manamodels:moose/backleg_foot_left"
    },
    {
      "predicate": {
        "custom_model_data": 310
      },
      "model": "manamodels:moose/tail"
    },
    {
      "predicate": {
        "custom_model_data": 311
      },
      "model": "manamodels:mummy/mummy_root"
    },
    {
      "predicate": {
        "custom_model_data": 312
      },
      "model": "manamodels:mummy/torso"
    },
    {
      "predicate": {
        "custom_model_data": 313
      },
      "model": "manamodels:mummy/bandage1"
    },
    {
      "predicate": {
        "custom_model_data": 314
      },
      "model": "manamodels:mummy/bandage2"
    },
    {
      "predicate": {
        "custom_model_data": 315
      },
      "model": "manamodels:mummy/bandage3"
    },
    {
      "predicate": {
        "custom_model_data": 316
      },
      "model": "manamodels:mummy/bandage4"
    },
    {
      "predicate": {
        "custom_model_data": 317
      },
      "model": "manamodels:mummy/head"
    },
    {
      "predicate": {
        "custom_model_data": 318
      },
      "model": "manamodels:mummy/bandage5"
    },
    {
      "predicate": {
        "custom_model_data": 319
      },
      "model": "manamodels:mummy/bandage6"
    },
    {
      "predicate": {
        "custom_model_data": 320
      },
      "model": "manamodels:mummy/bandage7"
    },
    {
      "predicate": {
        "custom_model_data": 321
      },
      "model": "manamodels:mummy/bandage8"
    },
    {
      "predicate": {
        "custom_model_data": 322
      },
      "model": "manamodels:mummy/bandage9"
    },
    {
      "predicate": {
        "custom_model_data": 323
      },
      "model": "manamodels:mummy/bandage10"
    },
    {
      "predicate": {
        "custom_model_data": 324
      },
      "model": "manamodels:mummy/arm_right"
    },
    {
      "predicate": {
        "custom_model_data": 325
      },
      "model": "manamodels:mummy/lowerarm_right"
    },
    {
      "predicate": {
        "custom_model_data": 326
      },
      "model": "manamodels:mummy/bandage11"
    },
    {
      "predicate": {
        "custom_model_data": 327
      },
      "model": "manamodels:mummy/bandage12"
    },
    {
      "predicate": {
        "custom_model_data": 328
      },
      "model": "manamodels:mummy/bandage13"
    },
    {
      "predicate": {
        "custom_model_data": 329
      },
      "model": "manamodels:mummy/bandage14"
    },
    {
      "predicate": {
        "custom_model_data": 330
      },
      "model": "manamodels:mummy/bandage15"
    },
    {
      "predicate": {
        "custom_model_data": 331
      },
      "model": "manamodels:mummy/arm_left"
    },
    {
      "predicate": {
        "custom_model_data": 332
      },
      "model": "manamodels:mummy/bandage18"
    },
    {
      "predicate": {
        "custom_model_data": 333
      },
      "model": "manamodels:mummy/bandage19"
    },
    {
      "predicate": {
        "custom_model_data": 334
      },
      "model": "manamodels:mummy/bandage20"
    },
    {
      "predicate": {
        "custom_model_data": 335
      },
      "model": "manamodels:mummy/bandage21"
    },
    {
      "predicate": {
        "custom_model_data": 336
      },
      "model": "manamodels:mummy/bandage22"
    },
    {
      "predicate": {
        "custom_model_data": 337
      },
      "model": "manamodels:mummy/lowerarm_left"
    },
    {
      "predicate": {
        "custom_model_data": 338
      },
      "model": "manamodels:mummy/bandage16"
    },
    {
      "predicate": {
        "custom_model_data": 339
      },
      "model": "manamodels:mummy/bandage17"
    },
    {
      "predicate": {
        "custom_model_data": 340
      },
      "model": "manamodels:mummy/leg_right"
    },
    {
      "predicate": {
        "custom_model_data": 341
      },
      "model": "manamodels:mummy/lowerleg_right"
    },
    {
      "predicate": {
        "custom_model_data": 342
      },
      "model": "manamodels:mummy/leg_left"
    },
    {
      "predicate": {
        "custom_model_data": 343
      },
      "model": "manamodels:mummy/lowerleg_left"
    },
    {
      "predicate": {
        "custom_model_data": 344
      },
      "model": "manamodels:rhino/armored_rhino_root"
    },
    {
      "predicate": {
        "custom_model_data": 345
      },
      "model": "manamodels:rhino/torso"
    },
    {
      "predicate": {
        "custom_model_data": 346
      },
      "model": "manamodels:rhino/chest"
    },
    {
      "predicate": {
        "custom_model_data": 347
      },
      "model": "manamodels:rhino/head"
    },
    {
      "predicate": {
        "custom_model_data": 348
      },
      "model": "manamodels:rhino/horn"
    },
    {
      "predicate": {
        "custom_model_data": 349
      },
      "model": "manamodels:rhino/ear_right"
    },
    {
      "predicate": {
        "custom_model_data": 350
      },
      "model": "manamodels:rhino/ear_left"
    },
    {
      "predicate": {
        "custom_model_data": 351
      },
      "model": "manamodels:rhino/body"
    },
    {
      "predicate": {
        "custom_model_data": 352
      },
      "model": "manamodels:rhino/frontleg_right"
    },
    {
      "predicate": {
        "custom_model_data": 353
      },
      "model": "manamodels:rhino/frontleg_left"
    },
    {
      "predicate": {
        "custom_model_data": 354
      },
      "model": "manamodels:rhino/backleg_right"
    },
    {
      "predicate": {
        "custom_model_data": 355
      },
      "model": "manamodels:rhino/backleg_left"
    },
    {
      "predicate": {
        "custom_model_data": 356
      },
      "model": "manamodels:rhino/tail1"
    },
    {
      "predicate": {
        "custom_model_data": 357
      },
      "model": "manamodels:rhino/tail2"
    },
    {
      "predicate": {
        "custom_model_data": 358
      },
      "model": "manamodels:rhino/bone"
    },
    {
      "predicate": {
        "custom_model_data": 359
      },
      "model": "manamodels:sahuagin/sahagin_root"
    },
    {
      "predicate": {
        "custom_model_data": 360
      },
      "model": "manamodels:sahuagin/torso"
    },
    {
      "predicate": {
        "custom_model_data": 361
      },
      "model": "manamodels:sahuagin/head"
    },
    {
      "predicate": {
        "custom_model_data": 362
      },
      "model": "manamodels:sahuagin/jaw"
    },
    {
      "predicate": {
        "custom_model_data": 363
      },
      "model": "manamodels:sahuagin/upperarm_right"
    },
    {
      "predicate": {
        "custom_model_data": 364
      },
      "model": "manamodels:sahuagin/lowerarm_right"
    },
    {
      "predicate": {
        "custom_model_data": 365
      },
      "model": "manamodels:sahuagin/claw_right"
    },
    {
      "predicate": {
        "custom_model_data": 366
      },
      "model": "manamodels:sahuagin/upperarm_left"
    },
    {
      "predicate": {
        "custom_model_data": 367
      },
      "model": "manamodels:sahuagin/lowerarm_left"
    },
    {
      "predicate": {
        "custom_model_data": 368
      },
      "model": "manamodels:sahuagin/claw_left"
    },
    {
      "predicate": {
        "custom_model_data": 369
      },
      "model": "manamodels:sahuagin/tail_base"
    },
    {
      "predicate": {
        "custom_model_data": 370
      },
      "model": "manamodels:sahuagin/tail1"
    },
    {
      "predicate": {
        "custom_model_data": 371
      },
      "model": "manamodels:sahuagin/tail2"
    },
    {
      "predicate": {
        "custom_model_data": 372
      },
      "model": "manamodels:sahuagin/tail3"
    },
    {
      "predicate": {
        "custom_model_data": 373
      },
      "model": "manamodels:sahuagin/upperleg_right"
    },
    {
      "predicate": {
        "custom_model_data": 374
      },
      "model": "manamodels:sahuagin/lowerleg_right"
    },
    {
      "predicate": {
        "custom_model_data": 375
      },
      "model": "manamodels:sahuagin/ankle_right"
    },
    {
      "predicate": {
        "custom_model_data": 376
      },
      "model": "manamodels:sahuagin/foot1_right"
    },
    {
      "predicate": {
        "custom_model_data": 377
      },
      "model": "manamodels:sahuagin/foot2_right"
    },
    {
      "predicate": {
        "custom_model_data": 378
      },
      "model": "manamodels:sahuagin/foot3_right"
    },
    {
      "predicate": {
        "custom_model_data": 379
      },
      "model": "manamodels:sahuagin/upperleg_left"
    },
    {
      "predicate": {
        "custom_model_data": 380
      },
      "model": "manamodels:sahuagin/lowerleg_left"
    },
    {
      "predicate": {
        "custom_model_data": 381
      },
      "model": "manamodels:sahuagin/ankle_left"
    },
    {
      "predicate": {
        "custom_model_data": 382
      },
      "model": "manamodels:sahuagin/foot1_left"
    },
    {
      "predicate": {
        "custom_model_data": 383
      },
      "model": "manamodels:sahuagin/foot2_left"
    },
    {
      "predicate": {
        "custom_model_data": 384
      },
      "model": "manamodels:sahuagin/foot3_left"
    },
    {
      "predicate": {
        "custom_model_data": 385
      },
      "model": "manamodels:scorpion/scorpion_root"
    },
    {
      "predicate": {
        "custom_model_data": 386
      },
      "model": "manamodels:scorpion/torso"
    },
    {
      "predicate": {
        "custom_model_data": 387
      },
      "model": "manamodels:scorpion/body"
    },
    {
      "predicate": {
        "custom_model_data": 388
      },
      "model": "manamodels:scorpion/face"
    },
    {
      "predicate": {
        "custom_model_data": 389
      },
      "model": "manamodels:scorpion/mandibles"
    },
    {
      "predicate": {
        "custom_model_data": 390
      },
      "model": "manamodels:scorpion/tail1"
    },
    {
      "predicate": {
        "custom_model_data": 391
      },
      "model": "manamodels:scorpion/tail2"
    },
    {
      "predicate": {
        "custom_model_data": 392
      },
      "model": "manamodels:scorpion/tail3"
    },
    {
      "predicate": {
        "custom_model_data": 393
      },
      "model": "manamodels:scorpion/tail4"
    },
    {
      "predicate": {
        "custom_model_data": 394
      },
      "model": "manamodels:scorpion/tail5"
    },
    {
      "predicate": {
        "custom_model_data": 395
      },
      "model": "manamodels:scorpion/tail6"
    },
    {
      "predicate": {
        "custom_model_data": 396
      },
      "model": "manamodels:scorpion/tail7"
    },
    {
      "predicate": {
        "custom_model_data": 397
      },
      "model": "manamodels:scorpion/leg1_1_right"
    },
    {
      "predicate": {
        "custom_model_data": 398
      },
      "model": "manamodels:scorpion/leg1_2_right"
    },
    {
      "predicate": {
        "custom_model_data": 399
      },
      "model": "manamodels:scorpion/leg1_3_right"
    },
    {
      "predicate": {
        "custom_model_data": 400
      },
      "model": "manamodels:scorpion/leg2_1_right"
    },
    {
      "predicate": {
        "custom_model_data": 401
      },
      "model": "manamodels:scorpion/leg2_2_right"
    },
    {
      "predicate": {
        "custom_model_data": 402
      },
      "model": "manamodels:scorpion/leg2_3_right"
    },
    {
      "predicate": {
        "custom_model_data": 403
      },
      "model": "manamodels:scorpion/leg3_1_right"
    },
    {
      "predicate": {
        "custom_model_data": 404
      },
      "model": "manamodels:scorpion/leg3_2_right"
    },
    {
      "predicate": {
        "custom_model_data": 405
      },
      "model": "manamodels:scorpion/leg3_3_right"
    },
    {
      "predicate": {
        "custom_model_data": 406
      },
      "model": "manamodels:scorpion/leg4_1_right"
    },
    {
      "predicate": {
        "custom_model_data": 407
      },
      "model": "manamodels:scorpion/leg4_2_right"
    },
    {
      "predicate": {
        "custom_model_data": 408
      },
      "model": "manamodels:scorpion/leg4_3_right"
    },
    {
      "predicate": {
        "custom_model_data": 409
      },
      "model": "manamodels:scorpion/leg1_1_left"
    },
    {
      "predicate": {
        "custom_model_data": 410
      },
      "model": "manamodels:scorpion/leg1_2_left"
    },
    {
      "predicate": {
        "custom_model_data": 411
      },
      "model": "manamodels:scorpion/leg1_3_left"
    },
    {
      "predicate": {
        "custom_model_data": 412
      },
      "model": "manamodels:scorpion/leg2_1_left"
    },
    {
      "predicate": {
        "custom_model_data": 413
      },
      "model": "manamodels:scorpion/leg2_2_left"
    },
    {
      "predicate": {
        "custom_model_data": 414
      },
      "model": "manamodels:scorpion/leg2_3_left"
    },
    {
      "predicate": {
        "custom_model_data": 415
      },
      "model": "manamodels:scorpion/leg3_1_left"
    },
    {
      "predicate": {
        "custom_model_data": 416
      },
      "model": "manamodels:scorpion/leg3_2_left"
    },
    {
      "predicate": {
        "custom_model_data": 417
      },
      "model": "manamodels:scorpion/leg3_3_left"
    },
    {
      "predicate": {
        "custom_model_data": 418
      },
      "model": "manamodels:scorpion/leg4_1_left"
    },
    {
      "predicate": {
        "custom_model_data": 419
      },
      "model": "manamodels:scorpion/leg4_2_left"
    },
    {
      "predicate": {
        "custom_model_data": 420
      },
      "model": "manamodels:scorpion/leg4_3_left"
    },
    {
      "predicate": {
        "custom_model_data": 421
      },
      "model": "manamodels:scorpion/upperarm_right"
    },
    {
      "predicate": {
        "custom_model_data": 422
      },
      "model": "manamodels:scorpion/lowerarm_right"
    },
    {
      "predicate": {
        "custom_model_data": 423
      },
      "model": "manamodels:scorpion/claw_right"
    },
    {
      "predicate": {
        "custom_model_data": 424
      },
      "model": "manamodels:scorpion/pincer1_right"
    },
    {
      "predicate": {
        "custom_model_data": 425
      },
      "model": "manamodels:scorpion/pincer2_right"
    },
    {
      "predicate": {
        "custom_model_data": 426
      },
      "model": "manamodels:scorpion/upperarm_left"
    },
    {
      "predicate": {
        "custom_model_data": 427
      },
      "model": "manamodels:scorpion/lowerarm_left"
    },
    {
      "predicate": {
        "custom_model_data": 428
      },
      "model": "manamodels:scorpion/claw_left"
    },
    {
      "predicate": {
        "custom_model_data": 429
      },
      "model": "manamodels:scorpion/pincer1_left"
    },
    {
      "predicate": {
        "custom_model_data": 430
      },
      "model": "manamodels:scorpion/pincer2_left"
    },
    {
      "predicate": {
        "custom_model_data": 431
      },
      "model": "manamodels:serpent/desert_serpent_root"
    },
    {
      "predicate": {
        "custom_model_data": 432
      },
      "model": "manamodels:serpent/neck1"
    },
    {
      "predicate": {
        "custom_model_data": 433
      },
      "model": "manamodels:serpent/neck2"
    },
    {
      "predicate": {
        "custom_model_data": 434
      },
      "model": "manamodels:serpent/neck3"
    },
    {
      "predicate": {
        "custom_model_data": 435
      },
      "model": "manamodels:serpent/neck4"
    },
    {
      "predicate": {
        "custom_model_data": 436
      },
      "model": "manamodels:serpent/neck5"
    },
    {
      "predicate": {
        "custom_model_data": 437
      },
      "model": "manamodels:serpent/head"
    },
    {
      "predicate": {
        "custom_model_data": 438
      },
      "model": "manamodels:serpent/jaw"
    },
    {
      "predicate": {
        "custom_model_data": 439
      },
      "model": "manamodels:serpent/headflap_right"
    },
    {
      "predicate": {
        "custom_model_data": 440
      },
      "model": "manamodels:serpent/headflap_left"
    },
    {
      "predicate": {
        "custom_model_data": 441
      },
      "model": "manamodels:serpent/segment1"
    },
    {
      "predicate": {
        "custom_model_data": 442
      },
      "model": "manamodels:serpent/segment2"
    },
    {
      "predicate": {
        "custom_model_data": 443
      },
      "model": "manamodels:serpent/segment3"
    },
    {
      "predicate": {
        "custom_model_data": 444
      },
      "model": "manamodels:serpent/segment4"
    },
    {
      "predicate": {
        "custom_model_data": 445
      },
      "model": "manamodels:serpent/segment5"
    },
    {
      "predicate": {
        "custom_model_data": 446
      },
      "model": "manamodels:serpent/segment6"
    },
    {
      "predicate": {
        "custom_model_data": 447
      },
      "model": "manamodels:tiger/tiger_root"
    },
    {
      "predicate": {
        "custom_model_data": 448
      },
      "model": "manamodels:tiger/torso"
    },
    {
      "predicate": {
        "custom_model_data": 449
      },
      "model": "manamodels:tiger/body"
    },
    {
      "predicate": {
        "custom_model_data": 450
      },
      "model": "manamodels:tiger/tail1"
    },
    {
      "predicate": {
        "custom_model_data": 451
      },
      "model": "manamodels:tiger/tail2"
    },
    {
      "predicate": {
        "custom_model_data": 452
      },
      "model": "manamodels:tiger/tail3"
    },
    {
      "predicate": {
        "custom_model_data": 453
      },
      "model": "manamodels:tiger/head"
    },
    {
      "predicate": {
        "custom_model_data": 454
      },
      "model": "manamodels:tiger/jaw"
    },
    {
      "predicate": {
        "custom_model_data": 455
      },
      "model": "manamodels:tiger/frontleg_right"
    },
    {
      "predicate": {
        "custom_model_data": 456
      },
      "model": "manamodels:tiger/mid_frontleg_right"
    },
    {
      "predicate": {
        "custom_model_data": 457
      },
      "model": "manamodels:tiger/frontleg_left"
    },
    {
      "predicate": {
        "custom_model_data": 458
      },
      "model": "manamodels:tiger/mid_frontleg_left"
    },
    {
      "predicate": {
        "custom_model_data": 459
      },
      "model": "manamodels:tiger/backleg_right"
    },
    {
      "predicate": {
        "custom_model_data": 460
      },
      "model": "manamodels:tiger/backleg_left"
    },
    {
      "predicate": {
        "custom_model_data": 461
      },
      "model": "manamodels:yeti/yeti_root"
    },
    {
      "predicate": {
        "custom_model_data": 462
      },
      "model": "manamodels:yeti/torso"
    },
    {
      "predicate": {
        "custom_model_data": 463
      },
      "model": "manamodels:yeti/head"
    },
    {
      "predicate": {
        "custom_model_data": 464
      },
      "model": "manamodels:yeti/facialfur1"
    },
    {
      "predicate": {
        "custom_model_data": 465
      },
      "model": "manamodels:yeti/facialfur2"
    },
    {
      "predicate": {
        "custom_model_data": 466
      },
      "model": "manamodels:yeti/topheadfur"
    },
    {
      "predicate": {
        "custom_model_data": 467
      },
      "model": "manamodels:yeti/upper_arm_left"
    },
    {
      "predicate": {
        "custom_model_data": 468
      },
      "model": "manamodels:yeti/lower_arm_left"
    },
    {
      "predicate": {
        "custom_model_data": 469
      },
      "model": "manamodels:yeti/fingerset1_left"
    },
    {
      "predicate": {
        "custom_model_data": 470
      },
      "model": "manamodels:yeti/fingerset2_left"
    },
    {
      "predicate": {
        "custom_model_data": 471
      },
      "model": "manamodels:yeti/thumb_left"
    },
    {
      "predicate": {
        "custom_model_data": 472
      },
      "model": "manamodels:yeti/upper_arm_right"
    },
    {
      "predicate": {
        "custom_model_data": 473
      },
      "model": "manamodels:yeti/lower_arm_right"
    },
    {
      "predicate": {
        "custom_model_data": 474
      },
      "model": "manamodels:yeti/fingerset1_right"
    },
    {
      "predicate": {
        "custom_model_data": 475
      },
      "model": "manamodels:yeti/fingerset_right"
    },
    {
      "predicate": {
        "custom_model_data": 476
      },
      "model": "manamodels:yeti/thumb_right"
    },
    {
      "predicate": {
        "custom_model_data": 477
      },
      "model": "manamodels:yeti/upper_leg_right"
    },
    {
      "predicate": {
        "custom_model_data": 478
      },
      "model": "manamodels:yeti/lower_leg_right"
    },
    {
      "predicate": {
        "custom_model_data": 479
      },
      "model": "manamodels:yeti/upper_leg_left"
    },
    {
      "predicate": {
        "custom_model_data": 480
      },
      "model": "manamodels:yeti/lower_leg_left"
    }
  ]
}