{
 "parent": "item/handheld",
 "textures": {
  "layer0": "item/scute"
 },

 "overrides": [
  { "predicate": {"custom_model_data": 100001}, "model": "item/kingdom/fragments/fragment"},
  { "predicate": {"custom_model_data": 100002}, "model": "item/kingdom/spawners/cores/blazecore"},
  { "predicate": {"custom_model_data": 100003}, "model": "item/kingdom/spawners/cores/chickencore"},
  { "predicate": {"custom_model_data": 100004}, "model": "item/kingdom/spawners/cores/cowcore"},
  { "predicate": {"custom_model_data": 100005}, "model": "item/kingdom/spawners/cores/creepercore"},
  { "predicate": {"custom_model_data": 100006}, "model": "item/kingdom/spawners/cores/endermancore"},
  { "predicate": {"custom_model_data": 100007}, "model": "item/kingdom/spawners/cores/guardiancore"},
  { "predicate": {"custom_model_data": 100008}, "model": "item/kingdom/spawners/cores/hoglincore"},
  { "predicate": {"custom_model_data": 100009}, "model": "item/kingdom/spawners/cores/irongolemcore"},
  { "predicate": {"custom_model_data": 100010}, "model": "item/kingdom/spawners/cores/mooshroomcore"},
  { "predicate": {"custom_model_data": 100011}, "model": "item/kingdom/spawners/cores/pigcore"},
  { "predicate": {"custom_model_data": 100012}, "model": "item/kingdom/spawners/cores/piglincore"},
  { "predicate": {"custom_model_data": 100013}, "model": "item/kingdom/spawners/cores/ravagercore"},
  { "predicate": {"custom_model_data": 100014}, "model": "item/kingdom/spawners/cores/sheepcore"},
  { "predicate": {"custom_model_data": 100015}, "model": "item/kingdom/spawners/cores/skeletoncore"},
  { "predicate": {"custom_model_data": 100016}, "model": "item/kingdom/spawners/cores/spidercore"},
  { "predicate": {"custom_model_data": 100017}, "model": "item/kingdom/spawners/cores/stridercore"},
  { "predicate": {"custom_model_data": 100018}, "model": "item/kingdom/spawners/cores/villagercore"},
  { "predicate": {"custom_model_data": 100019}, "model": "item/kingdom/spawners/cores/witchcore"},
  { "predicate": {"custom_model_data": 100020}, "model": "item/kingdom/spawners/cores/witherskeletoncore"},
  { "predicate": {"custom_model_data": 100021}, "model": "item/kingdom/spawners/cores/zombiecore"}
 ]

 
}