{
	"credit": "Made with Blockbench",
	"texture_size": [128, 128],
	"textures": {
		"0": "signs/coming_soon",
		"particle": "signs/coming_soon"
	},
	"elements": [
		{
			"from": [-16, -5, 3],
			"to": [32, 20, 4],
			"rotation": {"angle": 0, "axis": "y", "origin": [14.30769, -4.5, 3.5]},
			"faces": {
				"north": {"uv": [0.125, 0.125, 6.125, 3.25], "texture": "#0"},
				"east": {"uv": [0, 0.125, 0.125, 3.25], "texture": "#0"},
				"south": {"uv": [6.25, 0.125, 12.25, 3.25], "texture": "#0"},
				"west": {"uv": [6.125, 0.125, 6.25, 3.25], "texture": "#0"},
				"up": {"uv": [6.125, 0.125, 0.125, 0], "texture": "#0"},
				"down": {"uv": [12.125, 0, 6.125, 0.125], "texture": "#0"}
			}
		},
		{
			"from": [-14, 20, 3],
			"to": [30, 22, 4],
			"rotation": {"angle": 0, "axis": "y", "origin": [14.30769, -4.5, 3.5]},
			"faces": {
				"north": {"uv": [0.125, 3.75, 5.625, 4], "texture": "#0"},
				"east": {"uv": [0, 3.75, 0.125, 4], "texture": "#0"},
				"south": {"uv": [5.75, 3.75, 11.25, 4], "texture": "#0"},
				"west": {"uv": [5.625, 3.75, 5.75, 4], "texture": "#0"},
				"up": {"uv": [5.625, 3.75, 0.125, 3.625], "texture": "#0"},
				"down": {"uv": [11.125, 3.625, 5.625, 3.75], "texture": "#0"}
			}
		},
		{
			"from": [-14, -7, 3],
			"to": [30, -5, 4],
			"rotation": {"angle": 0, "axis": "y", "origin": [14.30769, -4.5, 3.5]},
			"faces": {
				"north": {"uv": [0.125, 3.375, 5.625, 3.625], "texture": "#0"},
				"east": {"uv": [0, 3.375, 0.125, 3.625], "texture": "#0"},
				"south": {"uv": [5.75, 3.375, 11.25, 3.625], "texture": "#0"},
				"west": {"uv": [5.625, 3.375, 5.75, 3.625], "texture": "#0"},
				"up": {"uv": [5.625, 3.375, 0.125, 3.25], "texture": "#0"},
				"down": {"uv": [11.125, 3.25, 5.625, 3.375], "texture": "#0"}
			}
		},
		{
			"from": [-10, 22, 3],
			"to": [26, 23, 4],
			"rotation": {"angle": 0, "axis": "y", "origin": [14.30769, -4.5, 3.5]},
			"faces": {
				"north": {"uv": [0.125, 4.375, 4.625, 4.5], "texture": "#0"},
				"east": {"uv": [0, 4.375, 0.125, 4.5], "texture": "#0"},
				"south": {"uv": [4.75, 4.375, 9.25, 4.5], "texture": "#0"},
				"west": {"uv": [4.625, 4.375, 4.75, 4.5], "texture": "#0"},
				"up": {"uv": [4.625, 4.375, 0.125, 4.25], "texture": "#0"},
				"down": {"uv": [9.125, 4.25, 4.625, 4.375], "texture": "#0"}
			}
		},
		{
			"from": [-10, -8, 3],
			"to": [26, -7, 4],
			"rotation": {"angle": 0, "axis": "y", "origin": [14.30769, -4.5, 3.5]},
			"faces": {
				"north": {"uv": [0.125, 4.125, 4.625, 4.25], "texture": "#0"},
				"east": {"uv": [0, 4.125, 0.125, 4.25], "texture": "#0"},
				"south": {"uv": [4.75, 4.125, 9.25, 4.25], "texture": "#0"},
				"west": {"uv": [4.625, 4.125, 4.75, 4.25], "texture": "#0"},
				"up": {"uv": [4.625, 4.125, 0.125, 4], "texture": "#0"},
				"down": {"uv": [9.125, 4, 4.625, 4.125], "texture": "#0"}
			}
		},
		{
			"from": [19, 11, 0],
			"to": [21, 16, 3],
			"rotation": {"angle": 0, "axis": "y", "origin": [7.88095, 14, 1.5]},
			"faces": {
				"north": {"uv": [9.875, 6, 10.125, 6.625], "texture": "#0"},
				"east": {"uv": [9.5, 6, 9.875, 6.625], "texture": "#0"},
				"south": {"uv": [10.5, 6, 10.75, 6.625], "texture": "#0"},
				"west": {"uv": [10.125, 6, 10.5, 6.625], "texture": "#0"},
				"up": {"uv": [10.125, 6, 9.875, 5.625], "texture": "#0"},
				"down": {"uv": [10.375, 5.625, 10.125, 6], "texture": "#0"}
			}
		},
		{
			"from": [26, 11, 0],
			"to": [28, 16, 3],
			"rotation": {"angle": 0, "axis": "y", "origin": [7.88095, 14, 1.5]},
			"faces": {
				"north": {"uv": [0.375, 9.875, 0.625, 10.5], "texture": "#0"},
				"east": {"uv": [0, 9.875, 0.375, 10.5], "texture": "#0"},
				"south": {"uv": [1, 9.875, 1.25, 10.5], "texture": "#0"},
				"west": {"uv": [0.625, 9.875, 1, 10.5], "texture": "#0"},
				"up": {"uv": [0.625, 9.875, 0.375, 9.5], "texture": "#0"},
				"down": {"uv": [0.875, 9.5, 0.625, 9.875], "texture": "#0"}
			}
		},
		{
			"from": [-8, 11, 0],
			"to": [-6, 16, 3],
			"rotation": {"angle": 0, "axis": "y", "origin": [7.88095, 14, 1.5]},
			"faces": {
				"north": {"uv": [9.625, 8.125, 9.875, 8.75], "texture": "#0"},
				"east": {"uv": [9.25, 8.125, 9.625, 8.75], "texture": "#0"},
				"south": {"uv": [10.25, 8.125, 10.5, 8.75], "texture": "#0"},
				"west": {"uv": [9.875, 8.125, 10.25, 8.75], "texture": "#0"},
				"up": {"uv": [9.875, 8.125, 9.625, 7.75], "texture": "#0"},
				"down": {"uv": [10.125, 7.75, 9.875, 8.125], "texture": "#0"}
			}
		},
		{
			"from": [16, 11, 0],
			"to": [18, 16, 3],
			"rotation": {"angle": 0, "axis": "y", "origin": [7.88095, 14, 1.5]},
			"faces": {
				"north": {"uv": [7.75, 9.375, 8, 10], "texture": "#0"},
				"east": {"uv": [7.375, 9.375, 7.75, 10], "texture": "#0"},
				"south": {"uv": [8.375, 9.375, 8.625, 10], "texture": "#0"},
				"west": {"uv": [8, 9.375, 8.375, 10], "texture": "#0"},
				"up": {"uv": [8, 9.375, 7.75, 9], "texture": "#0"},
				"down": {"uv": [8.25, 9, 8, 9.375], "texture": "#0"}
			}
		},
		{
			"from": [16, 8, 0],
			"to": [21, 11, 3],
			"rotation": {"angle": 0, "axis": "y", "origin": [7.88095, 14, 1.5]},
			"faces": {
				"north": {"uv": [8.25, 7.375, 8.875, 7.75], "texture": "#0"},
				"east": {"uv": [7.875, 7.375, 8.25, 7.75], "texture": "#0"},
				"south": {"uv": [9.25, 7.375, 9.875, 7.75], "texture": "#0"},
				"west": {"uv": [8.875, 7.375, 9.25, 7.75], "texture": "#0"},
				"up": {"uv": [8.875, 7.375, 8.25, 7], "texture": "#0"},
				"down": {"uv": [9.5, 7, 8.875, 7.375], "texture": "#0"}
			}
		},
		{
			"from": [22, 8, 0],
			"to": [28, 11, 3],
			"rotation": {"angle": 0, "axis": "y", "origin": [7.88095, 14, 1.5]},
			"faces": {
				"north": {"uv": [7.625, 5.875, 8.375, 6.25], "texture": "#0"},
				"east": {"uv": [7.25, 5.875, 7.625, 6.25], "texture": "#0"},
				"south": {"uv": [8.75, 5.875, 9.5, 6.25], "texture": "#0"},
				"west": {"uv": [8.375, 5.875, 8.75, 6.25], "texture": "#0"},
				"up": {"uv": [8.375, 5.875, 7.625, 5.5], "texture": "#0"},
				"down": {"uv": [9.125, 5.5, 8.375, 5.875], "texture": "#0"}
			}
		},
		{
			"from": [-12, 8, 0],
			"to": [-6, 11, 3],
			"rotation": {"angle": 0, "axis": "y", "origin": [7.88095, 14, 1.5]},
			"faces": {
				"north": {"uv": [7.625, 4.875, 8.375, 5.25], "texture": "#0"},
				"east": {"uv": [7.25, 4.875, 7.625, 5.25], "texture": "#0"},
				"south": {"uv": [8.75, 4.875, 9.5, 5.25], "texture": "#0"},
				"west": {"uv": [8.375, 4.875, 8.75, 5.25], "texture": "#0"},
				"up": {"uv": [8.375, 4.875, 7.625, 4.5], "texture": "#0"},
				"down": {"uv": [9.125, 4.5, 8.375, 4.875], "texture": "#0"}
			}
		},
		{
			"from": [-12, 11, 0],
			"to": [-10, 14, 3],
			"rotation": {"angle": 0, "axis": "y", "origin": [7.88095, 14, 1.5]},
			"faces": {
				"north": {"uv": [4.125, 10.125, 4.375, 10.5], "texture": "#0"},
				"east": {"uv": [3.75, 10.125, 4.125, 10.5], "texture": "#0"},
				"south": {"uv": [4.75, 10.125, 5, 10.5], "texture": "#0"},
				"west": {"uv": [4.375, 10.125, 4.75, 10.5], "texture": "#0"},
				"up": {"uv": [4.375, 10.125, 4.125, 9.75], "texture": "#0"},
				"down": {"uv": [4.625, 9.75, 4.375, 10.125], "texture": "#0"}
			}
		},
		{
			"from": [16, 16, 0],
			"to": [21, 19, 3],
			"rotation": {"angle": 0, "axis": "y", "origin": [7.88095, 14, 1.5]},
			"faces": {
				"north": {"uv": [8.25, 6.625, 8.875, 7], "texture": "#0"},
				"east": {"uv": [7.875, 6.625, 8.25, 7], "texture": "#0"},
				"south": {"uv": [9.25, 6.625, 9.875, 7], "texture": "#0"},
				"west": {"uv": [8.875, 6.625, 9.25, 7], "texture": "#0"},
				"up": {"uv": [8.875, 6.625, 8.25, 6.25], "texture": "#0"},
				"down": {"uv": [9.5, 6.25, 8.875, 6.625], "texture": "#0"}
			}
		},
		{
			"from": [22, 16, 0],
			"to": [28, 19, 3],
			"rotation": {"angle": 0, "axis": "y", "origin": [7.88095, 14, 1.5]},
			"faces": {
				"north": {"uv": [6.375, 7, 7.125, 7.375], "texture": "#0"},
				"east": {"uv": [6, 7, 6.375, 7.375], "texture": "#0"},
				"south": {"uv": [7.5, 7, 8.25, 7.375], "texture": "#0"},
				"west": {"uv": [7.125, 7, 7.5, 7.375], "texture": "#0"},
				"up": {"uv": [7.125, 7, 6.375, 6.625], "texture": "#0"},
				"down": {"uv": [7.875, 6.625, 7.125, 7], "texture": "#0"}
			}
		},
		{
			"from": [-12, 16, 0],
			"to": [-6, 19, 3],
			"rotation": {"angle": 0, "axis": "y", "origin": [7.88095, 14, 1.5]},
			"faces": {
				"north": {"uv": [4.125, 7, 4.875, 7.375], "texture": "#0"},
				"east": {"uv": [3.75, 7, 4.125, 7.375], "texture": "#0"},
				"south": {"uv": [5.25, 7, 6, 7.375], "texture": "#0"},
				"west": {"uv": [4.875, 7, 5.25, 7.375], "texture": "#0"},
				"up": {"uv": [4.875, 7, 4.125, 6.625], "texture": "#0"},
				"down": {"uv": [5.625, 6.625, 4.875, 7], "texture": "#0"}
			}
		},
		{
			"from": [3, 8, 0],
			"to": [5, 19, 3],
			"rotation": {"angle": 0, "axis": "y", "origin": [7.88095, 14, 1.5]},
			"faces": {
				"north": {"uv": [2.875, 6.625, 3.125, 8], "texture": "#0"},
				"east": {"uv": [2.5, 6.625, 2.875, 8], "texture": "#0"},
				"south": {"uv": [3.5, 6.625, 3.75, 8], "texture": "#0"},
				"west": {"uv": [3.125, 6.625, 3.5, 8], "texture": "#0"},
				"up": {"uv": [3.125, 6.625, 2.875, 6.25], "texture": "#0"},
				"down": {"uv": [3.375, 6.25, 3.125, 6.625], "texture": "#0"}
			}
		},
		{
			"from": [0, 8, 0],
			"to": [2, 19, 3],
			"rotation": {"angle": 0, "axis": "y", "origin": [7.88095, 14, 1.5]},
			"faces": {
				"north": {"uv": [1.625, 6.625, 1.875, 8], "texture": "#0"},
				"east": {"uv": [1.25, 6.625, 1.625, 8], "texture": "#0"},
				"south": {"uv": [2.25, 6.625, 2.5, 8], "texture": "#0"},
				"west": {"uv": [1.875, 6.625, 2.25, 8], "texture": "#0"},
				"up": {"uv": [1.875, 6.625, 1.625, 6.25], "texture": "#0"},
				"down": {"uv": [2.125, 6.25, 1.875, 6.625], "texture": "#0"}
			}
		},
		{
			"from": [-5, 8, 0],
			"to": [-3, 19, 3],
			"rotation": {"angle": 0, "axis": "y", "origin": [7.88095, 14, 1.5]},
			"faces": {
				"north": {"uv": [0.375, 6.625, 0.625, 8], "texture": "#0"},
				"east": {"uv": [0, 6.625, 0.375, 8], "texture": "#0"},
				"south": {"uv": [1, 6.625, 1.25, 8], "texture": "#0"},
				"west": {"uv": [0.625, 6.625, 1, 8], "texture": "#0"},
				"up": {"uv": [0.625, 6.625, 0.375, 6.25], "texture": "#0"},
				"down": {"uv": [0.875, 6.25, 0.625, 6.625], "texture": "#0"}
			}
		},
		{
			"from": [9, 10, 0],
			"to": [12, 18, 3],
			"rotation": {"angle": 0, "axis": "y", "origin": [7.88095, 14, 1.5]},
			"faces": {
				"north": {"uv": [6.625, 7.75, 7, 8.75], "texture": "#0"},
				"east": {"uv": [6.25, 7.75, 6.625, 8.75], "texture": "#0"},
				"south": {"uv": [7.375, 7.75, 7.75, 8.75], "texture": "#0"},
				"west": {"uv": [7, 7.75, 7.375, 8.75], "texture": "#0"},
				"up": {"uv": [7, 7.75, 6.625, 7.375], "texture": "#0"},
				"down": {"uv": [7.375, 7.375, 7, 7.75], "texture": "#0"}
			}
		},
		{
			"from": [6, 8, 0],
			"to": [8, 18, 3],
			"rotation": {"angle": 0, "axis": "y", "origin": [7.88095, 14, 1.5]},
			"faces": {
				"north": {"uv": [5.375, 7.75, 5.625, 9], "texture": "#0"},
				"east": {"uv": [5, 7.75, 5.375, 9], "texture": "#0"},
				"south": {"uv": [6, 7.75, 6.25, 9], "texture": "#0"},
				"west": {"uv": [5.625, 7.75, 6, 9], "texture": "#0"},
				"up": {"uv": [5.625, 7.75, 5.375, 7.375], "texture": "#0"},
				"down": {"uv": [5.875, 7.375, 5.625, 7.75], "texture": "#0"}
			}
		},
		{
			"from": [13, 8, 0],
			"to": [15, 18, 3],
			"rotation": {"angle": 0, "axis": "y", "origin": [7.88095, 14, 1.5]},
			"faces": {
				"north": {"uv": [4.125, 7.75, 4.375, 9], "texture": "#0"},
				"east": {"uv": [3.75, 7.75, 4.125, 9], "texture": "#0"},
				"south": {"uv": [4.75, 7.75, 5, 9], "texture": "#0"},
				"west": {"uv": [4.375, 7.75, 4.75, 9], "texture": "#0"},
				"up": {"uv": [4.375, 7.75, 4.125, 7.375], "texture": "#0"},
				"down": {"uv": [4.625, 7.375, 4.375, 7.75], "texture": "#0"}
			}
		},
		{
			"from": [11, 17, 0],
			"to": [14, 19, 3],
			"rotation": {"angle": 0, "axis": "y", "origin": [7.88095, 14, 1.5]},
			"faces": {
				"north": {"uv": [2.625, 10, 3, 10.25], "texture": "#0"},
				"east": {"uv": [2.25, 10, 2.625, 10.25], "texture": "#0"},
				"south": {"uv": [3.375, 10, 3.75, 10.25], "texture": "#0"},
				"west": {"uv": [3, 10, 3.375, 10.25], "texture": "#0"},
				"up": {"uv": [3, 10, 2.625, 9.625], "texture": "#0"},
				"down": {"uv": [3.375, 9.625, 3, 10], "texture": "#0"}
			}
		},
		{
			"from": [7, 17, 0],
			"to": [10, 19, 3],
			"rotation": {"angle": 0, "axis": "y", "origin": [7.88095, 14, 1.5]},
			"faces": {
				"north": {"uv": [9.875, 7, 10.25, 7.25], "texture": "#0"},
				"east": {"uv": [9.5, 7, 9.875, 7.25], "texture": "#0"},
				"south": {"uv": [10.625, 7, 11, 7.25], "texture": "#0"},
				"west": {"uv": [10.25, 7, 10.625, 7.25], "texture": "#0"},
				"up": {"uv": [10.25, 7, 9.875, 6.625], "texture": "#0"},
				"down": {"uv": [10.625, 6.625, 10.25, 7], "texture": "#0"}
			}
		},
		{
			"from": [-2, 15, 0],
			"to": [0, 17, 3],
			"rotation": {"angle": 0, "axis": "y", "origin": [7.88095, 14, 1.5]},
			"faces": {
				"north": {"uv": [8.625, 10.25, 8.875, 10.5], "texture": "#0"},
				"east": {"uv": [8.25, 10.25, 8.625, 10.5], "texture": "#0"},
				"south": {"uv": [9.25, 10.25, 9.5, 10.5], "texture": "#0"},
				"west": {"uv": [8.875, 10.25, 9.25, 10.5], "texture": "#0"},
				"up": {"uv": [8.875, 10.25, 8.625, 9.875], "texture": "#0"},
				"down": {"uv": [9.125, 9.875, 8.875, 10.25], "texture": "#0"}
			}
		},
		{
			"from": [-3, 13, 0],
			"to": [-1, 15, 3],
			"rotation": {"angle": 0, "axis": "y", "origin": [7.88095, 14, 1.5]},
			"faces": {
				"north": {"uv": [1.625, 10.25, 1.875, 10.5], "texture": "#0"},
				"east": {"uv": [1.25, 10.25, 1.625, 10.5], "texture": "#0"},
				"south": {"uv": [2.25, 10.25, 2.5, 10.5], "texture": "#0"},
				"west": {"uv": [1.875, 10.25, 2.25, 10.5], "texture": "#0"},
				"up": {"uv": [1.875, 10.25, 1.625, 9.875], "texture": "#0"},
				"down": {"uv": [2.125, 9.875, 1.875, 10.25], "texture": "#0"}
			}
		},
		{
			"from": [19, 4, 0],
			"to": [23, 7, 3],
			"rotation": {"angle": 0, "axis": "y", "origin": [8.73684, 1.47368, 1.5]},
			"faces": {
				"north": {"uv": [9.5, 5.25, 10, 5.625], "texture": "#0"},
				"east": {"uv": [9.125, 5.25, 9.5, 5.625], "texture": "#0"},
				"south": {"uv": [10.375, 5.25, 10.875, 5.625], "texture": "#0"},
				"west": {"uv": [10, 5.25, 10.375, 5.625], "texture": "#0"},
				"up": {"uv": [10, 5.25, 9.5, 4.875], "texture": "#0"},
				"down": {"uv": [10.5, 4.875, 10, 5.25], "texture": "#0"}
			}
		},
		{
			"from": [23, 0, 0],
			"to": [26, 7, 3],
			"rotation": {"angle": 0, "axis": "y", "origin": [8.73684, 1.47368, 1.5]},
			"faces": {
				"north": {"uv": [0.375, 8.375, 0.75, 9.25], "texture": "#0"},
				"east": {"uv": [0, 8.375, 0.375, 9.25], "texture": "#0"},
				"south": {"uv": [1.125, 8.375, 1.5, 9.25], "texture": "#0"},
				"west": {"uv": [0.75, 8.375, 1.125, 9.25], "texture": "#0"},
				"up": {"uv": [0.75, 8.375, 0.375, 8], "texture": "#0"},
				"down": {"uv": [1.125, 8, 0.75, 8.375], "texture": "#0"}
			}
		},
		{
			"from": [19, 0, 0],
			"to": [23, 3, 3],
			"rotation": {"angle": 0, "axis": "y", "origin": [8.73684, 1.47368, 1.5]},
			"faces": {
				"north": {"uv": [9.5, 4.5, 10, 4.875], "texture": "#0"},
				"east": {"uv": [9.125, 4.5, 9.5, 4.875], "texture": "#0"},
				"south": {"uv": [10.375, 4.5, 10.875, 4.875], "texture": "#0"},
				"west": {"uv": [10, 4.5, 10.375, 4.875], "texture": "#0"},
				"up": {"uv": [10, 4.5, 9.5, 4.125], "texture": "#0"},
				"down": {"uv": [10.5, 4.125, 10, 4.5], "texture": "#0"}
			}
		},
		{
			"from": [19, -4, 0],
			"to": [22, 0, 3],
			"rotation": {"angle": 0, "axis": "y", "origin": [8.73684, 1.47368, 1.5]},
			"faces": {
				"north": {"uv": [1.5, 9.375, 1.875, 9.875], "texture": "#0"},
				"east": {"uv": [1.125, 9.375, 1.5, 9.875], "texture": "#0"},
				"south": {"uv": [2.25, 9.375, 2.625, 9.875], "texture": "#0"},
				"west": {"uv": [1.875, 9.375, 2.25, 9.875], "texture": "#0"},
				"up": {"uv": [1.875, 9.375, 1.5, 9], "texture": "#0"},
				"down": {"uv": [2.25, 9, 1.875, 9.375], "texture": "#0"}
			}
		},
		{
			"from": [22, -4, 0],
			"to": [26, -1, 3],
			"rotation": {"angle": 0, "axis": "y", "origin": [8.73684, 1.47368, 1.5]},
			"faces": {
				"north": {"uv": [4.5, 9.375, 5, 9.75], "texture": "#0"},
				"east": {"uv": [4.125, 9.375, 4.5, 9.75], "texture": "#0"},
				"south": {"uv": [5.375, 9.375, 5.875, 9.75], "texture": "#0"},
				"west": {"uv": [5, 9.375, 5.375, 9.75], "texture": "#0"},
				"up": {"uv": [5, 9.375, 4.5, 9], "texture": "#0"},
				"down": {"uv": [5.5, 9, 5, 9.375], "texture": "#0"}
			}
		},
		{
			"from": [11, -4, 0],
			"to": [18, -1, 3],
			"rotation": {"angle": 0, "axis": "y", "origin": [8.73684, 1.47368, 1.5]},
			"faces": {
				"north": {"uv": [5.5, 6.25, 6.375, 6.625], "texture": "#0"},
				"east": {"uv": [5.125, 6.25, 5.5, 6.625], "texture": "#0"},
				"south": {"uv": [6.75, 6.25, 7.625, 6.625], "texture": "#0"},
				"west": {"uv": [6.375, 6.25, 6.75, 6.625], "texture": "#0"},
				"up": {"uv": [6.375, 6.25, 5.5, 5.875], "texture": "#0"},
				"down": {"uv": [7.25, 5.875, 6.375, 6.25], "texture": "#0"}
			}
		},
		{
			"from": [11, 4, 0],
			"to": [18, 7, 3],
			"rotation": {"angle": 0, "axis": "y", "origin": [8.73684, 1.47368, 1.5]},
			"faces": {
				"north": {"uv": [3.375, 5.875, 4.25, 6.25], "texture": "#0"},
				"east": {"uv": [3, 5.875, 3.375, 6.25], "texture": "#0"},
				"south": {"uv": [4.625, 5.875, 5.5, 6.25], "texture": "#0"},
				"west": {"uv": [4.25, 5.875, 4.625, 6.25], "texture": "#0"},
				"up": {"uv": [4.25, 5.875, 3.375, 5.5], "texture": "#0"},
				"down": {"uv": [5.125, 5.5, 4.25, 5.875], "texture": "#0"}
			}
		},
		{
			"from": [15, -1, 0],
			"to": [18, 4, 3],
			"rotation": {"angle": 0, "axis": "y", "origin": [8.73684, 1.47368, 1.5]},
			"faces": {
				"north": {"uv": [9.25, 9.25, 9.625, 9.875], "texture": "#0"},
				"east": {"uv": [8.875, 9.25, 9.25, 9.875], "texture": "#0"},
				"south": {"uv": [10, 9.25, 10.375, 9.875], "texture": "#0"},
				"west": {"uv": [9.625, 9.25, 10, 9.875], "texture": "#0"},
				"up": {"uv": [9.625, 9.25, 9.25, 8.875], "texture": "#0"},
				"down": {"uv": [10, 8.875, 9.625, 9.25], "texture": "#0"}
			}
		},
		{
			"from": [11, -1, 0],
			"to": [14, 4, 3],
			"rotation": {"angle": 0, "axis": "y", "origin": [8.73684, 1.47368, 1.5]},
			"faces": {
				"north": {"uv": [6.25, 9.125, 6.625, 9.75], "texture": "#0"},
				"east": {"uv": [5.875, 9.125, 6.25, 9.75], "texture": "#0"},
				"south": {"uv": [7, 9.125, 7.375, 9.75], "texture": "#0"},
				"west": {"uv": [6.625, 9.125, 7, 9.75], "texture": "#0"},
				"up": {"uv": [6.625, 9.125, 6.25, 8.75], "texture": "#0"},
				"down": {"uv": [7, 8.75, 6.625, 9.125], "texture": "#0"}
			}
		},
		{
			"from": [7, -1, 0],
			"to": [10, 4, 3],
			"rotation": {"angle": 0, "axis": "y", "origin": [8.73684, 1.47368, 1.5]},
			"faces": {
				"north": {"uv": [3, 9, 3.375, 9.625], "texture": "#0"},
				"east": {"uv": [2.625, 9, 3, 9.625], "texture": "#0"},
				"south": {"uv": [3.75, 9, 4.125, 9.625], "texture": "#0"},
				"west": {"uv": [3.375, 9, 3.75, 9.625], "texture": "#0"},
				"up": {"uv": [3.375, 9, 3, 8.625], "texture": "#0"},
				"down": {"uv": [3.75, 8.625, 3.375, 9], "texture": "#0"}
			}
		},
		{
			"from": [3, 4, 0],
			"to": [10, 7, 3],
			"rotation": {"angle": 0, "axis": "y", "origin": [8.73684, 1.47368, 1.5]},
			"faces": {
				"north": {"uv": [5.5, 5.5, 6.375, 5.875], "texture": "#0"},
				"east": {"uv": [5.125, 5.5, 5.5, 5.875], "texture": "#0"},
				"south": {"uv": [6.75, 5.5, 7.625, 5.875], "texture": "#0"},
				"west": {"uv": [6.375, 5.5, 6.75, 5.875], "texture": "#0"},
				"up": {"uv": [6.375, 5.5, 5.5, 5.125], "texture": "#0"},
				"down": {"uv": [7.25, 5.125, 6.375, 5.5], "texture": "#0"}
			}
		},
		{
			"from": [3, -4, 0],
			"to": [10, -1, 3],
			"rotation": {"angle": 0, "axis": "y", "origin": [8.73684, 1.47368, 1.5]},
			"faces": {
				"north": {"uv": [3.375, 4.875, 4.25, 5.25], "texture": "#0"},
				"east": {"uv": [3, 4.875, 3.375, 5.25], "texture": "#0"},
				"south": {"uv": [4.625, 4.875, 5.5, 5.25], "texture": "#0"},
				"west": {"uv": [4.25, 4.875, 4.625, 5.25], "texture": "#0"},
				"up": {"uv": [4.25, 4.875, 3.375, 4.5], "texture": "#0"},
				"down": {"uv": [5.125, 4.5, 4.25, 4.875], "texture": "#0"}
			}
		},
		{
			"from": [3, -1, 0],
			"to": [6, 4, 3],
			"rotation": {"angle": 0, "axis": "y", "origin": [8.73684, 1.47368, 1.5]},
			"faces": {
				"north": {"uv": [1.875, 8.375, 2.25, 9], "texture": "#0"},
				"east": {"uv": [1.5, 8.375, 1.875, 9], "texture": "#0"},
				"south": {"uv": [2.625, 8.375, 3, 9], "texture": "#0"},
				"west": {"uv": [2.25, 8.375, 2.625, 9], "texture": "#0"},
				"up": {"uv": [2.25, 8.375, 1.875, 8], "texture": "#0"},
				"down": {"uv": [2.625, 8, 2.25, 8.375], "texture": "#0"}
			}
		},
		{
			"from": [-1, -4, 0],
			"to": [2, 7, 3],
			"rotation": {"angle": 0, "axis": "y", "origin": [8.73684, 1.47368, 1.5]},
			"faces": {
				"north": {"uv": [1.875, 4.875, 2.25, 6.25], "texture": "#0"},
				"east": {"uv": [1.5, 4.875, 1.875, 6.25], "texture": "#0"},
				"south": {"uv": [2.625, 4.875, 3, 6.25], "texture": "#0"},
				"west": {"uv": [2.25, 4.875, 2.625, 6.25], "texture": "#0"},
				"up": {"uv": [2.25, 4.875, 1.875, 4.5], "texture": "#0"},
				"down": {"uv": [2.625, 4.5, 2.25, 4.875], "texture": "#0"}
			}
		},
		{
			"from": [-3, 3, 0],
			"to": [-1, 5, 3],
			"rotation": {"angle": 0, "axis": "y", "origin": [8.73684, 1.47368, 1.5]},
			"faces": {
				"north": {"uv": [6.625, 10.125, 6.875, 10.375], "texture": "#0"},
				"east": {"uv": [6.25, 10.125, 6.625, 10.375], "texture": "#0"},
				"south": {"uv": [7.25, 10.125, 7.5, 10.375], "texture": "#0"},
				"west": {"uv": [6.875, 10.125, 7.25, 10.375], "texture": "#0"},
				"up": {"uv": [6.875, 10.125, 6.625, 9.75], "texture": "#0"},
				"down": {"uv": [7.125, 9.75, 6.875, 10.125], "texture": "#0"}
			}
		},
		{
			"from": [-4, 1, 0],
			"to": [-2, 3, 3],
			"rotation": {"angle": 0, "axis": "y", "origin": [8.73684, 1.47368, 1.5]},
			"faces": {
				"north": {"uv": [5.375, 10.125, 5.625, 10.375], "texture": "#0"},
				"east": {"uv": [5, 10.125, 5.375, 10.375], "texture": "#0"},
				"south": {"uv": [6, 10.125, 6.25, 10.375], "texture": "#0"},
				"west": {"uv": [5.625, 10.125, 6, 10.375], "texture": "#0"},
				"up": {"uv": [5.625, 10.125, 5.375, 9.75], "texture": "#0"},
				"down": {"uv": [5.875, 9.75, 5.625, 10.125], "texture": "#0"}
			}
		},
		{
			"from": [-7, -4, 0],
			"to": [-4, 7, 3],
			"rotation": {"angle": 0, "axis": "y", "origin": [8.73684, 1.47368, 1.5]},
			"faces": {
				"north": {"uv": [0.375, 4.875, 0.75, 6.25], "texture": "#0"},
				"east": {"uv": [0, 4.875, 0.375, 6.25], "texture": "#0"},
				"south": {"uv": [1.125, 4.875, 1.5, 6.25], "texture": "#0"},
				"west": {"uv": [0.75, 4.875, 1.125, 6.25], "texture": "#0"},
				"up": {"uv": [0.75, 4.875, 0.375, 4.5], "texture": "#0"},
				"down": {"uv": [1.125, 4.5, 0.75, 4.875], "texture": "#0"}
			}
		},
		{
			"from": [-11, 0, 0],
			"to": [-8, 7, 3],
			"rotation": {"angle": 0, "axis": "y", "origin": [8.73684, 1.47368, 1.5]},
			"faces": {
				"north": {"uv": [8.125, 8.125, 8.5, 9], "texture": "#0"},
				"east": {"uv": [7.75, 8.125, 8.125, 9], "texture": "#0"},
				"south": {"uv": [8.875, 8.125, 9.25, 9], "texture": "#0"},
				"west": {"uv": [8.5, 8.125, 8.875, 9], "texture": "#0"},
				"up": {"uv": [8.5, 8.125, 8.125, 7.75], "texture": "#0"},
				"down": {"uv": [8.875, 7.75, 8.5, 8.125], "texture": "#0"}
			}
		},
		{
			"from": [-10.5, -3.5, 0.5],
			"to": [-8.5, -1.5, 2.5],
			"rotation": {"angle": 0, "axis": "y", "origin": [8.73684, 1.47368, 1.5]},
			"faces": {
				"north": {"uv": [2.75, 4.625, 2.875, 4.75], "texture": "#0"},
				"east": {"uv": [2.625, 4.625, 2.75, 4.75], "texture": "#0"},
				"south": {"uv": [3, 4.625, 3.125, 4.75], "texture": "#0"},
				"west": {"uv": [2.875, 4.625, 3, 4.75], "texture": "#0"},
				"up": {"uv": [2.875, 4.625, 2.75, 4.5], "texture": "#0"},
				"down": {"uv": [3, 4.5, 2.875, 4.625], "texture": "#0"}
			}
		}
	],
	"display": {
		"head": {
			"translation": [0, 0, 11.75],
			"scale": [2.7, 2.7, 2.7]
		}
	},
	"groups": [
		{
			"name": "coming_soon",
			"origin": [8, 8, 8],
			"children": [
				{
					"name": "sign",
					"origin": [8, -18, 10],
					"children": [0, 1, 2, 3, 4]
				},
				{
					"name": "coming",
					"origin": [11, 12, 8],
					"children": [5, 6, 7, 8, 9, 10, 11, 12, 13, 14, 15, 16, 17, 18, 19, 20, 21, 22, 23, 24, 25]
				},
				{
					"name": "soon",
					"origin": [1, 1, 8],
					"children": [26, 27, 28, 29, 30, 31, 32, 33, 34, 35, 36, 37, 38, 39, 40, 41, 42, 43, 44]
				}
			]
		}
	]
}