{
	"credit": "Made with Blockbench",
	"texture_size": [128, 128],
	"textures": {
		"0": "signs/imposter",
		"particle": "signs/imposter"
	},
	"elements": [
		{
			"from": [-14, -1, 3],
			"to": [30, 11, 11],
			"rotation": {"angle": 0, "axis": "y", "origin": [37, 17, 11]},
			"faces": {
				"north": {"uv": [1, 1, 6.5, 2.5], "texture": "#0"},
				"east": {"uv": [0, 1, 1, 2.5], "texture": "#0"},
				"south": {"uv": [7.5, 1, 13, 2.5], "texture": "#0"},
				"west": {"uv": [6.5, 1, 7.5, 2.5], "texture": "#0"},
				"up": {"uv": [6.5, 1, 1, 0], "texture": "#0"},
				"down": {"uv": [12, 0, 6.5, 1], "texture": "#0"}
			}
		},
		{
			"from": [-16, -3, 0],
			"to": [32, 13, 3],
			"rotation": {"angle": 0, "axis": "y", "origin": [37, 17, 8]},
			"faces": {
				"north": {"uv": [0.375, 2.875, 6.375, 4.875], "texture": "#0"},
				"east": {"uv": [0, 2.875, 0.375, 4.875], "texture": "#0"},
				"south": {"uv": [6.75, 2.875, 12.75, 4.875], "texture": "#0"},
				"west": {"uv": [6.375, 2.875, 6.75, 4.875], "texture": "#0"},
				"up": {"uv": [6.375, 2.875, 0.375, 2.5], "texture": "#0"},
				"down": {"uv": [12.375, 2.5, 6.375, 2.875], "texture": "#0"}
			}
		},
		{
			"from": [7, -13, 6],
			"to": [9, -7, 8],
			"rotation": {"angle": -45, "axis": "y", "origin": [8, -8, 7]},
			"faces": {
				"north": {"uv": [0.25, 0.25, 0.5, 1], "texture": "#0"},
				"east": {"uv": [0, 0.25, 0.25, 1], "texture": "#0"},
				"south": {"uv": [0.75, 0.25, 1, 1], "texture": "#0"},
				"west": {"uv": [0.5, 0.25, 0.75, 1], "texture": "#0"},
				"up": {"uv": [0.5, 0.25, 0.25, 0], "texture": "#0"},
				"down": {"uv": [0.75, 0, 0.5, 0.25], "texture": "#0"}
			}
		},
		{
			"from": [7, -16, 6],
			"to": [9, -14, 8],
			"rotation": {"angle": -45, "axis": "y", "origin": [8, -8, 7]},
			"faces": {
				"north": {"uv": [4.75, 8.75, 5, 9], "texture": "#0"},
				"east": {"uv": [4.5, 8.75, 4.75, 9], "texture": "#0"},
				"south": {"uv": [5.25, 8.75, 5.5, 9], "texture": "#0"},
				"west": {"uv": [5, 8.75, 5.25, 9], "texture": "#0"},
				"up": {"uv": [5, 8.75, 4.75, 8.5], "texture": "#0"},
				"down": {"uv": [5.25, 8.5, 5, 8.75], "texture": "#0"}
			}
		},
		{
			"from": [6, -7, 5],
			"to": [10, -1, 9],
			"rotation": {"angle": -45, "axis": "y", "origin": [8, -8, 7]},
			"faces": {
				"north": {"uv": [9, 12.25, 9.5, 13], "texture": "#0"},
				"east": {"uv": [8.5, 12.25, 9, 13], "texture": "#0"},
				"south": {"uv": [10, 12.25, 10.5, 13], "texture": "#0"},
				"west": {"uv": [9.5, 12.25, 10, 13], "texture": "#0"},
				"up": {"uv": [9.5, 12.25, 9, 11.75], "texture": "#0"},
				"down": {"uv": [10, 11.75, 9.5, 12.25], "texture": "#0"}
			}
		},
		{
			"from": [4, -3, 3],
			"to": [12, -3, 11],
			"rotation": {"angle": -45, "axis": "y", "origin": [8, -8, 7]},
			"faces": {
				"north": {"uv": [9.875, 9.875, 10.875, 9.875], "texture": "#0"},
				"east": {"uv": [8.875, 9.875, 9.875, 9.875], "texture": "#0"},
				"south": {"uv": [11.875, 9.875, 12.875, 9.875], "texture": "#0"},
				"west": {"uv": [10.875, 9.875, 11.875, 9.875], "texture": "#0"},
				"up": {"uv": [10.875, 9.875, 9.875, 8.875], "texture": "#0"},
				"down": {"uv": [11.875, 8.875, 10.875, 9.875], "texture": "#0"}
			}
		},
		{
			"from": [4, -5, 3],
			"to": [12, -5, 11],
			"rotation": {"angle": -45, "axis": "y", "origin": [8, -10, 7]},
			"faces": {
				"north": {"uv": [9.875, 9.875, 10.875, 9.875], "texture": "#0"},
				"east": {"uv": [8.875, 9.875, 9.875, 9.875], "texture": "#0"},
				"south": {"uv": [11.875, 9.875, 12.875, 9.875], "texture": "#0"},
				"west": {"uv": [10.875, 9.875, 11.875, 9.875], "texture": "#0"},
				"up": {"uv": [10.875, 9.875, 9.875, 8.875], "texture": "#0"},
				"down": {"uv": [11.875, 8.875, 10.875, 9.875], "texture": "#0"}
			}
		},
		{
			"from": [4, -7, 3],
			"to": [12, -7, 11],
			"rotation": {"angle": -45, "axis": "y", "origin": [8, -12, 7]},
			"faces": {
				"north": {"uv": [9.875, 9.875, 10.875, 9.875], "texture": "#0"},
				"east": {"uv": [8.875, 9.875, 9.875, 9.875], "texture": "#0"},
				"south": {"uv": [11.875, 9.875, 12.875, 9.875], "texture": "#0"},
				"west": {"uv": [10.875, 9.875, 11.875, 9.875], "texture": "#0"},
				"up": {"uv": [10.875, 9.875, 9.875, 8.875], "texture": "#0"},
				"down": {"uv": [11.875, 8.875, 10.875, 9.875], "texture": "#0"}
			}
		},
		{
			"from": [4, -9, 3],
			"to": [12, -9, 11],
			"rotation": {"angle": -45, "axis": "y", "origin": [8, -14, 7]},
			"faces": {
				"north": {"uv": [9.875, 9.875, 10.875, 9.875], "texture": "#0"},
				"east": {"uv": [8.875, 9.875, 9.875, 9.875], "texture": "#0"},
				"south": {"uv": [11.875, 9.875, 12.875, 9.875], "texture": "#0"},
				"west": {"uv": [10.875, 9.875, 11.875, 9.875], "texture": "#0"},
				"up": {"uv": [10.875, 9.875, 9.875, 8.875], "texture": "#0"},
				"down": {"uv": [11.875, 8.875, 10.875, 9.875], "texture": "#0"}
			}
		},
		{
			"from": [4, -11, 3],
			"to": [12, -11, 11],
			"rotation": {"angle": -45, "axis": "y", "origin": [8, -16, 7]},
			"faces": {
				"north": {"uv": [9.875, 9.875, 10.875, 9.875], "texture": "#0"},
				"east": {"uv": [8.875, 9.875, 9.875, 9.875], "texture": "#0"},
				"south": {"uv": [11.875, 9.875, 12.875, 9.875], "texture": "#0"},
				"west": {"uv": [10.875, 9.875, 11.875, 9.875], "texture": "#0"},
				"up": {"uv": [10.875, 9.875, 9.875, 8.875], "texture": "#0"},
				"down": {"uv": [11.875, 8.875, 10.875, 9.875], "texture": "#0"}
			}
		},
		{
			"from": [8, -14, 6],
			"to": [8, -13, 8],
			"rotation": {"angle": 0, "axis": "y", "origin": [8, -13.5, 7]},
			"faces": {
				"north": {"uv": [1.375, 4.875, 1.375, 5], "texture": "#0"},
				"east": {"uv": [1.125, 4.875, 1.375, 5], "texture": "#0"},
				"south": {"uv": [1.625, 4.875, 1.625, 5], "texture": "#0"},
				"west": {"uv": [1.375, 4.875, 1.625, 5], "texture": "#0"},
				"up": {"uv": [1.375, 4.875, 1.375, 4.625], "texture": "#0"},
				"down": {"uv": [1.375, 4.625, 1.375, 4.875], "texture": "#0"}
			}
		},
		{
			"from": [7, -14, 7],
			"to": [9, -13, 7],
			"rotation": {"angle": 0, "axis": "y", "origin": [16, -6, 14]},
			"faces": {
				"north": {"uv": [1.125, 5, 1.375, 5.125], "texture": "#0"},
				"east": {"uv": [1.125, 5, 1.125, 5.125], "texture": "#0"},
				"south": {"uv": [1.375, 5, 1.625, 5.125], "texture": "#0"},
				"west": {"uv": [1.375, 5, 1.375, 5.125], "texture": "#0"},
				"up": {"uv": [1.375, 5, 1.125, 5], "texture": "#0"},
				"down": {"uv": [1.625, 5, 1.375, 5], "texture": "#0"}
			}
		},
		{
			"from": [-7, 18, 0],
			"to": [3, 32, 8],
			"rotation": {"angle": 0, "axis": "y", "origin": [8, 26, 8]},
			"faces": {
				"north": {"uv": [1, 8.5, 2.25, 10.25], "texture": "#0"},
				"east": {"uv": [0, 8.5, 1, 10.25], "texture": "#0"},
				"south": {"uv": [3.25, 8.5, 4.5, 10.25], "texture": "#0"},
				"west": {"uv": [2.25, 8.5, 3.25, 10.25], "texture": "#0"},
				"up": {"uv": [2.25, 8.5, 1, 7.5], "texture": "#0"},
				"down": {"uv": [3.5, 7.5, 2.25, 8.5], "texture": "#0"}
			}
		},
		{
			"from": [-6, 25, -1],
			"to": [2, 30, 0],
			"rotation": {"angle": 0, "axis": "y", "origin": [8, 26, 7]},
			"faces": {
				"north": {"uv": [11.375, 5, 12.375, 5.625], "texture": "#0"},
				"east": {"uv": [11.25, 5, 11.375, 5.625], "texture": "#0"},
				"south": {"uv": [12.5, 5, 13.5, 5.625], "texture": "#0"},
				"west": {"uv": [12.375, 5, 12.5, 5.625], "texture": "#0"},
				"up": {"uv": [12.375, 5, 11.375, 4.875], "texture": "#0"},
				"down": {"uv": [13.375, 4.875, 12.375, 5], "texture": "#0"}
			}
		},
		{
			"from": [-7.005, 11.995, 1.995],
			"to": [-2.995, 18.005, 6.005],
			"rotation": {"angle": 45, "axis": "x", "origin": [-5, 18, 4]},
			"faces": {
				"north": {"uv": [7, 12.125, 7.5, 12.875], "texture": "#0"},
				"east": {"uv": [6.5, 12.125, 7, 12.875], "texture": "#0"},
				"south": {"uv": [8, 12.125, 8.5, 12.875], "texture": "#0"},
				"west": {"uv": [7.5, 12.125, 8, 12.875], "texture": "#0"},
				"up": {"uv": [7.5, 12.125, 7, 11.625], "texture": "#0"},
				"down": {"uv": [8, 11.625, 7.5, 12.125], "texture": "#0"}
			}
		},
		{
			"from": [-1.005, 11.995, 1.995],
			"to": [3.005, 18.005, 6.005],
			"rotation": {"angle": -45, "axis": "x", "origin": [1, 18, 4]},
			"faces": {
				"north": {"uv": [5, 12.125, 5.5, 12.875], "texture": "#0"},
				"east": {"uv": [4.5, 12.125, 5, 12.875], "texture": "#0"},
				"south": {"uv": [6, 12.125, 6.5, 12.875], "texture": "#0"},
				"west": {"uv": [5.5, 12.125, 6, 12.875], "texture": "#0"},
				"up": {"uv": [5.5, 12.125, 5, 11.625], "texture": "#0"},
				"down": {"uv": [6, 11.625, 5.5, 12.125], "texture": "#0"}
			}
		},
		{
			"from": [-6, 19, 8],
			"to": [2, 30, 12],
			"rotation": {"angle": 0, "axis": "y", "origin": [13, 18, 16]},
			"faces": {
				"north": {"uv": [0.5, 10.75, 1.5, 12.125], "texture": "#0"},
				"east": {"uv": [0, 10.75, 0.5, 12.125], "texture": "#0"},
				"south": {"uv": [2, 10.75, 3, 12.125], "texture": "#0"},
				"west": {"uv": [1.5, 10.75, 2, 12.125], "texture": "#0"},
				"up": {"uv": [1.5, 10.75, 0.5, 10.25], "texture": "#0"},
				"down": {"uv": [2.5, 10.25, 1.5, 10.75], "texture": "#0"}
			}
		},
		{
			"from": [5, 21, -2],
			"to": [8, 24, 1],
			"rotation": {"angle": -22.5, "axis": "y", "origin": [6.5, 25.25, -0.5]},
			"faces": {
				"north": {"uv": [0.375, 5.25, 0.75, 5.625], "texture": "#0"},
				"east": {"uv": [0, 5.25, 0.375, 5.625], "texture": "#0"},
				"south": {"uv": [1.125, 5.25, 1.5, 5.625], "texture": "#0"},
				"west": {"uv": [0.75, 5.25, 1.125, 5.625], "texture": "#0"},
				"up": {"uv": [0.75, 5.25, 0.375, 4.875], "texture": "#0"},
				"down": {"uv": [1.125, 4.875, 0.75, 5.25], "texture": "#0"}
			}
		},
		{
			"from": [6.5, 24, -2],
			"to": [6.5, 32, 1],
			"rotation": {"angle": -22.5, "axis": "y", "origin": [6.5, 25.25, -0.5]},
			"faces": {
				"north": {"uv": [0.375, 7.5, 0.375, 8.5], "texture": "#0"},
				"east": {"uv": [0, 7.5, 0.375, 8.5], "texture": "#0"},
				"south": {"uv": [0.75, 7.5, 0.75, 8.5], "texture": "#0"},
				"west": {"uv": [0.375, 7.5, 0.75, 8.5], "texture": "#0"},
				"up": {"uv": [0.375, 7.5, 0.375, 7.125], "texture": "#0"},
				"down": {"uv": [0.375, 7.125, 0.375, 7.5], "texture": "#0"}
			}
		},
		{
			"from": [16, 17, 3],
			"to": [26, 31, 11],
			"rotation": {"angle": 22.5, "axis": "y", "origin": [21, 20.4, 7.3]},
			"faces": {
				"north": {"uv": [6.75, 6.75, 8, 8.5], "texture": "#0"},
				"east": {"uv": [5.75, 6.75, 6.75, 8.5], "texture": "#0"},
				"south": {"uv": [9, 6.75, 10.25, 8.5], "texture": "#0"},
				"west": {"uv": [8, 6.75, 9, 8.5], "texture": "#0"},
				"up": {"uv": [8, 6.75, 6.75, 5.75], "texture": "#0"},
				"down": {"uv": [9.25, 5.75, 8, 6.75], "texture": "#0"}
			}
		},
		{
			"from": [17, 18, 11],
			"to": [25, 29, 15],
			"rotation": {"angle": 22.5, "axis": "y", "origin": [21, 20.4, 7.3]},
			"faces": {
				"north": {"uv": [9.25, 10.375, 10.25, 11.75], "texture": "#0"},
				"east": {"uv": [8.75, 10.375, 9.25, 11.75], "texture": "#0"},
				"south": {"uv": [10.75, 10.375, 11.75, 11.75], "texture": "#0"},
				"west": {"uv": [10.25, 10.375, 10.75, 11.75], "texture": "#0"},
				"up": {"uv": [10.25, 10.375, 9.25, 9.875], "texture": "#0"},
				"down": {"uv": [11.25, 9.875, 10.25, 10.375], "texture": "#0"}
			}
		},
		{
			"from": [22, 11, 5],
			"to": [26, 17, 9],
			"rotation": {"angle": 22.5, "axis": "y", "origin": [21, 20.4, 7.3]},
			"faces": {
				"north": {"uv": [3, 12.125, 3.5, 12.875], "texture": "#0"},
				"east": {"uv": [2.5, 12.125, 3, 12.875], "texture": "#0"},
				"south": {"uv": [4, 12.125, 4.5, 12.875], "texture": "#0"},
				"west": {"uv": [3.5, 12.125, 4, 12.875], "texture": "#0"},
				"up": {"uv": [3.5, 12.125, 3, 11.625], "texture": "#0"},
				"down": {"uv": [4, 11.625, 3.5, 12.125], "texture": "#0"}
			}
		},
		{
			"from": [16, 11, 5],
			"to": [20, 17, 9],
			"rotation": {"angle": 22.5, "axis": "y", "origin": [21, 20.4, 7.3]},
			"faces": {
				"north": {"uv": [11.75, 11.75, 12.25, 12.5], "texture": "#0"},
				"east": {"uv": [11.25, 11.75, 11.75, 12.5], "texture": "#0"},
				"south": {"uv": [12.75, 11.75, 13.25, 12.5], "texture": "#0"},
				"west": {"uv": [12.25, 11.75, 12.75, 12.5], "texture": "#0"},
				"up": {"uv": [12.25, 11.75, 11.75, 11.25], "texture": "#0"},
				"down": {"uv": [12.75, 11.25, 12.25, 11.75], "texture": "#0"}
			}
		},
		{
			"from": [17, 24, 2],
			"to": [25, 29, 3],
			"rotation": {"angle": 22.5, "axis": "y", "origin": [21, 20.4, 7.3]},
			"faces": {
				"north": {"uv": [6.25, 5, 7.25, 5.625], "texture": "#0"},
				"east": {"uv": [6.125, 5, 6.25, 5.625], "texture": "#0"},
				"south": {"uv": [7.375, 5, 8.375, 5.625], "texture": "#0"},
				"west": {"uv": [7.25, 5, 7.375, 5.625], "texture": "#0"},
				"up": {"uv": [7.25, 5, 6.25, 4.875], "texture": "#0"},
				"down": {"uv": [8.25, 4.875, 7.25, 5], "texture": "#0"}
			}
		},
		{
			"from": [22, 22, 0],
			"to": [32, 32, 0],
			"rotation": {"angle": 0, "axis": "y", "origin": [39, 32, 8]},
			"faces": {
				"north": {"uv": [5.5, 10.375, 6.75, 11.625], "texture": "#0"},
				"east": {"uv": [5.5, 10.375, 5.5, 11.625], "texture": "#0"},
				"south": {"uv": [6.75, 10.375, 8, 11.625], "texture": "#0"},
				"west": {"uv": [6.75, 10.375, 6.75, 11.625], "texture": "#0"},
				"up": {"uv": [6.75, 10.375, 5.5, 10.375], "texture": "#0"},
				"down": {"uv": [8, 10.375, 6.75, 10.375], "texture": "#0"}
			}
		},
		{
			"from": [6.82686, 21.7884, 8],
			"to": [16.82686, 31.7884, 8],
			"rotation": {"angle": 22.5, "axis": "z", "origin": [11.82686, 26.7884, 8]},
			"faces": {
				"north": {"uv": [3, 10.375, 4.25, 11.625], "texture": "#0"},
				"east": {"uv": [3, 10.375, 3, 11.625], "texture": "#0"},
				"south": {"uv": [4.25, 10.375, 5.5, 11.625], "texture": "#0"},
				"west": {"uv": [4.25, 10.375, 4.25, 11.625], "texture": "#0"},
				"up": {"uv": [4.25, 10.375, 3, 10.375], "texture": "#0"},
				"down": {"uv": [5.5, 10.375, 4.25, 10.375], "texture": "#0"}
			}
		},
		{
			"from": [-15, -8, -1],
			"to": [-7, -4, 10],
			"rotation": {"angle": -45, "axis": "y", "origin": [-11, -11.14286, 3.14286]},
			"faces": {
				"north": {"uv": [5.875, 9.875, 6.875, 10.375], "texture": "#0"},
				"east": {"uv": [4.5, 9.875, 5.875, 10.375], "texture": "#0"},
				"south": {"uv": [8.25, 9.875, 9.25, 10.375], "texture": "#0"},
				"west": {"uv": [6.875, 9.875, 8.25, 10.375], "texture": "#0"},
				"up": {"uv": [6.875, 9.875, 5.875, 8.5], "texture": "#0"},
				"down": {"uv": [7.875, 8.5, 6.875, 9.875], "texture": "#0"}
			}
		},
		{
			"from": [-16, -14, 11],
			"to": [-12, -10, 17],
			"rotation": {"angle": -45, "axis": "y", "origin": [-11, -11.14286, 3.14286]},
			"faces": {
				"north": {"uv": [11, 7.875, 11.5, 8.375], "texture": "#0"},
				"east": {"uv": [10.25, 7.875, 11, 8.375], "texture": "#0"},
				"south": {"uv": [12.25, 7.875, 12.75, 8.375], "texture": "#0"},
				"west": {"uv": [11.5, 7.875, 12.25, 8.375], "texture": "#0"},
				"up": {"uv": [11.5, 7.875, 11, 7.125], "texture": "#0"},
				"down": {"uv": [12, 7.125, 11.5, 7.875], "texture": "#0"}
			}
		},
		{
			"from": [-10, -14, 11],
			"to": [-6, -10, 17],
			"rotation": {"angle": -45, "axis": "y", "origin": [-11, -11.14286, 3.14286]},
			"faces": {
				"north": {"uv": [11, 6.625, 11.5, 7.125], "texture": "#0"},
				"east": {"uv": [10.25, 6.625, 11, 7.125], "texture": "#0"},
				"south": {"uv": [12.25, 6.625, 12.75, 7.125], "texture": "#0"},
				"west": {"uv": [11.5, 6.625, 12.25, 7.125], "texture": "#0"},
				"up": {"uv": [11.5, 6.625, 11, 5.875], "texture": "#0"},
				"down": {"uv": [12, 5.875, 11.5, 6.625], "texture": "#0"}
			}
		},
		{
			"from": [-12.5, -13.5, -4.5],
			"to": [-9.5, -10.5, -1.5],
			"rotation": {"angle": -45, "axis": "y", "origin": [-11, -11.14286, 3.14286]},
			"faces": {
				"north": {"uv": [5.375, 6.125, 5.625, 6.375], "texture": "#0"},
				"east": {"uv": [5.125, 6.125, 5.375, 6.375], "texture": "#0"},
				"south": {"uv": [5.875, 6.125, 6.125, 6.375], "texture": "#0"},
				"west": {"uv": [5.625, 6.125, 5.875, 6.375], "texture": "#0"},
				"up": {"uv": [5.625, 6.125, 5.375, 5.875], "texture": "#0"},
				"down": {"uv": [5.875, 5.875, 5.625, 6.125], "texture": "#0"}
			}
		},
		{
			"from": [-10.5, -13.5, -7.5],
			"to": [-7.5, -10.5, -4.5],
			"rotation": {"angle": -45, "axis": "y", "origin": [-11, -11.14286, 3.14286]},
			"faces": {
				"north": {"uv": [4.375, 6.125, 4.625, 6.375], "texture": "#0"},
				"east": {"uv": [4.125, 6.125, 4.375, 6.375], "texture": "#0"},
				"south": {"uv": [4.875, 6.125, 5.125, 6.375], "texture": "#0"},
				"west": {"uv": [4.625, 6.125, 4.875, 6.375], "texture": "#0"},
				"up": {"uv": [4.625, 6.125, 4.375, 5.875], "texture": "#0"},
				"down": {"uv": [4.875, 5.875, 4.625, 6.125], "texture": "#0"}
			}
		},
		{
			"from": [-14.5, -13.5, -7.5],
			"to": [-11.5, -10.5, -4.5],
			"rotation": {"angle": -45, "axis": "y", "origin": [-11, -11.14286, 3.14286]},
			"faces": {
				"north": {"uv": [0.25, 5.875, 0.5, 6.125], "texture": "#0"},
				"east": {"uv": [0, 5.875, 0.25, 6.125], "texture": "#0"},
				"south": {"uv": [0.75, 5.875, 1, 6.125], "texture": "#0"},
				"west": {"uv": [0.5, 5.875, 0.75, 6.125], "texture": "#0"},
				"up": {"uv": [0.5, 5.875, 0.25, 5.625], "texture": "#0"},
				"down": {"uv": [0.75, 5.625, 0.5, 5.875], "texture": "#0"}
			}
		},
		{
			"from": [-16, -16, -2],
			"to": [-6, -8, 11],
			"rotation": {"angle": -45, "axis": "y", "origin": [-11, -11.14286, 3.14286]},
			"faces": {
				"north": {"uv": [1.625, 6.5, 2.875, 7.5], "texture": "#0"},
				"east": {"uv": [0, 6.5, 1.625, 7.5], "texture": "#0"},
				"south": {"uv": [4.5, 6.5, 5.75, 7.5], "texture": "#0"},
				"west": {"uv": [2.875, 6.5, 4.5, 7.5], "texture": "#0"},
				"up": {"uv": [2.875, 6.5, 1.625, 4.875], "texture": "#0"},
				"down": {"uv": [4.125, 4.875, 2.875, 6.5], "texture": "#0"}
			}
		}
	],
	"display": {
		"head": {
			"translation": [0, 2.5, 0],
			"scale": [2.5, 2.5, 2.5]
		}
	},
	"groups": [
		{
			"name": "monitor",
			"origin": [37, 20, 8],
			"children": [0, 1,
				{
					"name": "floatation_rod",
					"origin": [8, -5, 7],
					"children": [2, 3, 4, 5, 6, 7, 8, 9, 10, 11]
				},
				{
					"name": "imposter",
					"origin": [13, 18, 16],
					"children": [12, 13, 14, 15, 16, 17, 18]
				},
				{
					"name": "bystander",
					"origin": [21, 20.4, 7.3],
					"children": [19, 20, 21, 22, 23, 24, 25]
				},
				{
					"name": "group",
					"origin": [-3, -11.14286, 3.14286],
					"children": [26, 27, 28, 29, 30, 31, 32]
				}
			]
		}
	]
}