{
	"credit": "Made with Blockbench",
	"texture_size": [32, 32],
	"textures": {
		"0": "wardrobe/dragon_tail",
		"particle": "wardrobe/dragon_tail"
	},
	"elements": [
		{
			"from": [6.5, 11, 0],
			"to": [9.5, 14, 5],
			"rotation": {"angle": 45, "axis": "x", "origin": [8, 12.5, 0]},
			"faces": {
				"north": {"uv": [2, 0, 3.5, 1.5], "texture": "#0", "tintindex": 0},
				"east": {"uv": [5.5, 1.5, 8, 0], "texture": "#0", "tintindex": 0},
				"south": {"uv": [8.5, 7, 10, 8.5], "texture": "#0", "tintindex": 0},
				"west": {"uv": [5.5, 0, 8, 1.5], "texture": "#0", "tintindex": 0},
				"up": {"uv": [7, 4, 5.5, 1.5], "texture": "#0", "tintindex": 0},
				"down": {"uv": [7, 1.5, 5.5, 4], "texture": "#0", "tintindex": 0}
			}
		},
		{
			"name": "spikes",
			"from": [8, 14, 0],
			"to": [8, 17, 5],
			"rotation": {"angle": 45, "axis": "x", "origin": [8, 12.5, 0]},
			"faces": {
				"north": {"uv": [0, 0, 0, 1.5], "texture": "#0"},
				"east": {"uv": [5.5, 7, 3, 8.5], "texture": "#0"},
				"south": {"uv": [0, 0, 0, 1.5], "texture": "#0"},
				"west": {"uv": [3, 7, 5.5, 8.5], "texture": "#0"},
				"up": {"uv": [0, 2.5, 0, 0], "texture": "#0"},
				"down": {"uv": [0, 0, 0, 2.5], "texture": "#0"}
			}
		},
		{
			"from": [6.75, 3, 0],
			"to": [9.25, 9, 2.5],
			"rotation": {"angle": -22.5, "axis": "x", "origin": [8, 14, 1.25]},
			"faces": {
				"north": {"uv": [4, 3, 5.5, 0], "texture": "#0", "tintindex": 0},
				"east": {"uv": [3, 5, 1.5, 8], "texture": "#0", "tintindex": 0},
				"south": {"uv": [4, 0, 5.5, 3], "texture": "#0", "tintindex": 0},
				"west": {"uv": [1.5, 5, 3, 8], "texture": "#0", "tintindex": 0},
				"up": {"uv": [10.5, 4.5, 9, 3], "texture": "#0", "tintindex": 0},
				"down": {"uv": [10.5, 4.5, 9, 6], "texture": "#0", "tintindex": 0}
			}
		},
		{
			"name": "spikes",
			"from": [8, 3, 2],
			"to": [8, 9, 5.5],
			"rotation": {"angle": -22.5, "axis": "x", "origin": [8, 14, 1.25]},
			"faces": {
				"north": {"uv": [0, 0, 0, 3], "texture": "#0"},
				"east": {"uv": [4, 2, 2, 5], "texture": "#0"},
				"south": {"uv": [0, 0, 0, 3], "texture": "#0"},
				"west": {"uv": [2, 2, 4, 5], "texture": "#0"},
				"up": {"uv": [0, 2, 0, 0], "texture": "#0"},
				"down": {"uv": [0, 0, 0, 2], "texture": "#0"}
			}
		},
		{
			"from": [7, -5, -3.75],
			"to": [9, 1, -1.75],
			"rotation": {"angle": -45, "axis": "x", "origin": [8, 12, -2.75]},
			"faces": {
				"north": {"uv": [0, 11.5, 1, 8.5], "texture": "#0", "tintindex": 0},
				"east": {"uv": [3.5, 8.5, 2.5, 11.5], "texture": "#0", "tintindex": 0},
				"south": {"uv": [0, 8.5, 1, 11.5], "texture": "#0", "tintindex": 0},
				"west": {"uv": [2.5, 8.5, 3.5, 11.5], "texture": "#0", "tintindex": 0},
				"up": {"uv": [5, 4, 4, 3], "texture": "#0", "tintindex": 0},
				"down": {"uv": [4, 5, 3, 6], "texture": "#0", "tintindex": 0}
			}
		},
		{
			"name": "spikes",
			"from": [8, -5, -1.75],
			"to": [8, 0, 1.25],
			"rotation": {"angle": -45, "axis": "x", "origin": [7, 12, -2.75]},
			"faces": {
				"north": {"uv": [0, 0, 0, 2.5], "texture": "#0"},
				"east": {"uv": [8.5, 7, 7, 9.5], "texture": "#0"},
				"south": {"uv": [0, 0, 0, 2.5], "texture": "#0"},
				"west": {"uv": [7, 7, 8.5, 9.5], "texture": "#0"},
				"up": {"uv": [0, 1.5, 0, 0], "texture": "#0"},
				"down": {"uv": [0, 0, 0, 1.5], "texture": "#0"}
			}
		},
		{
			"from": [7.25, 6, 10],
			"to": [8.75, 7.5, 16],
			"rotation": {"angle": 22.5, "axis": "x", "origin": [8, 6.75, -7]},
			"faces": {
				"north": {"uv": [3, 6, 4, 7], "texture": "#0", "tintindex": 0},
				"east": {"uv": [11.5, 8.5, 8.5, 9.5], "texture": "#0", "tintindex": 0},
				"south": {"uv": [7, 3, 8, 4], "texture": "#0", "tintindex": 0},
				"west": {"uv": [8.5, 8.5, 11.5, 9.5], "texture": "#0", "tintindex": 0},
				"up": {"uv": [4.5, 11.5, 3.5, 8.5], "texture": "#0", "tintindex": 0},
				"down": {"uv": [4.5, 8.5, 3.5, 11.5], "texture": "#0", "tintindex": 0}
			}
		},
		{
			"name": "spikes",
			"from": [8, 7.5, 11],
			"to": [8, 10.5, 16],
			"rotation": {"angle": 22.5, "axis": "x", "origin": [8.75, 6.75, -7]},
			"faces": {
				"north": {"uv": [0, 0, 0, 1.5], "texture": "#0"},
				"east": {"uv": [10.5, 0, 8, 1.5], "texture": "#0"},
				"south": {"uv": [0, 0, 0, 1.5], "texture": "#0"},
				"west": {"uv": [8, 0, 10.5, 1.5], "texture": "#0"},
				"up": {"uv": [0, 2.5, 0, 0], "texture": "#0"},
				"down": {"uv": [0, 0, 0, 2.5], "texture": "#0"}
			}
		}
	],
	"gui_light": "front",
	"display": {
		"thirdperson_righthand": {
			"rotation": [61.75, 0, 0],
			"translation": [-5.25, -13.75, 1],
			"scale": [0.8, 0.8, 0.8]
		},
		"thirdperson_lefthand": {
			"rotation": [61.75, 0, 0],
			"translation": [-5.25, -13.75, 1],
			"scale": [0.8, 0.8, 0.8]
		},
		"gui": {
			"rotation": [0, 49, 0],
			"translation": [0.75, 2.5, 0]
		},
		"head": {
			"rotation": [-28, 0, 0],
			"translation": [0, -51.75, 19.5],
			"scale": [1.6, 1.6, 1.6]
		}
	},
	"groups": [
		{
			"name": "group",
			"origin": [8.75, 6.75, -7],
			"children": [0, 1, 2, 3, 4, 5, 6, 7]
		}
	]
}