{
	"credit": "Made with Blockbench",
	"texture_size": [256, 256],
	"textures": {
		"0": "manamodels:entity/dragon",
		"particle": "manamodels:entity/dragon"
	},
	"elements": [
		{
			"name": "head_0",
			"from": [4.394, 4.394, 0.794],
			"to": [11.606, 12.806, 8.006],
			"faces": {
				"north": {"uv": [2, 7.25, 2.75, 8.125], "texture": "#0", "tintindex": 0},
				"east": {"uv": [7.625, 5.25, 8.375, 6.125], "texture": "#0", "tintindex": 0},
				"south": {"uv": [4.1875, 7.8125, 4.9375, 8.6875], "texture": "#0", "tintindex": 0},
				"west": {"uv": [4.9375, 7.8125, 5.6875, 8.6875], "texture": "#0", "tintindex": 0},
				"up": {"uv": [1.5, 8.75, 0.75, 8], "texture": "#0", "tintindex": 0},
				"down": {"uv": [5.6875, 8.0625, 6.4375, 8.8125], "texture": "#0", "tintindex": 0}
			}
		},
		{
			"name": "head_1",
			"from": [4.4, 12.8, 0.8],
			"to": [11.6, 20, 8],
			"faces": {
				"north": {"uv": [1.5, 8.125, 2.25, 8.875], "texture": "#0", "tintindex": 0},
				"east": {"uv": [6.4375, 8.125, 7.1875, 8.875], "texture": "#0", "tintindex": 0},
				"south": {"uv": [7.1875, 8.125, 7.9375, 8.875], "texture": "#0", "tintindex": 0},
				"west": {"uv": [7.9375, 8.125, 8.6875, 8.875], "texture": "#0", "tintindex": 0},
				"up": {"uv": [8.875, 2, 8.125, 1.25], "texture": "#0", "tintindex": 0},
				"down": {"uv": [8.125, 2, 8.875, 2.75], "texture": "#0", "tintindex": 0}
			}
		},
		{
			"name": "head_2",
			"from": [5.6, -5.2, 3.8],
			"to": [10.4, 4.4, 6.2],
			"faces": {
				"north": {"uv": [4, 8.6875, 4.5, 9.6875], "texture": "#0", "tintindex": 0},
				"east": {"uv": [8.75, 9.625, 9, 10.625], "texture": "#0", "tintindex": 0},
				"south": {"uv": [4.5, 8.6875, 5, 9.6875], "texture": "#0", "tintindex": 0},
				"west": {"uv": [7.875, 9.875, 8.125, 10.875], "texture": "#0", "tintindex": 0},
				"up": {"uv": [6.1875, 8.0625, 5.6875, 7.8125], "texture": "#0", "tintindex": 0},
				"down": {"uv": [2.75, 8.25, 3.25, 8.5], "texture": "#0", "tintindex": 0}
			}
		},
		{
			"name": "head_3",
			"from": [5.606, -5.194, 6.206],
			"to": [10.394, 4.394, 8.594],
			"faces": {
				"north": {"uv": [0.5, 13.3125, 0, 13.0625], "texture": "#0", "tintindex": 0},
				"east": {"uv": [0, 11.25, 0.25, 12.25], "texture": "#0", "tintindex": 0},
				"south": {"uv": [0.5, 13.3125, 0, 13.0625], "texture": "#0", "tintindex": 0},
				"west": {"uv": [0.25, 11.25, 0, 12.25], "texture": "#0", "tintindex": 0},
				"up": {"uv": [0.5, 13.3125, 0, 13.0625], "texture": "#0", "tintindex": 0},
				"down": {"uv": [0.25, 11.3125, 0.75, 11.5625], "texture": "#0", "tintindex": 0}
			}
		},
		{
			"name": "jaw_0",
			"from": [5.594, -4.606, 9.794],
			"to": [10.406, 5.006, 15.806],
			"rotation": {"angle": 0, "axis": "y", "origin": [8, 5, 8]},
			"faces": {
				"north": {"uv": [0.5, 8.75, 1, 9.75], "texture": "#0", "tintindex": 0},
				"east": {"uv": [6.1875, 7.0625, 6.8125, 8.0625], "texture": "#0", "tintindex": 0},
				"south": {"uv": [1, 8.75, 1.5, 9.75], "texture": "#0", "tintindex": 0},
				"west": {"uv": [2.75, 7.25, 3.375, 8.25], "texture": "#0", "tintindex": 0},
				"up": {"uv": [2.875, 10.125, 2.375, 9.5], "texture": "#0", "tintindex": 0},
				"down": {"uv": [2.875, 9.5, 3.375, 10.125], "texture": "#0", "tintindex": 0}
			}
		},
		{
			"name": "jaw_1",
			"from": [5.594, -4.606, 7.994],
			"to": [10.406, 5.006, 9.806],
			"rotation": {"angle": 0, "axis": "y", "origin": [8, 5, 8]},
			"faces": {
				"north": {"uv": [4.5, 8.6875, 5, 9.6875], "texture": "#0", "tintindex": 0},
				"east": {"uv": [3.875, 10.1875, 4.0625, 11.1875], "texture": "#0", "tintindex": 0},
				"south": {"uv": [0, 8.75, 0.5, 9.75], "texture": "#0", "tintindex": 0},
				"west": {"uv": [4.0625, 10.1875, 4.25, 11.1875], "texture": "#0", "tintindex": 0},
				"up": {"uv": [11.375, 9.3125, 10.875, 9.125], "texture": "#0", "tintindex": 0},
				"down": {"uv": [10.875, 10, 11.375, 10.1875], "texture": "#0", "tintindex": 0}
			}
		},
		{
			"name": "facialfans_right_0",
			"from": [11.5, 8, 2],
			"to": [11.5, 20, 14],
			"rotation": {"angle": -22.5, "axis": "z", "origin": [11.5, 8, 8]},
			"faces": {
				"north": {"uv": [0, 0, 0, 1.25], "texture": "#0", "tintindex": 0},
				"east": {"uv": [6.875, 1.25, 8.125, 2.5], "texture": "#0", "tintindex": 0},
				"south": {"uv": [0, 0, 0, 1.25], "texture": "#0", "tintindex": 0},
				"west": {"uv": [6.875, 2.5, 8.125, 3.75], "texture": "#0", "tintindex": 0},
				"up": {"uv": [0, 1.25, 0, 0], "texture": "#0", "tintindex": 0},
				"down": {"uv": [0, 0, 0, 1.25], "texture": "#0", "tintindex": 0}
			}
		},
		{
			"name": "facialfans_left_0",
			"from": [4.5, 8, 2],
			"to": [4.5, 20, 14],
			"rotation": {"angle": 22.5, "axis": "z", "origin": [4.5, 8, 8]},
			"faces": {
				"north": {"uv": [0, 0, 0, 1.25], "texture": "#0", "tintindex": 0},
				"east": {"uv": [8.125, 2.5, 6.875, 3.75], "texture": "#0", "tintindex": 0},
				"south": {"uv": [0, 0, 0, 1.25], "texture": "#0", "tintindex": 0},
				"west": {"uv": [8.125, 1.25, 6.875, 2.5], "texture": "#0", "tintindex": 0},
				"up": {"uv": [0, 1.25, 0, 0], "texture": "#0", "tintindex": 0},
				"down": {"uv": [0, 0, 0, 1.25], "texture": "#0", "tintindex": 0}
			}
		},
		{
			"name": "horn1_right_0",
			"from": [10.094, 11.994, 4.194],
			"to": [11.906, 15.606, 6.006],
			"rotation": {"angle": -45, "axis": "x", "origin": [8, 8, 4]},
			"faces": {
				"north": {"uv": [11, 0.375, 11.1875, 0.75], "rotation": 180, "texture": "#0", "tintindex": 0},
				"east": {"uv": [6.4375, 3.25, 6.8125, 3.4375], "rotation": 270, "texture": "#0", "tintindex": 0},
				"south": {"uv": [11.1875, 0.375, 11, 0], "texture": "#0", "tintindex": 0},
				"west": {"uv": [11, 11, 11.375, 11.1875], "rotation": 90, "texture": "#0", "tintindex": 0},
				"up": {"uv": [11, 2, 11.1875, 2.1875], "rotation": 180, "texture": "#0", "tintindex": 0},
				"down": {"uv": [11, 3.375, 11.1875, 3.5625], "texture": "#0", "tintindex": 0}
			}
		},
		{
			"name": "horn2_right_0",
			"from": [10.25, 10.5, -4.75],
			"to": [11.75, 12, -0.85],
			"rotation": {"angle": 22.5, "axis": "x", "origin": [8, 10, 6]},
			"faces": {
				"north": {"uv": [1.875, 8, 2, 8.125], "texture": "#0", "tintindex": 0},
				"east": {"uv": [6.875, 6.75, 7.25, 6.875], "texture": "#0", "tintindex": 0},
				"south": {"uv": [4, 8.5625, 4.125, 8.6875], "texture": "#0", "tintindex": 0},
				"west": {"uv": [7.25, 6.75, 7.625, 6.875], "texture": "#0", "tintindex": 0},
				"up": {"uv": [4, 9.25, 3.875, 8.875], "texture": "#0", "tintindex": 0},
				"down": {"uv": [3.875, 9.25, 4, 9.625], "texture": "#0", "tintindex": 0}
			}
		},
		{
			"name": "horn3_right_0",
			"from": [10.4, 14.8, -6.6],
			"to": [11.6, 16, -3],
			"rotation": {"angle": 0, "axis": "x", "origin": [8, 14, 7]},
			"faces": {
				"north": {"uv": [5.5, 8.6875, 5.625, 8.8125], "texture": "#0", "tintindex": 0},
				"east": {"uv": [1.5, 8, 1.875, 8.125], "texture": "#0", "tintindex": 0},
				"south": {"uv": [8.5, 8.875, 8.625, 9], "texture": "#0", "tintindex": 0},
				"west": {"uv": [9.125, 9, 9.5, 9.125], "texture": "#0", "tintindex": 0},
				"up": {"uv": [9.125, 10, 9, 9.625], "texture": "#0", "tintindex": 0},
				"down": {"uv": [8.625, 10.125, 8.75, 10.5], "texture": "#0", "tintindex": 0}
			}
		},
		{
			"name": "hornbase_right_0",
			"from": [10.1, 8, 2],
			"to": [11.9, 12.8, 3.8],
			"rotation": {"angle": -22.5, "axis": "x", "origin": [8, 8, 2]},
			"faces": {
				"north": {"uv": [7.875, 10.875, 8.0625, 11.375], "rotation": 180, "texture": "#0", "tintindex": 0},
				"east": {"uv": [0.9375, 11, 1.4375, 11.1875], "rotation": 270, "texture": "#0", "tintindex": 0},
				"south": {"uv": [5.1875, 11.375, 5, 10.875], "texture": "#0", "tintindex": 0},
				"west": {"uv": [2.25, 11, 2.75, 11.1875], "rotation": 90, "texture": "#0", "tintindex": 0},
				"up": {"uv": [10.625, 6.375, 10.8125, 6.5625], "rotation": 180, "texture": "#0", "tintindex": 0},
				"down": {"uv": [10.625, 9.6875, 10.8125, 9.875], "texture": "#0", "tintindex": 0}
			}
		},
		{
			"name": "hornbase_left_0",
			"from": [4.1, 8, 2],
			"to": [5.9, 12.8, 3.8],
			"rotation": {"angle": -22.5, "axis": "x", "origin": [8, 8, 2]},
			"faces": {
				"north": {"uv": [8.0625, 10.875, 7.875, 11.375], "rotation": 180, "texture": "#0", "tintindex": 0},
				"east": {"uv": [2.75, 11, 2.25, 11.1875], "rotation": 270, "texture": "#0", "tintindex": 0},
				"south": {"uv": [5, 11.375, 5.1875, 10.875], "texture": "#0", "tintindex": 0},
				"west": {"uv": [1.4375, 11, 0.9375, 11.1875], "rotation": 90, "texture": "#0", "tintindex": 0},
				"up": {"uv": [10.8125, 6.375, 10.625, 6.5625], "rotation": 180, "texture": "#0", "tintindex": 0},
				"down": {"uv": [10.8125, 9.6875, 10.625, 9.875], "texture": "#0", "tintindex": 0}
			}
		},
		{
			"name": "horn1_left_0",
			"from": [4.094, 11.994, 4.194],
			"to": [5.906, 15.606, 6.006],
			"rotation": {"angle": -45, "axis": "x", "origin": [8, 8, 4]},
			"faces": {
				"north": {"uv": [11.1875, 0.375, 11, 0.75], "rotation": 180, "texture": "#0", "tintindex": 0},
				"east": {"uv": [11.375, 11, 11, 11.1875], "rotation": 270, "texture": "#0", "tintindex": 0},
				"south": {"uv": [11, 0.375, 11.1875, 0], "texture": "#0", "tintindex": 0},
				"west": {"uv": [6.8125, 3.25, 6.4375, 3.4375], "rotation": 90, "texture": "#0", "tintindex": 0},
				"up": {"uv": [11.1875, 2, 11, 2.1875], "rotation": 180, "texture": "#0", "tintindex": 0},
				"down": {"uv": [11.1875, 3.375, 11, 3.5625], "texture": "#0", "tintindex": 0}
			}
		},
		{
			"name": "horn2_left_0",
			"from": [4.25, 10.5, -4.75],
			"to": [5.75, 12, -0.85],
			"rotation": {"angle": 22.5, "axis": "x", "origin": [8, 10, 6]},
			"faces": {
				"north": {"uv": [2, 8, 1.875, 8.125], "texture": "#0", "tintindex": 0},
				"east": {"uv": [7.625, 6.75, 7.25, 6.875], "texture": "#0", "tintindex": 0},
				"south": {"uv": [4.125, 8.5625, 4, 8.6875], "texture": "#0", "tintindex": 0},
				"west": {"uv": [7.25, 6.75, 6.875, 6.875], "texture": "#0", "tintindex": 0},
				"up": {"uv": [3.875, 9.25, 4, 8.875], "texture": "#0", "tintindex": 0},
				"down": {"uv": [4, 9.25, 3.875, 9.625], "texture": "#0", "tintindex": 0}
			}
		},
		{
			"name": "horn3_left_0",
			"from": [4.4, 14.8, -6.6],
			"to": [5.6, 16, -3],
			"rotation": {"angle": 0, "axis": "x", "origin": [8, 14, 7]},
			"faces": {
				"north": {"uv": [5.625, 8.6875, 5.5, 8.8125], "texture": "#0", "tintindex": 0},
				"east": {"uv": [9.5, 9, 9.125, 9.125], "texture": "#0", "tintindex": 0},
				"south": {"uv": [8.625, 8.875, 8.5, 9], "texture": "#0", "tintindex": 0},
				"west": {"uv": [1.875, 8, 1.5, 8.125], "texture": "#0", "tintindex": 0},
				"up": {"uv": [9, 10, 9.125, 9.625], "texture": "#0", "tintindex": 0},
				"down": {"uv": [8.75, 10.125, 8.625, 10.5], "texture": "#0", "tintindex": 0}
			}
		}
	],
	"gui_light": "front",
	"display": {
		"gui": {
			"rotation": [108, 0, 150],
			"translation": [1.25, -2.75, 0],
			"scale": [0.8, 0.8, 0.8]
		}
	}
}