{
	"credit": "Made with Blockbench",
	"texture_size": [64, 64],
	"textures": {
		"0": "manamodels:entity/krykna",
		"particle": "manamodels:entity/krykna"
	},
	"elements": [
		{
			"name": "body_stem_0",
			"from": [6.2, 8, 6.2],
			"to": [9.8, 11.6, 9.8],
			"faces": {
				"north": {"uv": [8, 4, 9.5, 5.5], "texture": "#0", "tintindex": 0},
				"east": {"uv": [8, 5.5, 9.5, 7], "texture": "#0", "tintindex": 0},
				"south": {"uv": [4, 9, 5.5, 10.5], "texture": "#0", "tintindex": 0},
				"west": {"uv": [5.5, 9, 7, 10.5], "texture": "#0", "tintindex": 0},
				"up": {"uv": [11, 5.5, 9.5, 4], "texture": "#0", "tintindex": 0},
				"down": {"uv": [9.5, 5.5, 11, 7], "texture": "#0", "tintindex": 0}
			}
		},
		{
			"name": "body_stem_1",
			"from": [5.6, 9.2, 5],
			"to": [6.8, 10.4, 6.2],
			"faces": {
				"north": {"uv": [12, 12, 12.5, 12.5], "texture": "#0", "tintindex": 0},
				"east": {"uv": [12, 0, 12.5, 0.5], "texture": "#0", "tintindex": 0},
				"south": {"uv": [12, 0.5, 12.5, 1], "texture": "#0", "tintindex": 0},
				"west": {"uv": [12, 1, 12.5, 1.5], "texture": "#0", "tintindex": 0},
				"up": {"uv": [12.5, 2, 12, 1.5], "texture": "#0", "tintindex": 0},
				"down": {"uv": [12, 2, 12.5, 2.5], "texture": "#0", "tintindex": 0}
			}
		},
		{
			"name": "body_stem_2",
			"from": [5.6, 9.2, 9.8],
			"to": [6.8, 10.4, 11],
			"faces": {
				"north": {"uv": [12.5, 0.5, 12, 1], "texture": "#0", "tintindex": 0},
				"east": {"uv": [12.5, 0, 12, 0.5], "texture": "#0", "tintindex": 0},
				"south": {"uv": [12.5, 12, 12, 12.5], "texture": "#0", "tintindex": 0},
				"west": {"uv": [12.5, 1, 12, 1.5], "texture": "#0", "tintindex": 0},
				"up": {"uv": [12.5, 1.5, 12, 2], "texture": "#0", "tintindex": 0},
				"down": {"uv": [12, 2.5, 12.5, 2], "texture": "#0", "tintindex": 0}
			}
		},
		{
			"name": "body_stem_3",
			"from": [9.2, 9.2, 5],
			"to": [10.4, 10.4, 6.2],
			"faces": {
				"north": {"uv": [12, 12, 12.5, 12.5], "texture": "#0", "tintindex": 0},
				"east": {"uv": [12, 0, 12.5, 0.5], "texture": "#0", "tintindex": 0},
				"south": {"uv": [12, 0.5, 12.5, 1], "texture": "#0", "tintindex": 0},
				"west": {"uv": [12, 1, 12.5, 1.5], "texture": "#0", "tintindex": 0},
				"up": {"uv": [12.5, 2, 12, 1.5], "texture": "#0", "tintindex": 0},
				"down": {"uv": [12, 2, 12.5, 2.5], "texture": "#0", "tintindex": 0}
			}
		},
		{
			"name": "body_stem_4",
			"from": [9.2, 9.2, 9.8],
			"to": [10.4, 10.4, 11],
			"faces": {
				"north": {"uv": [12.5, 0.5, 12, 1], "texture": "#0", "tintindex": 0},
				"east": {"uv": [12.5, 0, 12, 0.5], "texture": "#0", "tintindex": 0},
				"south": {"uv": [12.5, 12, 12, 12.5], "texture": "#0", "tintindex": 0},
				"west": {"uv": [12.5, 1, 12, 1.5], "texture": "#0", "tintindex": 0},
				"up": {"uv": [12.5, 1.5, 12, 2], "texture": "#0", "tintindex": 0},
				"down": {"uv": [12, 2.5, 12.5, 2], "texture": "#0", "tintindex": 0}
			}
		},
		{
			"name": "body_stem_5",
			"from": [9.8, 8.6, 8.6],
			"to": [11, 9.8, 9.8],
			"faces": {
				"north": {"uv": [12, 1, 12.5, 1.5], "texture": "#0", "tintindex": 0},
				"east": {"uv": [12, 12, 12.5, 12.5], "texture": "#0", "tintindex": 0},
				"south": {"uv": [12, 0, 12.5, 0.5], "texture": "#0", "tintindex": 0},
				"west": {"uv": [12, 0.5, 12.5, 1], "texture": "#0", "tintindex": 0},
				"up": {"uv": [12.5, 2, 12, 1.5], "texture": "#0", "tintindex": 0},
				"down": {"uv": [12, 2, 12.5, 2.5], "texture": "#0", "tintindex": 0}
			}
		},
		{
			"name": "body_stem_6",
			"from": [5, 8.6, 8.6],
			"to": [6.2, 9.8, 9.8],
			"faces": {
				"north": {"uv": [12.5, 1, 12, 1.5], "texture": "#0", "tintindex": 0},
				"east": {"uv": [12.5, 0.5, 12, 1], "texture": "#0", "tintindex": 0},
				"south": {"uv": [12.5, 0, 12, 0.5], "texture": "#0", "tintindex": 0},
				"west": {"uv": [12.5, 12, 12, 12.5], "texture": "#0", "tintindex": 0},
				"up": {"uv": [12.5, 1.5, 12, 2], "texture": "#0", "tintindex": 0},
				"down": {"uv": [12, 2.5, 12.5, 2], "texture": "#0", "tintindex": 0}
			}
		},
		{
			"name": "body_stem_7",
			"from": [9.8, 8.6, 6.2],
			"to": [11, 9.8, 7.4],
			"faces": {
				"north": {"uv": [12, 1, 12.5, 1.5], "texture": "#0", "tintindex": 0},
				"east": {"uv": [12, 12, 12.5, 12.5], "texture": "#0", "tintindex": 0},
				"south": {"uv": [12, 0, 12.5, 0.5], "texture": "#0", "tintindex": 0},
				"west": {"uv": [12, 0.5, 12.5, 1], "texture": "#0", "tintindex": 0},
				"up": {"uv": [12.5, 2, 12, 1.5], "texture": "#0", "tintindex": 0},
				"down": {"uv": [12, 2, 12.5, 2.5], "texture": "#0", "tintindex": 0}
			}
		},
		{
			"name": "body_stem_8",
			"from": [5, 8.6, 6.2],
			"to": [6.2, 9.8, 7.4],
			"faces": {
				"north": {"uv": [12.5, 1, 12, 1.5], "texture": "#0", "tintindex": 0},
				"east": {"uv": [12.5, 0.5, 12, 1], "texture": "#0", "tintindex": 0},
				"south": {"uv": [12.5, 0, 12, 0.5], "texture": "#0", "tintindex": 0},
				"west": {"uv": [12.5, 12, 12, 12.5], "texture": "#0", "tintindex": 0},
				"up": {"uv": [12.5, 1.5, 12, 2], "texture": "#0", "tintindex": 0},
				"down": {"uv": [12, 2.5, 12.5, 2], "texture": "#0", "tintindex": 0}
			}
		},
		{
			"name": "body_stem_9",
			"from": [7.25, 8.45, 4.85],
			"to": [8.75, 9.95, 6.35],
			"faces": {
				"north": {"uv": [12, 12, 12.5, 12.5], "texture": "#0", "tintindex": 0},
				"east": {"uv": [12, 0, 12.5, 0.5], "texture": "#0", "tintindex": 0},
				"south": {"uv": [12, 0.5, 12.5, 1], "texture": "#0", "tintindex": 0},
				"west": {"uv": [12, 1, 12.5, 1.5], "texture": "#0", "tintindex": 0},
				"up": {"uv": [12.5, 2, 12, 1.5], "texture": "#0", "tintindex": 0},
				"down": {"uv": [12, 2, 12.5, 2.5], "texture": "#0", "tintindex": 0}
			}
		},
		{
			"name": "body_stem_10",
			"from": [7.25, 8.45, 9.65],
			"to": [8.75, 9.95, 11.15],
			"faces": {
				"north": {"uv": [12.5, 0.5, 12, 1], "texture": "#0", "tintindex": 0},
				"east": {"uv": [12.5, 0, 12, 0.5], "texture": "#0", "tintindex": 0},
				"south": {"uv": [12.5, 12, 12, 12.5], "texture": "#0", "tintindex": 0},
				"west": {"uv": [12.5, 1, 12, 1.5], "texture": "#0", "tintindex": 0},
				"up": {"uv": [12.5, 1.5, 12, 2], "texture": "#0", "tintindex": 0},
				"down": {"uv": [12, 2.5, 12.5, 2], "texture": "#0", "tintindex": 0}
			}
		},
		{
			"name": "eggsac_0",
			"from": [3.2, 11, 3.2],
			"to": [12.8, 23, 12.8],
			"rotation": {"angle": 0, "axis": "y", "origin": [8, 11, 8]},
			"faces": {
				"north": {"uv": [0, 0, 4, 5], "texture": "#0", "tintindex": 0},
				"east": {"uv": [4, 4, 8, 9], "texture": "#0", "tintindex": 0},
				"south": {"uv": [0, 5, 4, 10], "texture": "#0", "tintindex": 0},
				"west": {"uv": [8, 8, 12, 13], "texture": "#0", "tintindex": 0},
				"up": {"uv": [8, 4, 4, 0], "texture": "#0", "tintindex": 0},
				"down": {"uv": [8, 0, 12, 4], "texture": "#0", "tintindex": 0}
			}
		}
	],
	"gui_light": "front",
	"display": {
		"gui": {
			"rotation": [35, -135, 0],
			"translation": [0, -6.75, 0]
		}
	}
}