{
	"credit": "Made with Blockbench",
	"texture_size": [128, 128],
	"textures": {
		"1": "furniture/livingroom/coffeetable/traditional/traditional_coffeetable"
	},
	"elements": [
		{
			"from": [5.396, -1.404, 6.796],
			"to": [11.804, 4.604, 9.204],
			"rotation": {"angle": 0, "axis": "y", "origin": [8.6, -1.4, 8]},
			"faces": {
				"north": {"uv": [11.75, 11, 13.75, 12.875], "texture": "#1"},
				"east": {"uv": [11, 11, 11.75, 12.875], "texture": "#1"},
				"south": {"uv": [9, 11, 11, 12.875], "texture": "#1"},
				"west": {"uv": [13.75, 11, 14.5, 12.875], "texture": "#1"},
				"up": {"uv": [11.75, 11, 11, 9], "rotation": 90, "texture": "#1"},
				"down": {"uv": [12.5, 9, 11.75, 11], "rotation": 270, "texture": "#1"}
			}
		},
		{
			"from": [5.4, -1.4, 6.8],
			"to": [11.8, 4.6, 9.2],
			"rotation": {"angle": 45, "axis": "y", "origin": [8.6, 0.8, 8]},
			"faces": {
				"north": {"uv": [2.75, 6.125, 4.75, 8], "texture": "#1"},
				"east": {"uv": [2, 6.125, 2.75, 8], "texture": "#1"},
				"south": {"uv": [0, 6.125, 2, 8], "texture": "#1"},
				"west": {"uv": [4.75, 6.125, 5.5, 8], "texture": "#1"},
				"up": {"uv": [2.75, 6.125, 2, 4.125], "rotation": 90, "texture": "#1"},
				"down": {"uv": [3.5, 4.125, 2.75, 6.125], "rotation": 270, "texture": "#1"}
			}
		},
		{
			"from": [7.404, -1.396, 4.804],
			"to": [9.796, 4.596, 11.196],
			"rotation": {"angle": 45, "axis": "y", "origin": [8.6, 0.8, 8]},
			"faces": {
				"north": {"uv": [7.5, 7.5, 8.25, 9.375], "texture": "#1"},
				"east": {"uv": [5.5, 7.5, 7.5, 9.375], "texture": "#1"},
				"south": {"uv": [10.25, 7.5, 11, 9.375], "texture": "#1"},
				"west": {"uv": [8.25, 7.5, 10.25, 9.375], "texture": "#1"},
				"up": {"uv": [8.25, 7.5, 7.5, 5.5], "texture": "#1"},
				"down": {"uv": [9, 5.5, 8.25, 7.5], "texture": "#1"}
			}
		},
		{
			"from": [7.404, -1.396, 4.804],
			"to": [9.796, 4.596, 11.196],
			"rotation": {"angle": 0, "axis": "y", "origin": [8.6, 0.8, 8]},
			"faces": {
				"north": {"uv": [2, 10, 2.75, 11.875], "texture": "#1"},
				"east": {"uv": [0, 10, 2, 11.875], "texture": "#1"},
				"south": {"uv": [4.75, 10, 5.5, 11.875], "texture": "#1"},
				"west": {"uv": [2.75, 10, 4.75, 11.875], "texture": "#1"},
				"up": {"uv": [2.75, 10, 2, 8], "texture": "#1"},
				"down": {"uv": [3.5, 8, 2.75, 10], "texture": "#1"}
			}
		},
		{
			"from": [2.196, 4.596, 1.596],
			"to": [15.004, 5.004, 14.404],
			"rotation": {"angle": 0, "axis": "y", "origin": [8.6, 4.6, 8]},
			"faces": {
				"north": {"uv": [4, 4, 8, 4.125], "texture": "#1"},
				"east": {"uv": [0, 4, 4, 4.125], "texture": "#1"},
				"south": {"uv": [12, 4, 16, 4.125], "texture": "#1"},
				"west": {"uv": [8, 4, 12, 4.125], "texture": "#1"},
				"up": {"uv": [8, 4, 4, 0], "texture": "#1"},
				"down": {"uv": [12, 0, 8, 4], "texture": "#1"}
			}
		},
		{
			"from": [4.2, 5, 3.2],
			"to": [5.8, 7, 4.8],
			"rotation": {"angle": 0, "axis": "y", "origin": [5.4, 5, 4.4]},
			"faces": {
				"north": {"uv": [6, 6.5, 6.5, 7.125], "texture": "#1"},
				"east": {"uv": [5.5, 6.5, 6, 7.125], "texture": "#1"},
				"south": {"uv": [7, 6.5, 7.5, 7.125], "texture": "#1"},
				"west": {"uv": [6.5, 6.5, 7, 7.125], "texture": "#1"},
				"up": {"uv": [6.5, 6.5, 6, 6], "texture": "#1"},
				"down": {"uv": [7, 6, 6.5, 6.5], "texture": "#1"}
			}
		},
		{
			"from": [4.8, 6.2, 4.6],
			"to": [5.2, 6.6, 5],
			"rotation": {"angle": 0, "axis": "y", "origin": [5.2, 5.8, 4.6]},
			"faces": {
				"north": {"uv": [3.625, 1.125, 3.75, 1.25], "texture": "#1"},
				"east": {"uv": [3.5, 1.125, 3.625, 1.25], "texture": "#1"},
				"south": {"uv": [3.875, 1.125, 4, 1.25], "texture": "#1"},
				"west": {"uv": [3.75, 1.125, 3.875, 1.25], "texture": "#1"},
				"up": {"uv": [3.75, 1.125, 3.625, 1], "texture": "#1"},
				"down": {"uv": [3.875, 1, 3.75, 1.125], "texture": "#1"}
			}
		},
		{
			"from": [4.8, 5.4, 5],
			"to": [5.2, 6.6, 5.4],
			"rotation": {"angle": 0, "axis": "y", "origin": [5.2, 5, 5]},
			"faces": {
				"north": {"uv": [3.625, 0.125, 3.75, 0.5], "texture": "#1"},
				"east": {"uv": [3.5, 0.125, 3.625, 0.5], "texture": "#1"},
				"south": {"uv": [3.875, 0.125, 4, 0.5], "texture": "#1"},
				"west": {"uv": [3.75, 0.125, 3.875, 0.5], "texture": "#1"},
				"up": {"uv": [3.75, 0.125, 3.625, 0], "texture": "#1"},
				"down": {"uv": [3.875, 0, 3.75, 0.125], "texture": "#1"}
			}
		},
		{
			"from": [4.8, 5.4, 4.6],
			"to": [5.2, 5.8, 5],
			"rotation": {"angle": 0, "axis": "y", "origin": [5.2, 5, 4.6]},
			"faces": {
				"north": {"uv": [3.625, 1.375, 3.75, 1.5], "texture": "#1"},
				"east": {"uv": [3.5, 1.375, 3.625, 1.5], "texture": "#1"},
				"south": {"uv": [3.875, 1.375, 4, 1.5], "texture": "#1"},
				"west": {"uv": [3.75, 1.375, 3.875, 1.5], "texture": "#1"},
				"up": {"uv": [3.75, 1.375, 3.625, 1.25], "texture": "#1"},
				"down": {"uv": [3.875, 1.25, 3.75, 1.375], "texture": "#1"}
			}
		},
		{
			"from": [9, 5, 11.2],
			"to": [10.6, 7, 12.8],
			"rotation": {"angle": 0, "axis": "y", "origin": [10.2, 3.4, 12.4]},
			"faces": {
				"north": {"uv": [0.5, 4.625, 1, 5.25], "texture": "#1"},
				"east": {"uv": [0, 4.625, 0.5, 5.25], "texture": "#1"},
				"south": {"uv": [1.5, 4.625, 2, 5.25], "texture": "#1"},
				"west": {"uv": [1, 4.625, 1.5, 5.25], "texture": "#1"},
				"up": {"uv": [1, 4.625, 0.5, 4.125], "texture": "#1"},
				"down": {"uv": [1.5, 4.125, 1, 4.625], "texture": "#1"}
			}
		},
		{
			"from": [9.6, 6.2, 12.6],
			"to": [10, 6.6, 13],
			"rotation": {"angle": 0, "axis": "y", "origin": [10.2, 4.2, 12.6]},
			"faces": {
				"north": {"uv": [3.625, 0.875, 3.75, 1], "texture": "#1"},
				"east": {"uv": [3.5, 0.875, 3.625, 1], "texture": "#1"},
				"south": {"uv": [3.875, 0.875, 4, 1], "texture": "#1"},
				"west": {"uv": [3.75, 0.875, 3.875, 1], "texture": "#1"},
				"up": {"uv": [3.75, 0.875, 3.625, 0.75], "texture": "#1"},
				"down": {"uv": [3.875, 0.75, 3.75, 0.875], "texture": "#1"}
			}
		},
		{
			"from": [9.6, 5.4, 13],
			"to": [10, 6.6, 13.4],
			"rotation": {"angle": 0, "axis": "y", "origin": [10.2, 3.4, 13]},
			"faces": {
				"north": {"uv": [3.625, 3.625, 3.75, 4], "texture": "#1"},
				"east": {"uv": [3.5, 3.625, 3.625, 4], "texture": "#1"},
				"south": {"uv": [3.875, 3.625, 4, 4], "texture": "#1"},
				"west": {"uv": [3.75, 3.625, 3.875, 4], "texture": "#1"},
				"up": {"uv": [3.75, 3.625, 3.625, 3.5], "texture": "#1"},
				"down": {"uv": [3.875, 3.5, 3.75, 3.625], "texture": "#1"}
			}
		},
		{
			"from": [9.6, 5.4, 12.6],
			"to": [10, 5.8, 13],
			"rotation": {"angle": 0, "axis": "y", "origin": [10.2, 3.4, 12.6]},
			"faces": {
				"north": {"uv": [3.625, 0.625, 3.75, 0.75], "texture": "#1"},
				"east": {"uv": [3.5, 0.625, 3.625, 0.75], "texture": "#1"},
				"south": {"uv": [3.875, 0.625, 4, 0.75], "texture": "#1"},
				"west": {"uv": [3.75, 0.625, 3.875, 0.75], "texture": "#1"},
				"up": {"uv": [3.75, 0.625, 3.625, 0.5], "texture": "#1"},
				"down": {"uv": [3.875, 0.5, 3.75, 0.625], "texture": "#1"}
			}
		},
		{
			"from": [7.4, 5, 6.8],
			"to": [9.8, 8.6, 9.2],
			"rotation": {"angle": 0, "axis": "y", "origin": [8.6, 5, 8]},
			"faces": {
				"north": {"uv": [4.25, 4.875, 5, 6], "texture": "#1"},
				"east": {"uv": [3.5, 4.875, 4.25, 6], "texture": "#1"},
				"south": {"uv": [5.75, 4.875, 6.5, 6], "texture": "#1"},
				"west": {"uv": [5, 4.875, 5.75, 6], "texture": "#1"},
				"up": {"uv": [5, 4.875, 4.25, 4.125], "texture": "#1"},
				"down": {"uv": [5.75, 4.125, 5, 4.875], "texture": "#1"}
			}
		},
		{
			"from": [5.8, 8.6, 8],
			"to": [11.4, 15, 8],
			"rotation": {"angle": 0, "axis": "y", "origin": [8.6, 8.6, 8]},
			"faces": {
				"north": {"uv": [0, 2, 1.75, 4], "texture": "#1"},
				"east": {"uv": [0, 2, 0, 4], "texture": "#1"},
				"south": {"uv": [1.75, 2, 3.5, 4], "texture": "#1"},
				"west": {"uv": [1.75, 2, 1.75, 4], "texture": "#1"},
				"up": {"uv": [1.75, 2, 0, 2], "texture": "#1"},
				"down": {"uv": [3.5, 2, 1.75, 2], "texture": "#1"}
			}
		},
		{
			"from": [5.8, 8.6, 8],
			"to": [11.4, 15, 8],
			"rotation": {"angle": 0, "axis": "y", "origin": [8.6, 11.8, 8]},
			"faces": {
				"north": {"uv": [0, 0, 1.75, 2], "texture": "#1"},
				"east": {"uv": [0, 0, 0, 2], "texture": "#1"},
				"south": {"uv": [1.75, 0, 3.5, 2], "texture": "#1"},
				"west": {"uv": [1.75, 0, 1.75, 2], "texture": "#1"},
				"up": {"uv": [1.75, 0, 0, 0], "texture": "#1"},
				"down": {"uv": [3.5, 0, 1.75, 0], "texture": "#1"}
			}
		}
	],
	"display": {
		"firstperson_righthand": {
			"translation": [2, 8.5, 0]
		},
		"firstperson_lefthand": {
			"translation": [2, 8.5, 0]
		},
		"gui": {
			"rotation": [27, 45, 0],
			"translation": [-0.25, 3.75, 0]
		},
		"head": {
			"translation": [-2.5, -8.5, 0],
			"scale": [3.7, 3.7, 3.7]
		}
	},
	"groups": [
		{
			"name": "Table",
			"origin": [0, 3, 0],
			"children": [0, 1, 2, 3,
				{
					"name": "glass",
					"origin": [0, -5, 0],
					"children": [4]
				},
				{
					"name": "TableTop",
					"origin": [-1.6, -5.6, -1.7],
					"children": [
						{
							"name": "CoffeeCup1",
							"origin": [-1.6, -5.6, -1.7],
							"children": [5, 6, 7, 8]
						},
						{
							"name": "CoffeeCup2",
							"origin": [0.675, -5.1, 2.35],
							"children": [9, 10, 11, 12]
						},
						{
							"name": "Flower",
							"origin": [0, -2.2, 0],
							"children": [13, 14, 15]
						}
					]
				}
			]
		}
	]
}