{
	"credit": "Made with Blockbench",
	"texture_size": [256, 256],
	"textures": {
		"0": "furniture/decorations/curtain/traditional/traditional_lime_open"
	},
	"elements": [
		{
			"from": [-5, 25.5, 7],
			"to": [21, 26.5, 8],
			"rotation": {"angle": 0, "axis": "y", "origin": [12, 25.5, 7]},
			"faces": {
				"north": {"uv": [3.125, 0.125, 6.375, 0.25], "texture": "#0"},
				"east": {"uv": [3, 0.125, 3.125, 0.25], "texture": "#0"},
				"south": {"uv": [6.5, 0.125, 9.75, 0.25], "texture": "#0"},
				"west": {"uv": [6.375, 0.125, 6.5, 0.25], "texture": "#0"},
				"up": {"uv": [6.375, 0.125, 3.125, 0], "texture": "#0"},
				"down": {"uv": [9.625, 0, 6.375, 0.125], "texture": "#0"}
			}
		},
		{
			"from": [-4.5, 20, 7.25],
			"to": [20.5, 25.5, 7.25],
			"rotation": {"angle": 0, "axis": "y", "origin": [8, 25, 6.75]},
			"faces": {
				"north": {"uv": [3, 0.25, 6.125, 0.9375], "texture": "#0"},
				"east": {"uv": [3, 0.25, 3, 0.9375], "texture": "#0"},
				"south": {"uv": [3, 0.25, 6.125, 0.9375], "texture": "#0"},
				"west": {"uv": [6.125, 0.25, 6.125, 0.9375], "texture": "#0"},
				"up": {"uv": [6.125, 0.25, 3, 0.25], "texture": "#0"},
				"down": {"uv": [9.25, 0.25, 6.125, 0.25], "texture": "#0"}
			}
		},
		{
			"from": [-4, -11, 7.75],
			"to": [8, 25.5, 7.75],
			"rotation": {"angle": 0, "axis": "y", "origin": [8, 25, 7.25]},
			"faces": {
				"north": {"uv": [3, 3, 4.5, 7.5625], "texture": "#0"},
				"east": {"uv": [3, 3, 3, 7.5625], "texture": "#0"},
				"south": {"uv": [4.5, 3, 3, 7.5625], "texture": "#0"},
				"west": {"uv": [4.5, 3, 4.5, 7.5625], "texture": "#0"},
				"up": {"uv": [4.5, 3, 3, 3], "texture": "#0"},
				"down": {"uv": [6, 3, 4.5, 3], "texture": "#0"}
			}
		},
		{
			"from": [8, -11, 7.75],
			"to": [20, 25.5, 7.75],
			"rotation": {"angle": 0, "axis": "y", "origin": [26.5, 25, 7.25]},
			"faces": {
				"north": {"uv": [0, 0, 1.5, 4.5625], "texture": "#0"},
				"east": {"uv": [0, 0, 0, 4.5625], "texture": "#0"},
				"south": {"uv": [1.5, 0, 0, 4.5625], "texture": "#0"},
				"west": {"uv": [1.5, 0, 1.5, 4.5625], "texture": "#0"},
				"up": {"uv": [1.5, 0, 0, 0], "texture": "#0"},
				"down": {"uv": [3, 0, 1.5, 0], "texture": "#0"}
			}
		},
		{
			"from": [21, 25.25, 6.75],
			"to": [22.5, 26.75, 8.25],
			"rotation": {"angle": 0, "axis": "y", "origin": [22, 25.75, 6.75]},
			"faces": {
				"north": {"uv": [3.1875, 1.5, 3.375, 1.6875], "texture": "#0"},
				"east": {"uv": [3, 1.5, 3.1875, 1.6875], "texture": "#0"},
				"south": {"uv": [3.5625, 1.5, 3.75, 1.6875], "texture": "#0"},
				"west": {"uv": [3.375, 1.5, 3.5625, 1.6875], "texture": "#0"},
				"up": {"uv": [3.375, 1.5, 3.1875, 1.3125], "texture": "#0"},
				"down": {"uv": [3.5625, 1.3125, 3.375, 1.5], "texture": "#0"}
			}
		},
		{
			"from": [-6.5, 25.25, 6.75],
			"to": [-5, 26.75, 8.25],
			"rotation": {"angle": 0, "axis": "y", "origin": [-6, 25.75, 6.75]},
			"faces": {
				"north": {"uv": [3.1875, 1.125, 3.375, 1.3125], "texture": "#0"},
				"east": {"uv": [3, 1.125, 3.1875, 1.3125], "texture": "#0"},
				"south": {"uv": [3.5625, 1.125, 3.75, 1.3125], "texture": "#0"},
				"west": {"uv": [3.375, 1.125, 3.5625, 1.3125], "texture": "#0"},
				"up": {"uv": [3.375, 1.125, 3.1875, 0.9375], "texture": "#0"},
				"down": {"uv": [3.5625, 0.9375, 3.375, 1.125], "texture": "#0"}
			}
		}
	],
	"display": {
		"firstperson_righthand": {
			"rotation": [0, -61, 0],
			"translation": [5, 3.25, 2.25],
			"scale": [0.5, 0.5, 0.5]
		},
		"gui": {
			"rotation": [0, 21, 0],
			"translation": [0, -0.25, 0],
			"scale": [0.4, 0.4, 0.4]
		},
		"head": {
			"translation": [0, 7.5, 13],
			"scale": [3.2, 2.8, 3]
		}
	},
	"groups": [
		{
			"name": "curtains",
			"origin": [37, 72, 1],
			"children": [0, 1, 2, 3]
		}, 4, 5]
}