{
	"credit": "Made with Blockbench",
	"texture_size": [128, 128],
	"textures": {
		"1": "furniture/livingroom/coffeetable/traditional/traditional_coffeetable_empty"
	},
	"elements": [
		{
			"from": [5.396, -1.404, 6.796],
			"to": [11.804, 4.604, 9.204],
			"rotation": {"angle": 0, "axis": "y", "origin": [8.6, -1.4, 8]},
			"faces": {
				"north": {"uv": [11.75, 11, 13.75, 12.875], "texture": "#1"},
				"east": {"uv": [11, 11, 11.75, 12.875], "texture": "#1"},
				"south": {"uv": [9, 11, 11, 12.875], "texture": "#1"},
				"west": {"uv": [13.75, 11, 14.5, 12.875], "texture": "#1"},
				"up": {"uv": [11.75, 11, 11, 9], "rotation": 90, "texture": "#1"},
				"down": {"uv": [12.5, 9, 11.75, 11], "rotation": 270, "texture": "#1"}
			}
		},
		{
			"from": [5.4, -1.4, 6.8],
			"to": [11.8, 4.6, 9.2],
			"rotation": {"angle": 45, "axis": "y", "origin": [8.6, 0.8, 8]},
			"faces": {
				"north": {"uv": [2.75, 6.125, 4.75, 8], "texture": "#1"},
				"east": {"uv": [2, 6.125, 2.75, 8], "texture": "#1"},
				"south": {"uv": [0, 6.125, 2, 8], "texture": "#1"},
				"west": {"uv": [4.75, 6.125, 5.5, 8], "texture": "#1"},
				"up": {"uv": [2.75, 6.125, 2, 4.125], "rotation": 90, "texture": "#1"},
				"down": {"uv": [3.5, 4.125, 2.75, 6.125], "rotation": 270, "texture": "#1"}
			}
		},
		{
			"from": [7.404, -1.396, 4.804],
			"to": [9.796, 4.596, 11.196],
			"rotation": {"angle": 45, "axis": "y", "origin": [8.6, 0.8, 8]},
			"faces": {
				"north": {"uv": [7.5, 7.5, 8.25, 9.375], "texture": "#1"},
				"east": {"uv": [5.5, 7.5, 7.5, 9.375], "texture": "#1"},
				"south": {"uv": [10.25, 7.5, 11, 9.375], "texture": "#1"},
				"west": {"uv": [8.25, 7.5, 10.25, 9.375], "texture": "#1"},
				"up": {"uv": [8.25, 7.5, 7.5, 5.5], "texture": "#1"},
				"down": {"uv": [9, 5.5, 8.25, 7.5], "texture": "#1"}
			}
		},
		{
			"from": [7.404, -1.396, 4.804],
			"to": [9.796, 4.596, 11.196],
			"rotation": {"angle": 0, "axis": "y", "origin": [8.6, 0.8, 8]},
			"faces": {
				"north": {"uv": [2, 10, 2.75, 11.875], "texture": "#1"},
				"east": {"uv": [0, 10, 2, 11.875], "texture": "#1"},
				"south": {"uv": [4.75, 10, 5.5, 11.875], "texture": "#1"},
				"west": {"uv": [2.75, 10, 4.75, 11.875], "texture": "#1"},
				"up": {"uv": [2.75, 10, 2, 8], "texture": "#1"},
				"down": {"uv": [3.5, 8, 2.75, 10], "texture": "#1"}
			}
		},
		{
			"from": [2.196, 4.596, 1.596],
			"to": [15.004, 5.004, 14.404],
			"rotation": {"angle": 0, "axis": "y", "origin": [8.6, 4.6, 8]},
			"faces": {
				"north": {"uv": [4, 4, 8, 4.125], "texture": "#1"},
				"east": {"uv": [0, 4, 4, 4.125], "texture": "#1"},
				"south": {"uv": [12, 4, 16, 4.125], "texture": "#1"},
				"west": {"uv": [8, 4, 12, 4.125], "texture": "#1"},
				"up": {"uv": [8, 4, 4, 0], "texture": "#1"},
				"down": {"uv": [12, 0, 8, 4], "texture": "#1"}
			}
		}
	],
	"display": {
		"firstperson_righthand": {
			"translation": [2, 8.5, 0]
		},
		"firstperson_lefthand": {
			"translation": [2, 8.5, 0]
		},
		"gui": {
			"rotation": [27, 45, 0],
			"translation": [-0.25, 3.75, 0]
		},
		"head": {
			"translation": [-2.5, -8.5, 0],
			"scale": [3.7, 3.7, 3.7]
		}
	},
	"groups": [
		{
			"name": "Table",
			"origin": [0, 3, 0],
			"children": [0, 1, 2, 3,
				{
					"name": "glass",
					"origin": [0, -5, 0],
					"children": [4]
				}
			]
		}
	]
}