{
	"credit": "Made with Blockbench",
	"texture_size": [64, 64],
	"textures": {
		"0": "guis/kingdomgui/kingdomisles3",
		"1": "guis/kingdomgui/kingdomislestext",
		"particle": "guis/kingdomgui/kingdomisles3"
	},
	"elements": [
		{
			"from": [-16, -16, 15.9375],
			"to": [32, 32, 16],
			"faces": {
				"north": {"uv": [11, 16, 0, 5], "rotation": 180, "texture": "#0"},
				"east": {"uv": [0, 0, 0, 0], "texture": "#0"},
				"south": {"uv": [11, 16, 0, 5], "rotation": 180, "texture": "#0"},
				"west": {"uv": [0, 0, 0, 0], "texture": "#0"},
				"up": {"uv": [0, 0, 0, 0], "texture": "#0"},
				"down": {"uv": [0, 0, 0, 0], "texture": "#0"}
			}
		},
		{
			"from": [-8.9, 10.45, 15.925],
			"to": [24.9, 18.075, 15.925],
			"rotation": {"angle": 0, "axis": "y", "origin": [-0.9, 25.075, 23.925]},
			"faces": {
				"north": {"uv": [0.03125, 0, 8.53125, 2], "texture": "#1"},
				"east": {"uv": [0, 0, 0, 2], "texture": "#1"},
				"south": {"uv": [0, 2, 8.5, 4], "texture": "#1"},
				"west": {"uv": [0, 0, 0, 2], "texture": "#1"},
				"up": {"uv": [8.5, 0, 0, 0], "texture": "#1"},
				"down": {"uv": [8.5, 0, 0, 0], "texture": "#1"}
			}
		}
	],
	"gui_light": "front",
	"display": {
		"firstperson_lefthand": {
			"scale": [0, 0, 0]
		},
		"gui": {
			"rotation": [0, -180, 0],
			"translation": [-72, 65, -80],
			"scale": [3.66, 3.66, 3.66]
		}
	}
}