{
	"credit": "Made with Blockbench",
	"texture_size": [64, 64],
	"textures": {
		"0": "furniture/collectibles/walle",
		"particle": "furniture/collectibles/walle"
	},
	"elements": [
		{
			"from": [3, 4, 2],
			"to": [13, 10, 12],
			"rotation": {"angle": 0, "axis": "y", "origin": [10, 10, 10]},
			"faces": {
				"north": {"uv": [2.5, 4.75, 5, 6.25], "texture": "#0"},
				"east": {"uv": [0, 5, 2.5, 6.5], "texture": "#0"},
				"south": {"uv": [5, 5, 7.5, 6.5], "texture": "#0"},
				"west": {"uv": [5, 0, 7.5, 1.5], "texture": "#0"},
				"up": {"uv": [2.5, 2.5, 0, 0], "texture": "#0"},
				"down": {"uv": [2.5, 2.5, 0, 5], "texture": "#0"}
			}
		},
		{
			"from": [4, 6, 12],
			"to": [5, 11.75, 13],
			"rotation": {"angle": 0, "axis": "y", "origin": [10, 10, 11]},
			"faces": {
				"north": {"uv": [4.5, 7.25, 4.75, 8.75], "texture": "#0"},
				"east": {"uv": [9.5, 10, 9.75, 11.5], "texture": "#0"},
				"south": {"uv": [2.5, 10.25, 2.75, 11.75], "texture": "#0"},
				"west": {"uv": [2.75, 10.25, 3, 11.75], "texture": "#0"},
				"up": {"uv": [5, 6.5, 4.75, 6.25], "texture": "#0"},
				"down": {"uv": [4.75, 8.75, 4.5, 9], "texture": "#0"}
			}
		},
		{
			"from": [11, 6, 12],
			"to": [12, 11.75, 13],
			"rotation": {"angle": 0, "axis": "y", "origin": [6, 10, 11]},
			"faces": {
				"north": {"uv": [3, 10.25, 3.25, 11.75], "texture": "#0"},
				"east": {"uv": [3.25, 10.25, 3.5, 11.75], "texture": "#0"},
				"south": {"uv": [3.5, 10.25, 3.75, 11.75], "texture": "#0"},
				"west": {"uv": [3.75, 10.25, 4, 11.75], "texture": "#0"},
				"up": {"uv": [9.25, 1.75, 9, 1.5], "texture": "#0"},
				"down": {"uv": [10.25, 2, 10, 2.25], "texture": "#0"}
			}
		},
		{
			"from": [3.75, 10, 12],
			"to": [12.25, 12, 14],
			"rotation": {"angle": -45, "axis": "x", "origin": [5, 10, 12]},
			"faces": {
				"north": {"uv": [5, 4.5, 7.25, 5], "texture": "#0"},
				"east": {"uv": [11.25, 4.5, 11.75, 5], "texture": "#0"},
				"south": {"uv": [5.5, 6.5, 7.75, 7], "texture": "#0"},
				"west": {"uv": [11.25, 5.75, 11.75, 6.25], "texture": "#0"},
				"up": {"uv": [7.75, 7.5, 5.5, 7], "texture": "#0"},
				"down": {"uv": [4.5, 7.25, 2.25, 7.75], "texture": "#0"}
			}
		},
		{
			"from": [3, 10, 3],
			"to": [13, 14, 12],
			"rotation": {"angle": 0, "axis": "y", "origin": [10, 10, 10]},
			"faces": {
				"north": {"uv": [5, 1.5, 7.5, 2.5], "texture": "#0"},
				"east": {"uv": [5, 3.5, 7.25, 4.5], "texture": "#0"},
				"south": {"uv": [5, 2.5, 7.5, 3.5], "texture": "#0"},
				"west": {"uv": [2.5, 6.25, 4.75, 7.25], "texture": "#0"},
				"up": {"uv": [5, 4.75, 2.5, 2.5], "texture": "#0"},
				"down": {"uv": [5, 0, 2.5, 2.25], "texture": "#0"}
			}
		},
		{
			"from": [4, 19, 5],
			"to": [7, 21, 10],
			"rotation": {"angle": 0, "axis": "y", "origin": [10, 19, 10]},
			"faces": {
				"north": {"uv": [9.75, 9.25, 10.5, 9.75], "texture": "#0"},
				"east": {"uv": [8.5, 5.25, 9.75, 5.75], "texture": "#0"},
				"south": {"uv": [10, 1.5, 10.75, 2], "texture": "#0"},
				"west": {"uv": [2, 9, 3.25, 9.5], "texture": "#0"},
				"up": {"uv": [3, 9, 2.25, 7.75], "texture": "#0"},
				"down": {"uv": [3.75, 7.75, 3, 9], "texture": "#0"}
			}
		},
		{
			"from": [4.5, 19.5, 10],
			"to": [6.5, 20.5, 10.5],
			"rotation": {"angle": 0, "axis": "y", "origin": [10, 19, 11]},
			"faces": {
				"north": {"uv": [8, 4.75, 8.5, 5], "texture": "#0"},
				"east": {"uv": [10.5, 8.25, 10.75, 8.5], "texture": "#0"},
				"south": {"uv": [9.75, 5.5, 10.25, 5.75], "texture": "#0"},
				"west": {"uv": [4.5, 10.75, 4.75, 11], "texture": "#0"},
				"up": {"uv": [11.25, 10.75, 10.75, 10.5], "texture": "#0"},
				"down": {"uv": [11.5, 8, 11, 8.25], "texture": "#0"}
			}
		},
		{
			"from": [9.5, 19.5, 10],
			"to": [11.5, 20.5, 10.5],
			"rotation": {"angle": 0, "axis": "y", "origin": [6, 19, 11]},
			"faces": {
				"north": {"uv": [7.5, 12.5, 8, 12.75], "texture": "#0"},
				"east": {"uv": [11, 5.75, 11.25, 6], "texture": "#0"},
				"south": {"uv": [8, 12.5, 8.5, 12.75], "texture": "#0"},
				"west": {"uv": [6.5, 13, 6.75, 13.25], "texture": "#0"},
				"up": {"uv": [9.75, 12.75, 9.25, 12.5], "texture": "#0"},
				"down": {"uv": [10.5, 12.5, 10, 12.75], "texture": "#0"}
			}
		},
		{
			"from": [9, 19, 5],
			"to": [12, 21, 10],
			"rotation": {"angle": 0, "axis": "y", "origin": [6, 19, 10]},
			"faces": {
				"north": {"uv": [10, 8.5, 10.75, 9], "texture": "#0"},
				"east": {"uv": [3.25, 9, 4.5, 9.5], "texture": "#0"},
				"south": {"uv": [4, 10.25, 4.75, 10.75], "texture": "#0"},
				"west": {"uv": [4.5, 9, 5.75, 9.5], "texture": "#0"},
				"up": {"uv": [4.5, 9, 3.75, 7.75], "texture": "#0"},
				"down": {"uv": [8.5, 7.75, 7.75, 9], "texture": "#0"}
			}
		},
		{
			"from": [7.25, 19.25, 5],
			"to": [8.75, 20.75, 9],
			"rotation": {"angle": 0, "axis": "y", "origin": [3.5, 18.75, 10]},
			"faces": {
				"north": {"uv": [11.25, 6.25, 11.75, 6.75], "texture": "#0"},
				"east": {"uv": [9.25, 2.25, 10.25, 2.75], "texture": "#0"},
				"south": {"uv": [11.25, 6.75, 11.75, 7.25], "texture": "#0"},
				"west": {"uv": [9.25, 3, 10.25, 3.5], "texture": "#0"},
				"up": {"uv": [8.5, 10, 8, 9], "texture": "#0"},
				"down": {"uv": [10.25, 3.5, 9.75, 4.5], "texture": "#0"}
			}
		},
		{
			"from": [9, 19, 2],
			"to": [11, 22, 5],
			"rotation": {"angle": 0, "axis": "y", "origin": [10, 19, 7]},
			"faces": {
				"north": {"uv": [4.75, 10.25, 5.25, 11], "texture": "#0"},
				"east": {"uv": [7.25, 9, 8, 9.75], "texture": "#0"},
				"south": {"uv": [5.25, 10.25, 5.75, 11], "texture": "#0"},
				"west": {"uv": [9, 0, 9.75, 0.75], "texture": "#0"},
				"up": {"uv": [6.25, 11, 5.75, 10.25], "texture": "#0"},
				"down": {"uv": [6.75, 10.25, 6.25, 11], "texture": "#0"}
			}
		},
		{
			"from": [8.5, 20, 2],
			"to": [9, 22, 5],
			"rotation": {"angle": 0, "axis": "y", "origin": [9, 19, 7]},
			"faces": {
				"north": {"uv": [9, 8.5, 9.25, 9], "texture": "#0"},
				"east": {"uv": [10.25, 2, 11, 2.5], "texture": "#0"},
				"south": {"uv": [9.25, 6, 9.5, 6.5], "texture": "#0"},
				"west": {"uv": [10.25, 3, 11, 3.5], "texture": "#0"},
				"up": {"uv": [2.5, 7.25, 2.25, 6.5], "texture": "#0"},
				"down": {"uv": [9, 12, 8.75, 12.75], "texture": "#0"}
			}
		},
		{
			"from": [7, 20, 2],
			"to": [7.5, 22, 5],
			"rotation": {"angle": 0, "axis": "y", "origin": [7, 19, 7]},
			"faces": {
				"north": {"uv": [7.75, 10.5, 8, 11], "texture": "#0"},
				"east": {"uv": [10.25, 3.5, 11, 4], "texture": "#0"},
				"south": {"uv": [8.5, 12.5, 8.75, 13], "texture": "#0"},
				"west": {"uv": [10.25, 4, 11, 4.5], "texture": "#0"},
				"up": {"uv": [9.25, 12.75, 9, 12], "texture": "#0"},
				"down": {"uv": [10, 12, 9.75, 12.75], "texture": "#0"}
			}
		},
		{
			"from": [5, 19, 2],
			"to": [7, 22, 5],
			"rotation": {"angle": 0, "axis": "y", "origin": [6, 19, 7]},
			"faces": {
				"north": {"uv": [6.75, 10.25, 7.25, 11], "texture": "#0"},
				"east": {"uv": [9, 0.75, 9.75, 1.5], "texture": "#0"},
				"south": {"uv": [8.5, 10.25, 9, 11], "texture": "#0"},
				"west": {"uv": [9, 3.5, 9.75, 4.25], "texture": "#0"},
				"up": {"uv": [10.75, 5.25, 10.25, 4.5], "texture": "#0"},
				"down": {"uv": [10.75, 6, 10.25, 6.75], "texture": "#0"}
			}
		},
		{
			"from": [3, 18.75, 2],
			"to": [5, 21.5, 5],
			"rotation": {"angle": 0, "axis": "y", "origin": [4, 19, 7]},
			"faces": {
				"north": {"uv": [10.25, 6.75, 10.75, 7.5], "texture": "#0"},
				"east": {"uv": [9, 4.25, 9.75, 5], "texture": "#0"},
				"south": {"uv": [7.25, 10.5, 7.75, 11.25], "texture": "#0"},
				"west": {"uv": [9, 9.25, 9.75, 10], "texture": "#0"},
				"up": {"uv": [10.25, 11.25, 9.75, 10.5], "texture": "#0"},
				"down": {"uv": [10.75, 10.5, 10.25, 11.25], "texture": "#0"}
			}
		},
		{
			"from": [11, 18.75, 2],
			"to": [13, 21.5, 5],
			"rotation": {"angle": 0, "axis": "y", "origin": [12, 19, 7]},
			"faces": {
				"north": {"uv": [10.5, 0, 11, 0.75], "texture": "#0"},
				"east": {"uv": [9.25, 1.5, 10, 2.25], "texture": "#0"},
				"south": {"uv": [10.5, 0.75, 11, 1.5], "texture": "#0"},
				"west": {"uv": [9.25, 7.5, 10, 8.25], "texture": "#0"},
				"up": {"uv": [11, 8.25, 10.5, 7.5], "texture": "#0"},
				"down": {"uv": [11, 9.25, 10.5, 10], "texture": "#0"}
			}
		},
		{
			"from": [7, 15, 0],
			"to": [9, 20, 2],
			"rotation": {"angle": -45, "axis": "x", "origin": [15, 24, 8]},
			"faces": {
				"north": {"uv": [8, 3.5, 8.5, 4.75], "texture": "#0"},
				"east": {"uv": [5.75, 9, 6.25, 10.25], "texture": "#0"},
				"south": {"uv": [6.25, 9, 6.75, 10.25], "texture": "#0"},
				"west": {"uv": [6.75, 9, 7.25, 10.25], "texture": "#0"},
				"up": {"uv": [11.75, 10.5, 11.25, 10], "texture": "#0"},
				"down": {"uv": [11.75, 10.5, 11.25, 11], "texture": "#0"}
			}
		},
		{
			"from": [7, 12, 2.25],
			"to": [9, 14, 5.25],
			"rotation": {"angle": -45, "axis": "x", "origin": [15, 20, -1.75]},
			"faces": {
				"north": {"uv": [0, 11.5, 0.5, 12], "texture": "#0"},
				"east": {"uv": [10.25, 5.25, 11, 5.75], "texture": "#0"},
				"south": {"uv": [0.5, 11.5, 1, 12], "texture": "#0"},
				"west": {"uv": [10.5, 10, 11.25, 10.5], "texture": "#0"},
				"up": {"uv": [0.5, 11.5, 0, 10.75], "texture": "#0"},
				"down": {"uv": [4.5, 10.75, 4, 11.5], "texture": "#0"}
			}
		},
		{
			"from": [7.25, 15.55, 5.4],
			"to": [8.75, 18.55, 6.9],
			"rotation": {"angle": 0, "axis": "x", "origin": [15, 24.55, 13.15]},
			"faces": {
				"north": {"uv": [10.75, 10.75, 11.25, 11.5], "texture": "#0"},
				"east": {"uv": [10.75, 4.5, 11.25, 5.25], "texture": "#0"},
				"south": {"uv": [10.75, 6, 11.25, 6.75], "texture": "#0"},
				"west": {"uv": [10.75, 6.75, 11.25, 7.5], "texture": "#0"},
				"up": {"uv": [1.5, 12, 1, 11.5], "texture": "#0"},
				"down": {"uv": [2, 11.5, 1.5, 12], "texture": "#0"}
			}
		},
		{
			"from": [1, 10.75, 9],
			"to": [3, 12, 10.25],
			"rotation": {"angle": 0, "axis": "y", "origin": [10, 19, 17]},
			"faces": {
				"north": {"uv": [10.5, 12.5, 11, 12.75], "texture": "#0"},
				"east": {"uv": [7.5, 13, 7.75, 13.25], "texture": "#0"},
				"south": {"uv": [11, 12.5, 11.5, 12.75], "texture": "#0"},
				"west": {"uv": [7.75, 13, 8, 13.25], "texture": "#0"},
				"up": {"uv": [12, 12.75, 11.5, 12.5], "texture": "#0"},
				"down": {"uv": [12.5, 12.5, 12, 12.75], "texture": "#0"}
			}
		},
		{
			"from": [13, 10.75, 9],
			"to": [15, 12, 10.25],
			"rotation": {"angle": 0, "axis": "y", "origin": [6, 19, 17]},
			"faces": {
				"north": {"uv": [12.5, 12.5, 13, 12.75], "texture": "#0"},
				"east": {"uv": [8, 13, 8.25, 13.25], "texture": "#0"},
				"south": {"uv": [12.5, 3, 13, 3.25], "texture": "#0"},
				"west": {"uv": [8.25, 13, 8.5, 13.25], "texture": "#0"},
				"up": {"uv": [13, 3.5, 12.5, 3.25], "texture": "#0"},
				"down": {"uv": [13, 3.5, 12.5, 3.75], "texture": "#0"}
			}
		},
		{
			"from": [0, 10.4, 0.5],
			"to": [2, 12.4, 7.5],
			"rotation": {"angle": 22.5, "axis": "y", "origin": [8, 18.4, 8.5]},
			"faces": {
				"north": {"uv": [4, 11.5, 4.5, 12], "texture": "#0"},
				"east": {"uv": [7.5, 3, 9.25, 3.5], "texture": "#0"},
				"south": {"uv": [4.5, 11.5, 5, 12], "texture": "#0"},
				"west": {"uv": [7.5, 6, 9.25, 6.5], "texture": "#0"},
				"up": {"uv": [9, 10.25, 8.5, 8.5], "texture": "#0"},
				"down": {"uv": [9, 0, 8.5, 1.75], "texture": "#0"}
			}
		},
		{
			"from": [0.5, 10.9, -1.5],
			"to": [1.5, 11.9, 0.5],
			"rotation": {"angle": 22.5, "axis": "y", "origin": [8, 18.4, 8.5]},
			"faces": {
				"north": {"uv": [8.5, 13, 8.75, 13.25], "texture": "#0"},
				"east": {"uv": [12.5, 4.25, 13, 4.5], "texture": "#0"},
				"south": {"uv": [8.75, 13, 9, 13.25], "texture": "#0"},
				"west": {"uv": [12.5, 4.5, 13, 4.75], "texture": "#0"},
				"up": {"uv": [12.75, 5.25, 12.5, 4.75], "texture": "#0"},
				"down": {"uv": [12.75, 5.25, 12.5, 5.75], "texture": "#0"}
			}
		},
		{
			"from": [0.25, 10.65, -2.5],
			"to": [1.75, 12.15, -1.5],
			"rotation": {"angle": 22.5, "axis": "y", "origin": [8, 18.4, 8.5]},
			"faces": {
				"north": {"uv": [5, 11.5, 5.5, 12], "texture": "#0"},
				"east": {"uv": [12.5, 10.75, 12.75, 11.25], "texture": "#0"},
				"south": {"uv": [5.5, 11.5, 6, 12], "texture": "#0"},
				"west": {"uv": [3.5, 12.75, 3.75, 13.25], "texture": "#0"},
				"up": {"uv": [13, 11.5, 12.5, 11.25], "texture": "#0"},
				"down": {"uv": [4.25, 12.75, 3.75, 13], "texture": "#0"}
			}
		},
		{
			"from": [14.25, 10.65, -2.5],
			"to": [15.75, 12.15, -1.5],
			"rotation": {"angle": -22.5, "axis": "y", "origin": [8, 18.4, 8.5]},
			"faces": {
				"north": {"uv": [6, 11.5, 6.5, 12], "texture": "#0"},
				"east": {"uv": [4.25, 12.75, 4.5, 13.25], "texture": "#0"},
				"south": {"uv": [7.75, 11.5, 8.25, 12], "texture": "#0"},
				"west": {"uv": [4.5, 12.75, 4.75, 13.25], "texture": "#0"},
				"up": {"uv": [5.25, 13, 4.75, 12.75], "texture": "#0"},
				"down": {"uv": [5.75, 12.75, 5.25, 13], "texture": "#0"}
			}
		},
		{
			"from": [0.25, 10.65, -4.5],
			"to": [0.25, 12.15, -2.5],
			"rotation": {"angle": 22.5, "axis": "y", "origin": [8, 18.4, 8.5]},
			"faces": {
				"north": {"uv": [0, 0, 0, 0.5], "texture": "#0"},
				"east": {"uv": [8.25, 11.5, 8.75, 12], "texture": "#0"},
				"south": {"uv": [0, 0, 0, 0.5], "texture": "#0"},
				"west": {"uv": [8.75, 11.5, 9.25, 12], "texture": "#0"},
				"up": {"uv": [0, 0.5, 0, 0], "texture": "#0"},
				"down": {"uv": [0, 0, 0, 0.5], "texture": "#0"}
			}
		},
		{
			"from": [15.75, 10.65, -4.5],
			"to": [15.75, 12.15, -2.5],
			"rotation": {"angle": -22.5, "axis": "y", "origin": [8, 18.4, 8.5]},
			"faces": {
				"north": {"uv": [0, 0, 0, 0.5], "texture": "#0"},
				"east": {"uv": [10.75, 11.5, 11.25, 12], "texture": "#0"},
				"south": {"uv": [0, 0, 0, 0.5], "texture": "#0"},
				"west": {"uv": [11.5, 1.5, 12, 2], "texture": "#0"},
				"up": {"uv": [0, 0.5, 0, 0], "texture": "#0"},
				"down": {"uv": [0, 0, 0, 0.5], "texture": "#0"}
			}
		},
		{
			"from": [1.25, 11.05, -4.5],
			"to": [1.25, 11.75, -2.5],
			"rotation": {"angle": 22.5, "axis": "y", "origin": [8, 18.4, 8.5]},
			"faces": {
				"north": {"uv": [0, 0, 0, 0.25], "texture": "#0"},
				"east": {"uv": [5.75, 12.75, 6.25, 13], "texture": "#0"},
				"south": {"uv": [0, 0, 0, 0.25], "texture": "#0"},
				"west": {"uv": [6.25, 12.75, 6.75, 13], "texture": "#0"},
				"up": {"uv": [0, 0.5, 0, 0], "texture": "#0"},
				"down": {"uv": [0, 0, 0, 0.5], "texture": "#0"}
			}
		},
		{
			"from": [14.75, 11.05, -4.5],
			"to": [14.75, 11.75, -2.5],
			"rotation": {"angle": -22.5, "axis": "y", "origin": [8, 18.4, 8.5]},
			"faces": {
				"north": {"uv": [0, 0, 0, 0.25], "texture": "#0"},
				"east": {"uv": [7.5, 12.75, 8, 13], "texture": "#0"},
				"south": {"uv": [0, 0, 0, 0.25], "texture": "#0"},
				"west": {"uv": [8, 12.75, 8.5, 13], "texture": "#0"},
				"up": {"uv": [0, 0.5, 0, 0], "texture": "#0"},
				"down": {"uv": [0, 0, 0, 0.5], "texture": "#0"}
			}
		},
		{
			"from": [14.5, 10.9, -1.5],
			"to": [15.5, 11.9, 0.5],
			"rotation": {"angle": -22.5, "axis": "y", "origin": [8, 18.4, 8.5]},
			"faces": {
				"north": {"uv": [9, 13, 9.25, 13.25], "texture": "#0"},
				"east": {"uv": [8.75, 12.75, 9.25, 13], "texture": "#0"},
				"south": {"uv": [9.25, 13, 9.5, 13.25], "texture": "#0"},
				"west": {"uv": [9.25, 12.75, 9.75, 13], "texture": "#0"},
				"up": {"uv": [7, 13.25, 6.75, 12.75], "texture": "#0"},
				"down": {"uv": [10, 12.75, 9.75, 13.25], "texture": "#0"}
			}
		},
		{
			"from": [14, 10.4, 0.5],
			"to": [16, 12.4, 7.5],
			"rotation": {"angle": -22.5, "axis": "y", "origin": [8, 18.4, 8.5]},
			"faces": {
				"north": {"uv": [11.5, 8, 12, 8.5], "texture": "#0"},
				"east": {"uv": [7.75, 6.5, 9.5, 7], "texture": "#0"},
				"south": {"uv": [11.5, 8.5, 12, 9], "texture": "#0"},
				"west": {"uv": [7.75, 7, 9.5, 7.5], "texture": "#0"},
				"up": {"uv": [9, 5.25, 8.5, 3.5], "texture": "#0"},
				"down": {"uv": [0.5, 9, 0, 10.75], "texture": "#0"}
			}
		},
		{
			"from": [4.25, 3, 6.25],
			"to": [5.75, 4.5, 7.5],
			"rotation": {"angle": 0, "axis": "y", "origin": [13, 10.5, 14]},
			"faces": {
				"north": {"uv": [11.5, 9, 12, 9.5], "texture": "#0"},
				"east": {"uv": [10, 12.75, 10.25, 13.25], "texture": "#0"},
				"south": {"uv": [11.5, 9.5, 12, 10], "texture": "#0"},
				"west": {"uv": [10.25, 12.75, 10.5, 13.25], "texture": "#0"},
				"up": {"uv": [11, 13, 10.5, 12.75], "texture": "#0"},
				"down": {"uv": [11.5, 12.75, 11, 13], "texture": "#0"}
			}
		},
		{
			"from": [10.25, 3, 6.25],
			"to": [11.75, 4.5, 7.5],
			"rotation": {"angle": 0, "axis": "y", "origin": [3, 10.5, 14]},
			"faces": {
				"north": {"uv": [2.5, 11.75, 3, 12.25], "texture": "#0"},
				"east": {"uv": [11.5, 12.75, 11.75, 13.25], "texture": "#0"},
				"south": {"uv": [3, 11.75, 3.5, 12.25], "texture": "#0"},
				"west": {"uv": [11.75, 12.75, 12, 13.25], "texture": "#0"},
				"up": {"uv": [12.5, 13, 12, 12.75], "texture": "#0"},
				"down": {"uv": [13, 12.75, 12.5, 13], "texture": "#0"}
			}
		},
		{
			"from": [2, 1.75, 6.25],
			"to": [6.25, 3, 7.5],
			"rotation": {"angle": 0, "axis": "y", "origin": [13, 9, 14]},
			"faces": {
				"north": {"uv": [11.25, 5, 12.25, 5.25], "texture": "#0"},
				"east": {"uv": [9.5, 13, 9.75, 13.25], "texture": "#0"},
				"south": {"uv": [11.25, 7.25, 12.25, 7.5], "texture": "#0"},
				"west": {"uv": [10.5, 13, 10.75, 13.25], "texture": "#0"},
				"up": {"uv": [12.25, 11.25, 11.25, 11], "texture": "#0"},
				"down": {"uv": [12.75, 11.75, 11.75, 12], "texture": "#0"}
			}
		},
		{
			"from": [9.75, 1.75, 6.25],
			"to": [14, 3, 7.5],
			"rotation": {"angle": 0, "axis": "y", "origin": [3, 9, 14]},
			"faces": {
				"north": {"uv": [11.75, 0, 12.75, 0.25], "texture": "#0"},
				"east": {"uv": [10.75, 13, 11, 13.25], "texture": "#0"},
				"south": {"uv": [11.75, 0.25, 12.75, 0.5], "texture": "#0"},
				"west": {"uv": [11, 13, 11.25, 13.25], "texture": "#0"},
				"up": {"uv": [12.75, 0.75, 11.75, 0.5], "texture": "#0"},
				"down": {"uv": [12.75, 0.75, 11.75, 1], "texture": "#0"}
			}
		},
		{
			"from": [-0.025, 0.25, 2.6],
			"to": [3.025, 1.25, 12.4],
			"rotation": {"angle": 0, "axis": "y", "origin": [10, 8.25, 10.4]},
			"faces": {
				"north": {"uv": [7.75, 7.5, 8.5, 7.75], "texture": "#0"},
				"east": {"uv": [2.5, 2.25, 5, 2.5], "texture": "#0"},
				"south": {"uv": [9, 5, 9.75, 5.25], "texture": "#0"},
				"west": {"uv": [8.5, 2.75, 11, 3], "texture": "#0"},
				"up": {"uv": [0.75, 9, 0, 6.5], "texture": "#0"},
				"down": {"uv": [1.5, 6.5, 0.75, 9], "texture": "#0"}
			}
		},
		{
			"from": [12.975, 0.25, 2.6],
			"to": [16.025, 1.25, 12.4],
			"rotation": {"angle": 0, "axis": "y", "origin": [6, 8.25, 10.4]},
			"faces": {
				"north": {"uv": [10.25, 2.5, 11, 2.75], "texture": "#0"},
				"east": {"uv": [8.5, 5.75, 11, 6], "texture": "#0"},
				"south": {"uv": [10.75, 8.75, 11.5, 9], "texture": "#0"},
				"west": {"uv": [9, 9, 11.5, 9.25], "texture": "#0"},
				"up": {"uv": [2.25, 9, 1.5, 6.5], "texture": "#0"},
				"down": {"uv": [5.5, 6.5, 4.75, 9], "texture": "#0"}
			}
		},
		{
			"from": [0, -6.25, 4.3],
			"to": [3, -5.25, 6.5],
			"rotation": {"angle": 45, "axis": "x", "origin": [10, 1.75, 12.4]},
			"faces": {
				"north": {"uv": [10, 12, 10.75, 12.25], "texture": "#0"},
				"east": {"uv": [12.75, 0, 13.25, 0.25], "texture": "#0"},
				"south": {"uv": [10.75, 12, 11.5, 12.25], "texture": "#0"},
				"west": {"uv": [12.75, 0.25, 13.25, 0.5], "texture": "#0"},
				"up": {"uv": [11.5, 2, 10.75, 1.5], "texture": "#0"},
				"down": {"uv": [11.5, 8.25, 10.75, 8.75], "texture": "#0"}
			}
		},
		{
			"from": [13, -6.25, 4.3],
			"to": [16, -5.25, 6.5],
			"rotation": {"angle": 45, "axis": "x", "origin": [6, 1.75, 12.4]},
			"faces": {
				"north": {"uv": [11.5, 12, 12.25, 12.25], "texture": "#0"},
				"east": {"uv": [12.75, 0.5, 13.25, 0.75], "texture": "#0"},
				"south": {"uv": [12, 1.5, 12.75, 1.75], "texture": "#0"},
				"west": {"uv": [12.75, 0.75, 13.25, 1], "texture": "#0"},
				"up": {"uv": [1.25, 11.5, 0.5, 11], "texture": "#0"},
				"down": {"uv": [2, 11, 1.25, 11.5], "texture": "#0"}
			}
		},
		{
			"from": [0.025, -1.125, 13.15],
			"to": [2.975, -0.125, 15.15],
			"rotation": {"angle": 45, "axis": "x", "origin": [10, 6.875, 21.15]},
			"faces": {
				"north": {"uv": [12, 1.75, 12.75, 2], "texture": "#0"},
				"east": {"uv": [12.75, 1.5, 13.25, 1.75], "texture": "#0"},
				"south": {"uv": [12, 8, 12.75, 8.25], "texture": "#0"},
				"west": {"uv": [12.75, 1.75, 13.25, 2], "texture": "#0"},
				"up": {"uv": [5.25, 11.5, 4.5, 11], "texture": "#0"},
				"down": {"uv": [6, 11, 5.25, 11.5], "texture": "#0"}
			}
		},
		{
			"from": [13.025, -1.125, 13.15],
			"to": [15.975, -0.125, 15.15],
			"rotation": {"angle": 45, "axis": "x", "origin": [6, 6.875, 21.15]},
			"faces": {
				"north": {"uv": [12, 8.25, 12.75, 8.5], "texture": "#0"},
				"east": {"uv": [12.75, 4.75, 13.25, 5], "texture": "#0"},
				"south": {"uv": [12, 8.5, 12.75, 8.75], "texture": "#0"},
				"west": {"uv": [12.75, 5, 13.25, 5.25], "texture": "#0"},
				"up": {"uv": [6.75, 11.5, 6, 11], "texture": "#0"},
				"down": {"uv": [8.5, 11, 7.75, 11.5], "texture": "#0"}
			}
		},
		{
			"from": [0, 5.75, 13.45],
			"to": [3, 9.5, 14.45],
			"rotation": {"angle": -22.5, "axis": "x", "origin": [10, 1.5, 21.45]},
			"faces": {
				"north": {"uv": [8.5, 1.75, 9.25, 2.75], "texture": "#0"},
				"east": {"uv": [6.5, 11.5, 6.75, 12.5], "texture": "#0"},
				"south": {"uv": [8.5, 7.5, 9.25, 8.5], "texture": "#0"},
				"west": {"uv": [9.5, 11.5, 9.75, 12.5], "texture": "#0"},
				"up": {"uv": [12.75, 9, 12, 8.75], "texture": "#0"},
				"down": {"uv": [12.75, 9, 12, 9.25], "texture": "#0"}
			}
		},
		{
			"from": [13, 5.75, 13.45],
			"to": [16, 9.5, 14.45],
			"rotation": {"angle": -22.5, "axis": "x", "origin": [6, 1.5, 21.45]},
			"faces": {
				"north": {"uv": [0.5, 9, 1.25, 10], "texture": "#0"},
				"east": {"uv": [3.5, 11.75, 3.75, 12.75], "texture": "#0"},
				"south": {"uv": [1.25, 9, 2, 10], "texture": "#0"},
				"west": {"uv": [3.75, 11.75, 4, 12.75], "texture": "#0"},
				"up": {"uv": [12.75, 9.5, 12, 9.25], "texture": "#0"},
				"down": {"uv": [12.75, 9.5, 12, 9.75], "texture": "#0"}
			}
		},
		{
			"from": [0, 4.1, 9.9],
			"to": [3, 5.1, 12.9],
			"rotation": {"angle": 22.5, "axis": "x", "origin": [10, 12.1, 17.9]},
			"faces": {
				"north": {"uv": [12, 9.75, 12.75, 10], "texture": "#0"},
				"east": {"uv": [2.5, 12.25, 3.25, 12.5], "texture": "#0"},
				"south": {"uv": [10, 12.25, 10.75, 12.5], "texture": "#0"},
				"west": {"uv": [10.75, 12.25, 11.5, 12.5], "texture": "#0"},
				"up": {"uv": [10, 9, 9.25, 8.25], "texture": "#0"},
				"down": {"uv": [2.75, 9.5, 2, 10.25], "texture": "#0"}
			}
		},
		{
			"from": [13, 4.1, 9.9],
			"to": [16, 5.1, 12.9],
			"rotation": {"angle": 22.5, "axis": "x", "origin": [6, 12.1, 17.9]},
			"faces": {
				"north": {"uv": [11.5, 12.25, 12.25, 12.5], "texture": "#0"},
				"east": {"uv": [12.25, 12.25, 13, 12.5], "texture": "#0"},
				"south": {"uv": [12.25, 1, 13, 1.25], "texture": "#0"},
				"west": {"uv": [12.25, 1.25, 13, 1.5], "texture": "#0"},
				"up": {"uv": [3.5, 10.25, 2.75, 9.5], "texture": "#0"},
				"down": {"uv": [4.25, 9.5, 3.5, 10.25], "texture": "#0"}
			}
		},
		{
			"from": [0.025, -0.75, -1.85],
			"to": [2.975, 1.25, -0.85],
			"rotation": {"angle": 22.5, "axis": "x", "origin": [10, -6.75, 6.15]},
			"faces": {
				"north": {"uv": [8.5, 11, 9.25, 11.5], "texture": "#0"},
				"east": {"uv": [12.75, 5.25, 13, 5.75], "texture": "#0"},
				"south": {"uv": [11, 0, 11.75, 0.5], "texture": "#0"},
				"west": {"uv": [12.75, 8, 13, 8.5], "texture": "#0"},
				"up": {"uv": [13, 2.25, 12.25, 2], "texture": "#0"},
				"down": {"uv": [13, 2.25, 12.25, 2.5], "texture": "#0"}
			}
		},
		{
			"from": [13.025, -0.75, -1.85],
			"to": [15.975, 1.25, -0.85],
			"rotation": {"angle": 22.5, "axis": "x", "origin": [6, -6.75, 6.15]},
			"faces": {
				"north": {"uv": [11, 0.5, 11.75, 1], "texture": "#0"},
				"east": {"uv": [12.75, 8.5, 13, 9], "texture": "#0"},
				"south": {"uv": [11, 1, 11.75, 1.5], "texture": "#0"},
				"west": {"uv": [12.75, 9, 13, 9.5], "texture": "#0"},
				"up": {"uv": [13, 2.75, 12.25, 2.5], "texture": "#0"},
				"down": {"uv": [13, 2.75, 12.25, 3], "texture": "#0"}
			}
		},
		{
			"from": [0.025, -1.9, 8.55],
			"to": [2.975, 0.7, 9.55],
			"rotation": {"angle": 22.5, "axis": "x", "origin": [10, -7.9, 16.55]},
			"faces": {
				"north": {"uv": [4.25, 9.5, 5, 10.25], "texture": "#0"},
				"east": {"uv": [3.25, 12.25, 3.5, 13], "texture": "#0"},
				"south": {"uv": [5, 9.5, 5.75, 10.25], "texture": "#0"},
				"west": {"uv": [12.25, 3, 12.5, 3.75], "texture": "#0"},
				"up": {"uv": [13, 4, 12.25, 3.75], "texture": "#0"},
				"down": {"uv": [13, 4, 12.25, 4.25], "texture": "#0"}
			}
		},
		{
			"from": [13.025, -1.9, 8.55],
			"to": [15.975, 0.7, 9.55],
			"rotation": {"angle": 22.5, "axis": "x", "origin": [6, -7.9, 16.55]},
			"faces": {
				"north": {"uv": [9.5, 6, 10.25, 6.75], "texture": "#0"},
				"east": {"uv": [12.25, 4.25, 12.5, 5], "texture": "#0"},
				"south": {"uv": [9.5, 6.75, 10.25, 7.5], "texture": "#0"},
				"west": {"uv": [12.25, 5, 12.5, 5.75], "texture": "#0"},
				"up": {"uv": [13, 6, 12.25, 5.75], "texture": "#0"},
				"down": {"uv": [13, 6, 12.25, 6.25], "texture": "#0"}
			}
		},
		{
			"from": [0, -0.25, -4.8],
			"to": [3, 5.75, -3.8],
			"rotation": {"angle": 45, "axis": "x", "origin": [10, -6.25, 3.2]},
			"faces": {
				"north": {"uv": [7.25, 3.5, 8, 5], "texture": "#0"},
				"east": {"uv": [6.75, 11, 7, 12.5], "texture": "#0"},
				"south": {"uv": [5.5, 7.5, 6.25, 9], "texture": "#0"},
				"west": {"uv": [7, 11, 7.25, 12.5], "texture": "#0"},
				"up": {"uv": [13, 6.5, 12.25, 6.25], "texture": "#0"},
				"down": {"uv": [13, 6.5, 12.25, 6.75], "texture": "#0"}
			}
		},
		{
			"from": [13, -0.25, -4.8],
			"to": [16, 5.75, -3.8],
			"rotation": {"angle": 45, "axis": "x", "origin": [6, -6.25, 3.2]},
			"faces": {
				"north": {"uv": [6.25, 7.5, 7, 9], "texture": "#0"},
				"east": {"uv": [9.25, 11, 9.5, 12.5], "texture": "#0"},
				"south": {"uv": [7, 7.5, 7.75, 9], "texture": "#0"},
				"west": {"uv": [11, 2, 11.25, 3.5], "texture": "#0"},
				"up": {"uv": [13, 7, 12.25, 6.75], "texture": "#0"},
				"down": {"uv": [13, 7, 12.25, 7.25], "texture": "#0"}
			}
		},
		{
			"from": [0.025, 5.2, 9.5],
			"to": [2.975, 6.2, 11.5],
			"rotation": {"angle": -22.5, "axis": "x", "origin": [10, -1.8, 3.5]},
			"faces": {
				"north": {"uv": [12.25, 7.25, 13, 7.5], "texture": "#0"},
				"east": {"uv": [12.75, 9.5, 13.25, 9.75], "texture": "#0"},
				"south": {"uv": [12.25, 7.5, 13, 7.75], "texture": "#0"},
				"west": {"uv": [12.75, 9.75, 13.25, 10], "texture": "#0"},
				"up": {"uv": [11.75, 4, 11, 3.5], "texture": "#0"},
				"down": {"uv": [11.75, 4, 11, 4.5], "texture": "#0"}
			}
		},
		{
			"from": [13.025, 5.2, 9.5],
			"to": [15.975, 6.2, 11.5],
			"rotation": {"angle": -22.5, "axis": "x", "origin": [6, -1.8, 3.5]},
			"faces": {
				"north": {"uv": [12.25, 7.75, 13, 8], "texture": "#0"},
				"east": {"uv": [12.75, 10.75, 13.25, 11], "texture": "#0"},
				"south": {"uv": [12.25, 10, 13, 10.25], "texture": "#0"},
				"west": {"uv": [12.75, 11, 13.25, 11.25], "texture": "#0"},
				"up": {"uv": [11.75, 5.75, 11, 5.25], "texture": "#0"},
				"down": {"uv": [11.75, 7.5, 11, 8], "texture": "#0"}
			}
		},
		{
			"from": [0.5, 1.25, 7.9],
			"to": [2.5, 4.75, 11.4],
			"rotation": {"angle": 0, "axis": "y", "origin": [8, 9.25, 18.4]},
			"faces": {
				"north": {"uv": [9.75, 4.5, 10.25, 5.5], "texture": "#0"},
				"east": {"uv": [7.5, 0, 8.5, 1], "texture": "#0"},
				"south": {"uv": [0.5, 10, 1, 11], "texture": "#0"},
				"west": {"uv": [7.5, 1, 8.5, 2], "texture": "#0"},
				"up": {"uv": [1.5, 11, 1, 10], "texture": "#0"},
				"down": {"uv": [2, 10, 1.5, 11], "texture": "#0"}
			}
		},
		{
			"from": [13.5, 1.25, 7.9],
			"to": [15.5, 4.75, 11.4],
			"rotation": {"angle": 0, "axis": "y", "origin": [8, 9.25, 18.4]},
			"faces": {
				"north": {"uv": [8, 10, 8.5, 11], "texture": "#0"},
				"east": {"uv": [7.5, 2, 8.5, 3], "texture": "#0"},
				"south": {"uv": [9, 10, 9.5, 11], "texture": "#0"},
				"west": {"uv": [7.5, 5, 8.5, 6], "texture": "#0"},
				"up": {"uv": [10.5, 8.5, 10, 7.5], "texture": "#0"},
				"down": {"uv": [2.5, 10.25, 2, 11.25], "texture": "#0"}
			}
		},
		{
			"from": [0.5, 1.25, 2.9],
			"to": [2.5, 3.75, 5.4],
			"rotation": {"angle": 0, "axis": "y", "origin": [8, 9.25, 13.4]},
			"faces": {
				"north": {"uv": [11, 9.25, 11.5, 10], "texture": "#0"},
				"east": {"uv": [7.25, 9.75, 8, 10.5], "texture": "#0"},
				"south": {"uv": [2, 11.25, 2.5, 12], "texture": "#0"},
				"west": {"uv": [9.75, 9.75, 10.5, 10.5], "texture": "#0"},
				"up": {"uv": [7.75, 12, 7.25, 11.25], "texture": "#0"},
				"down": {"uv": [10.25, 11.25, 9.75, 12], "texture": "#0"}
			}
		},
		{
			"from": [13.5, 1.25, 2.9],
			"to": [15.5, 3.75, 5.4],
			"rotation": {"angle": 0, "axis": "y", "origin": [8, 9.25, 13.4]},
			"faces": {
				"north": {"uv": [10.25, 11.25, 10.75, 12], "texture": "#0"},
				"east": {"uv": [9.75, 0, 10.5, 0.75], "texture": "#0"},
				"south": {"uv": [11.25, 11.25, 11.75, 12], "texture": "#0"},
				"west": {"uv": [9.75, 0.75, 10.5, 1.5], "texture": "#0"},
				"up": {"uv": [11.75, 2.75, 11.25, 2], "texture": "#0"},
				"down": {"uv": [11.75, 2.75, 11.25, 3.5], "texture": "#0"}
			}
		},
		{
			"from": [0.5, 6, 7.4],
			"to": [2.5, 7.75, 9.4],
			"rotation": {"angle": 0, "axis": "y", "origin": [8, 13.5, 17.4]},
			"faces": {
				"north": {"uv": [11.75, 1, 12.25, 1.5], "texture": "#0"},
				"east": {"uv": [11.75, 2, 12.25, 2.5], "texture": "#0"},
				"south": {"uv": [11.75, 2.5, 12.25, 3], "texture": "#0"},
				"west": {"uv": [11.75, 3, 12.25, 3.5], "texture": "#0"},
				"up": {"uv": [12.25, 4, 11.75, 3.5], "texture": "#0"},
				"down": {"uv": [12.25, 4, 11.75, 4.5], "texture": "#0"}
			}
		},
		{
			"from": [13.5, 6, 7.4],
			"to": [15.5, 7.75, 9.4],
			"rotation": {"angle": 0, "axis": "y", "origin": [8, 13.5, 17.4]},
			"faces": {
				"north": {"uv": [11.75, 4.5, 12.25, 5], "texture": "#0"},
				"east": {"uv": [11.75, 5.25, 12.25, 5.75], "texture": "#0"},
				"south": {"uv": [11.75, 5.75, 12.25, 6.25], "texture": "#0"},
				"west": {"uv": [11.75, 6.25, 12.25, 6.75], "texture": "#0"},
				"up": {"uv": [12.25, 7.25, 11.75, 6.75], "texture": "#0"},
				"down": {"uv": [12.25, 7.5, 11.75, 8], "texture": "#0"}
			}
		},
		{
			"from": [0.5, 4.75, 4.9],
			"to": [2.5, 6.25, 6.4],
			"rotation": {"angle": 0, "axis": "y", "origin": [8, 11.75, 14.4]},
			"faces": {
				"north": {"uv": [11.75, 10, 12.25, 10.5], "texture": "#0"},
				"east": {"uv": [11.75, 10.5, 12.25, 11], "texture": "#0"},
				"south": {"uv": [11.75, 11.25, 12.25, 11.75], "texture": "#0"},
				"west": {"uv": [0, 12, 0.5, 12.5], "texture": "#0"},
				"up": {"uv": [1, 12.5, 0.5, 12], "texture": "#0"},
				"down": {"uv": [1.5, 12, 1, 12.5], "texture": "#0"}
			}
		},
		{
			"from": [13.5, 4.75, 4.9],
			"to": [15.5, 6.25, 6.4],
			"rotation": {"angle": 0, "axis": "y", "origin": [8, 11.75, 14.4]},
			"faces": {
				"north": {"uv": [1.5, 12, 2, 12.5], "texture": "#0"},
				"east": {"uv": [2, 12, 2.5, 12.5], "texture": "#0"},
				"south": {"uv": [4, 12, 4.5, 12.5], "texture": "#0"},
				"west": {"uv": [4.5, 12, 5, 12.5], "texture": "#0"},
				"up": {"uv": [5.5, 12.5, 5, 12], "texture": "#0"},
				"down": {"uv": [6, 12, 5.5, 12.5], "texture": "#0"}
			}
		},
		{
			"from": [1, 1.95, 5.4],
			"to": [2, 2.95, 8.4],
			"rotation": {"angle": 0, "axis": "y", "origin": [9, 9.95, 13.4]},
			"faces": {
				"north": {"uv": [11.25, 13, 11.5, 13.25], "texture": "#0"},
				"east": {"uv": [12.25, 10.25, 13, 10.5], "texture": "#0"},
				"south": {"uv": [12, 13, 12.25, 13.25], "texture": "#0"},
				"west": {"uv": [12.25, 10.5, 13, 10.75], "texture": "#0"},
				"up": {"uv": [12.5, 11.5, 12.25, 10.75], "texture": "#0"},
				"down": {"uv": [0.25, 12.5, 0, 13.25], "texture": "#0"}
			}
		},
		{
			"from": [14, 1.95, 5.4],
			"to": [15, 2.95, 8.4],
			"rotation": {"angle": 0, "axis": "y", "origin": [7, 9.95, 13.4]},
			"faces": {
				"north": {"uv": [12.25, 13, 12.5, 13.25], "texture": "#0"},
				"east": {"uv": [12.25, 11.5, 13, 11.75], "texture": "#0"},
				"south": {"uv": [12.5, 13, 12.75, 13.25], "texture": "#0"},
				"west": {"uv": [12.25, 12, 13, 12.25], "texture": "#0"},
				"up": {"uv": [0.5, 13.25, 0.25, 12.5], "texture": "#0"},
				"down": {"uv": [0.75, 12.5, 0.5, 13.25], "texture": "#0"}
			}
		},
		{
			"from": [1.25, 2.95, 6.65],
			"to": [1.75, 5.95, 7.15],
			"rotation": {"angle": 0, "axis": "y", "origin": [9, 9.95, 13.4]},
			"faces": {
				"north": {"uv": [0.75, 12.5, 1, 13.25], "texture": "#0"},
				"east": {"uv": [1, 12.5, 1.25, 13.25], "texture": "#0"},
				"south": {"uv": [1.25, 12.5, 1.5, 13.25], "texture": "#0"},
				"west": {"uv": [1.5, 12.5, 1.75, 13.25], "texture": "#0"},
				"up": {"uv": [13, 13.25, 12.75, 13], "texture": "#0"},
				"down": {"uv": [13.25, 13, 13, 13.25], "texture": "#0"}
			}
		},
		{
			"from": [14.25, 2.95, 6.65],
			"to": [14.75, 5.95, 7.15],
			"rotation": {"angle": 0, "axis": "y", "origin": [7, 9.95, 13.4]},
			"faces": {
				"north": {"uv": [1.75, 12.5, 2, 13.25], "texture": "#0"},
				"east": {"uv": [2, 12.5, 2.25, 13.25], "texture": "#0"},
				"south": {"uv": [2.25, 12.5, 2.5, 13.25], "texture": "#0"},
				"west": {"uv": [2.5, 12.5, 2.75, 13.25], "texture": "#0"},
				"up": {"uv": [13.25, 1.25, 13, 1], "texture": "#0"},
				"down": {"uv": [13.25, 1.25, 13, 1.5], "texture": "#0"}
			}
		},
		{
			"from": [1, 8.2, -1.6],
			"to": [2, 9.2, 1.4],
			"rotation": {"angle": -45, "axis": "x", "origin": [9, 16.2, 6.4]},
			"faces": {
				"north": {"uv": [13, 2, 13.25, 2.25], "texture": "#0"},
				"east": {"uv": [4, 12.5, 4.75, 12.75], "texture": "#0"},
				"south": {"uv": [13, 2.25, 13.25, 2.5], "texture": "#0"},
				"west": {"uv": [4.75, 12.5, 5.5, 12.75], "texture": "#0"},
				"up": {"uv": [3, 13.25, 2.75, 12.5], "texture": "#0"},
				"down": {"uv": [3.25, 12.5, 3, 13.25], "texture": "#0"}
			}
		},
		{
			"from": [14, 8.2, -1.6],
			"to": [15, 9.2, 1.4],
			"rotation": {"angle": -45, "axis": "x", "origin": [7, 16.2, 6.4]},
			"faces": {
				"north": {"uv": [13, 2.5, 13.25, 2.75], "texture": "#0"},
				"east": {"uv": [5.5, 12.5, 6.25, 12.75], "texture": "#0"},
				"south": {"uv": [13, 2.75, 13.25, 3], "texture": "#0"},
				"west": {"uv": [6.25, 12.5, 7, 12.75], "texture": "#0"},
				"up": {"uv": [7.25, 13.25, 7, 12.5], "texture": "#0"},
				"down": {"uv": [7.5, 12.5, 7.25, 13.25], "texture": "#0"}
			}
		},
		{
			"from": [9.25, 19.7, 1.75],
			"to": [10.75, 21.2, 2],
			"rotation": {"angle": 0, "axis": "z", "origin": [2.25, 28.7, 9]},
			"faces": {
				"north": {"uv": [6, 12, 6.5, 12.5], "texture": "#0"},
				"east": {"uv": [3.25, 13, 3.5, 13.5], "texture": "#0"},
				"south": {"uv": [7.25, 12, 7.75, 12.5], "texture": "#0"},
				"west": {"uv": [3.75, 13, 4, 13.5], "texture": "#0"},
				"up": {"uv": [13.25, 12, 12.75, 11.75], "texture": "#0"},
				"down": {"uv": [5.25, 13, 4.75, 13.25], "texture": "#0"}
			}
		},
		{
			"from": [5.25, 19.7, 1.75],
			"to": [6.75, 21.2, 2],
			"rotation": {"angle": 0, "axis": "z", "origin": [13.75, 28.7, 9]},
			"faces": {
				"north": {"uv": [7.75, 12, 8.25, 12.5], "texture": "#0"},
				"east": {"uv": [4, 13, 4.25, 13.5], "texture": "#0"},
				"south": {"uv": [8.25, 12, 8.75, 12.5], "texture": "#0"},
				"west": {"uv": [5.25, 13, 5.5, 13.5], "texture": "#0"},
				"up": {"uv": [6, 13.25, 5.5, 13], "texture": "#0"},
				"down": {"uv": [6.5, 13, 6, 13.25], "texture": "#0"}
			}
		}
	],
	"display": {
		"thirdperson_righthand": {
			"rotation": [67, 0, 0],
			"scale": [0.7, 0.7, 0.7]
		},
		"thirdperson_lefthand": {
			"rotation": [67, 0, 0],
			"scale": [0.7, 0.7, 0.7]
		},
		"firstperson_righthand": {
			"rotation": [0, -180, -20.25],
			"translation": [0, 0, -2],
			"scale": [0.7, 0.7, 0.7]
		},
		"firstperson_lefthand": {
			"rotation": [0, -180, -20.25],
			"translation": [0, 0, -2],
			"scale": [0.7, 0.7, 0.7]
		},
		"ground": {
			"translation": [0, 3, 0]
		},
		"gui": {
			"rotation": [0, -158.25, 0],
			"translation": [-1, -2.25, 0],
			"scale": [0.8, 0.8, 0.8]
		},
		"head": {
			"translation": [0, -31.75, 0],
			"scale": [1.5, 1.5, 1.5]
		},
		"fixed": {
			"translation": [0, -2.75, -1.5]
		}
	},
	"groups": [
		{
			"name": "main",
			"origin": [8, 8, 8],
			"children": [0, 1, 2, 3, 4, 5, 6, 7, 8, 9, 10, 11, 12, 13, 14, 15, 16, 17, 18, 19, 20, 21, 22, 23, 24, 25, 26, 27, 28, 29, 30, 31, 32, 33, 34, 35, 36, 37, 38, 39, 40, 41, 42, 43, 44, 45, 46, 47, 48, 49, 50, 51, 52, 53, 54, 55, 56, 57, 58, 59, 60, 61, 62, 63, 64, 65, 66, 67, 68]
		}
	]
}