{
	"credit": "Made with Blockbench",
	"texture_size": [64, 64],
	"textures": {
		"0": "furniture/collectibles/bb8",
		"particle": "furniture/collectibles/bb8"
	},
	"elements": [
		{
			"from": [13, 4, 5],
			"to": [14, 10, 11],
			"rotation": {"angle": 0, "axis": "y", "origin": [12, 10, 11]},
			"faces": {
				"north": {"uv": [8.25, 4.5, 8.5, 6], "texture": "#0"},
				"east": {"uv": [5, 1.75, 6.5, 3.25], "texture": "#0"},
				"south": {"uv": [8.5, 4.5, 8.75, 6], "texture": "#0"},
				"west": {"uv": [5, 3.25, 6.5, 4.75], "texture": "#0"},
				"up": {"uv": [9, 6, 8.75, 4.5], "texture": "#0"},
				"down": {"uv": [0.25, 9, 0, 10.5], "texture": "#0"}
			}
		},
		{
			"from": [5, 4, 13],
			"to": [11, 10, 14],
			"rotation": {"angle": 0, "axis": "y", "origin": [11, 10, 12]},
			"faces": {
				"north": {"uv": [6.5, 1.75, 8, 3.25], "texture": "#0"},
				"east": {"uv": [0.25, 9, 0.5, 10.5], "texture": "#0"},
				"south": {"uv": [6.5, 3.25, 8, 4.75], "texture": "#0"},
				"west": {"uv": [0.5, 9, 0.75, 10.5], "texture": "#0"},
				"up": {"uv": [6.5, 5, 5, 4.75], "texture": "#0"},
				"down": {"uv": [9.5, 7.25, 8, 7.5], "texture": "#0"}
			}
		},
		{
			"from": [3, 2, 3],
			"to": [13, 12, 13],
			"rotation": {"angle": 0, "axis": "y", "origin": [11, 10, 11]},
			"faces": {
				"north": {"uv": [0, 0, 2.5, 2.5], "texture": "#0"},
				"east": {"uv": [0, 2.5, 2.5, 5], "texture": "#0"},
				"south": {"uv": [2.5, 2.5, 5, 5], "texture": "#0"},
				"west": {"uv": [2.5, 0, 5, 2.5], "texture": "#0"},
				"up": {"uv": [2.5, 7.5, 0, 5], "texture": "#0"},
				"down": {"uv": [5, 5, 2.5, 7.5], "texture": "#0"}
			}
		},
		{
			"from": [5, 1, 5],
			"to": [11, 2, 11],
			"rotation": {"angle": 0, "axis": "y", "origin": [11, 9, 11]},
			"faces": {
				"north": {"uv": [8, 7.5, 9.5, 7.75], "texture": "#0"},
				"east": {"uv": [8, 7.75, 9.5, 8], "texture": "#0"},
				"south": {"uv": [8.25, 1, 9.75, 1.25], "texture": "#0"},
				"west": {"uv": [8.25, 1.25, 9.75, 1.5], "texture": "#0"},
				"up": {"uv": [6.5, 8.25, 5, 6.75], "texture": "#0"},
				"down": {"uv": [8, 6.75, 6.5, 8.25], "texture": "#0"}
			}
		},
		{
			"from": [5, 12, 5],
			"to": [11, 12.5, 11],
			"rotation": {"angle": 0, "axis": "y", "origin": [11, 20, 11]},
			"faces": {
				"north": {"uv": [8.25, 6, 9.75, 6.25], "texture": "#0"},
				"east": {"uv": [0.75, 9, 2.25, 9.25], "texture": "#0"},
				"south": {"uv": [2.25, 9, 3.75, 9.25], "texture": "#0"},
				"west": {"uv": [9, 4.5, 10.5, 4.75], "texture": "#0"},
				"up": {"uv": [8.25, 1.5, 6.75, 0], "texture": "#0"},
				"down": {"uv": [8.25, 4.75, 6.75, 6.25], "texture": "#0"}
			}
		},
		{
			"from": [4.5, 12.5, 4.5],
			"to": [11.5, 16.5, 11.5],
			"rotation": {"angle": 0, "axis": "y", "origin": [11, 20.5, 11]},
			"faces": {
				"north": {"uv": [8, 6.25, 9.75, 7.25], "texture": "#0"},
				"east": {"uv": [4.5, 8.25, 6.25, 9.25], "texture": "#0"},
				"south": {"uv": [6.25, 8.25, 8, 9.25], "texture": "#0"},
				"west": {"uv": [8.25, 0, 10, 1], "texture": "#0"},
				"up": {"uv": [6.75, 6.75, 5, 5], "texture": "#0"},
				"down": {"uv": [6.75, 0, 5, 1.75], "texture": "#0"}
			}
		},
		{
			"from": [7.75, 17.5, 7.75],
			"to": [8.25, 19.5, 8.25],
			"rotation": {"angle": 0, "axis": "y", "origin": [11, 25.5, 11]},
			"faces": {
				"north": {"uv": [4.5, 7.5, 4.75, 8], "texture": "#0"},
				"east": {"uv": [4.75, 7.5, 5, 8], "texture": "#0"},
				"south": {"uv": [7.75, 6.25, 8, 6.75], "texture": "#0"},
				"west": {"uv": [4.75, 9.25, 5, 9.75], "texture": "#0"},
				"up": {"uv": [6.75, 5, 6.5, 4.75], "texture": "#0"},
				"down": {"uv": [8, 1.5, 7.75, 1.75], "texture": "#0"}
			}
		},
		{
			"from": [6.75, 16.5, 10.75],
			"to": [7.25, 21.5, 11.25],
			"rotation": {"angle": 0, "axis": "y", "origin": [10, 25.5, 14]},
			"faces": {
				"north": {"uv": [3, 9.25, 3.25, 10.5], "texture": "#0"},
				"east": {"uv": [3.25, 9.25, 3.5, 10.5], "texture": "#0"},
				"south": {"uv": [3.5, 9.25, 3.75, 10.5], "texture": "#0"},
				"west": {"uv": [4.5, 9.25, 4.75, 10.5], "texture": "#0"},
				"up": {"uv": [4.75, 8.25, 4.5, 8], "texture": "#0"},
				"down": {"uv": [5, 8, 4.75, 8.25], "texture": "#0"}
			}
		},
		{
			"from": [5, 16.5, 5],
			"to": [11, 17.5, 11],
			"rotation": {"angle": 0, "axis": "y", "origin": [11, 24.5, 11]},
			"faces": {
				"north": {"uv": [9, 4.75, 10.5, 5], "texture": "#0"},
				"east": {"uv": [9, 5, 10.5, 5.25], "texture": "#0"},
				"south": {"uv": [9, 5.25, 10.5, 5.5], "texture": "#0"},
				"west": {"uv": [9, 5.5, 10.5, 5.75], "texture": "#0"},
				"up": {"uv": [1.5, 9, 0, 7.5], "texture": "#0"},
				"down": {"uv": [3, 7.5, 1.5, 9], "texture": "#0"}
			}
		},
		{
			"from": [2, 4, 5],
			"to": [3, 10, 11],
			"rotation": {"angle": 0, "axis": "y", "origin": [10, 10, 11]},
			"faces": {
				"north": {"uv": [3.75, 9, 4, 10.5], "texture": "#0"},
				"east": {"uv": [3, 7.5, 4.5, 9], "texture": "#0"},
				"south": {"uv": [4, 9, 4.25, 10.5], "texture": "#0"},
				"west": {"uv": [8, 8, 9.5, 9.5], "texture": "#0"},
				"up": {"uv": [4.5, 10.5, 4.25, 9], "texture": "#0"},
				"down": {"uv": [1, 9.25, 0.75, 10.75], "texture": "#0"}
			}
		},
		{
			"from": [5, 4, 2],
			"to": [11, 10, 3],
			"rotation": {"angle": 0, "axis": "y", "origin": [11, 10, 10]},
			"faces": {
				"north": {"uv": [8, 1.5, 9.5, 3], "texture": "#0"},
				"east": {"uv": [1, 9.25, 1.25, 10.75], "texture": "#0"},
				"south": {"uv": [8, 3, 9.5, 4.5], "texture": "#0"},
				"west": {"uv": [1.25, 9.25, 1.5, 10.75], "texture": "#0"},
				"up": {"uv": [10.5, 6, 9, 5.75], "texture": "#0"},
				"down": {"uv": [3, 9.25, 1.5, 9.5], "texture": "#0"}
			}
		},
		{
			"from": [7, 13.5, 4],
			"to": [9, 15.5, 4.75],
			"rotation": {"angle": 0, "axis": "y", "origin": [15, 21.5, 12]},
			"faces": {
				"north": {"uv": [6.75, 6.25, 7.25, 6.75], "texture": "#0"},
				"east": {"uv": [5, 9.25, 5.25, 9.75], "texture": "#0"},
				"south": {"uv": [7.25, 6.25, 7.75, 6.75], "texture": "#0"},
				"west": {"uv": [5.25, 9.25, 5.5, 9.75], "texture": "#0"},
				"up": {"uv": [7.25, 1.75, 6.75, 1.5], "texture": "#0"},
				"down": {"uv": [7.75, 1.5, 7.25, 1.75], "texture": "#0"}
			}
		},
		{
			"from": [5, 13.5, 4],
			"to": [6, 14.5, 4.75],
			"rotation": {"angle": 0, "axis": "y", "origin": [12, 20.5, 12]},
			"faces": {
				"north": {"uv": [8, 4.5, 8.25, 4.75], "texture": "#0"},
				"east": {"uv": [5.5, 9.25, 5.75, 9.5], "texture": "#0"},
				"south": {"uv": [5.75, 9.25, 6, 9.5], "texture": "#0"},
				"west": {"uv": [6, 9.25, 6.25, 9.5], "texture": "#0"},
				"up": {"uv": [6.5, 9.5, 6.25, 9.25], "texture": "#0"},
				"down": {"uv": [6.75, 9.25, 6.5, 9.5], "texture": "#0"}
			}
		}
	],
	"display": {
		"thirdperson_righthand": {
			"rotation": [67, 0, 0]
		},
		"thirdperson_lefthand": {
			"rotation": [67, 0, 0]
		},
		"firstperson_righthand": {
			"rotation": [0, 150, 0]
		},
		"firstperson_lefthand": {
			"rotation": [0, 150, 0]
		},
		"ground": {
			"translation": [0, 3, 0]
		},
		"gui": {
			"rotation": [0, -170, 0],
			"translation": [0, -1.75, 0],
			"scale": [0.9, 0.9, 0.9]
		},
		"head": {
			"translation": [0, -29.25, 0],
			"scale": [2, 2, 2]
		},
		"fixed": {
			"translation": [0, -1.75, -0.75]
		}
	},
	"groups": [
		{
			"name": "group",
			"origin": [11, 10, 10],
			"children": [0, 1, 2, 3, 4, 5, 6, 7, 8, 9, 10, 11, 12]
		}
	]
}